#VRML V2.0 utf8
# 3D model generated by kicad-lcsc-manager
# Based on easyeda2kicad.py v1.0.1

Shape{
    appearance Appearance {
        material  Material {
            diffuseColor 0.9490196078431372 0.7607843137254902 0.1803921568627451
            specularColor 0.7607843137254902 0.6078431372549019 0.1450980392156863
            ambientIntensity 0.7509
            transparency 0.0
            shininess 0.5
        }
    }
    geometry IndexedFaceSet {
        ccw TRUE
        solid FALSE
        coord DEF co Coordinate {
            point [
                8.6378 0.0466 -0.4515, 8.6378 0.0455 -0.4418, 8.6378 -0.0273 -0.4728, 8.6378 0.0574 -0.4514, 8.6378 0.0566 -0.4632, 8.6378 0.0562 -0.4938, 8.6378 -0.0338 -0.4179, 8.6378 -0.026 -0.4105, 8.6378 -0.0422 -0.393, 8.6378 -0.0428 -0.4417, 8.6378 -0.0422 -0.3425, 8.6378 0.0451 -0.4635, 8.6378 -0.0263 -0.4746, 8.6378 0.0403 -0.4746, 8.6378 0.0022 -0.5418, 8.6378 -0.0428 -0.5562, 8.6378 0.013 -0.5418, 8.6378 0.0454 -0.5442, 8.6378 0.013 -0.507, 8.6378 0.0454 -0.507, 8.6378 0.1378 0.1969, 8.6378 0.0562 -0.3425, 8.6378 0.0562 -0.3557, 8.6378 0.0303 -0.4066, 8.6378 0.0395 -0.4123, 8.6378 0.048 -0.4212, 8.6378 0.0534 -0.4306, 8.6378 -0.0314 -0.393, 8.6378 -0.0167 -0.4053, 8.6378 -0.0314 -0.3557, 8.6378 0.0562 -0.5442, 8.6378 0.1378 -0.5562, 8.6378 0.0566 -0.4415, 8.6378 0.0535 -0.4746, 8.6378 -0.0422 -0.4938, 8.6378 -0.0371 -0.4746, 8.6378 -0.0422 -0.4354, 8.6378 -0.0389 -0.4258, 8.6378 0.0429 -0.4345, 8.6378 0.0383 -0.4277, 8.6378 0.0317 -0.4217, 8.6378 0.0059 -0.4146, 8.6378 -0.0047 -0.4156, 8.6378 -0.0132 -0.4182, 8.6378 -0.0316 -0.4401, 8.6378 -0.0326 -0.4493, 8.6378 -0.0289 -0.433, 8.6378 -0.0249 -0.4269, 8.6378 -0.02 -0.4223, 8.6378 -0.0312 -0.4624, 8.6378 -0.0063 -0.4023, 8.6378 0.0051 -0.4014, 8.6378 0.0191 -0.4028, 8.6378 0.0241 -0.4177, 8.6378 0.0136 -0.415, 8.6378 0.0022 -0.507, 8.6378 -0.0314 -0.507, 8.6378 -0.0314 -0.5466, 8.6378 -0.0422 -0.5466, 8.6378 -0.0428 -0.4541, 8.6378 -0.0434 -0.4502, 8.6378 -0.1378 -0.5562, 8.6378 -0.0434 -0.4475, 8.6378 -0.0428 0.1969, 8.6378 -0.1378 0.1969, 8.6378 0.0562 -0.6894, 8.6378 0.0562 -0.7026, 8.6378 -0.0422 -0.5926, 8.6378 -0.0422 -0.5658, 8.6378 0.0562 -0.5658, 8.6378 -0.0422 -0.7266, 8.6378 -0.0422 -0.741, 8.6378 -0.0428 -1.0236, 8.6378 0.1378 -1.0236, 8.6378 0.0562 -0.5936, 8.6378 0.0547 -0.6078, 8.6378 0.0506 -0.6193, 8.6378 0.0435 -0.63, 8.6378 -0.0422 -0.6522, 8.6378 -0.0152 -0.6401, 8.6378 -0.024 -0.6345, 8.6378 0.0434 -0.6301, 8.6378 0.0357 -0.6371, 8.6378 0.0272 -0.6417, 8.6378 -0.0318 -0.6264, 8.6378 -0.0378 -0.6161, 8.6378 -0.0412 -0.6047, 8.6378 -0.0422 -0.6666, 8.6378 -0.0146 -0.676, 8.6378 -0.0146 -0.7167, 8.6378 0.0175 -0.6443, 8.6378 0.0082 -0.645, 8.6378 -0.0049 -0.6436, 8.6378 -0.0414 -0.4641, 8.6378 -0.1378 -1.0236
            ]
        }
        coordIndex [
            0,1,2,-1,3,4,5,-1,6,7,8,-1,9,8,10,-1,0,2,11,-1,11,2,12,-1,11,12,13,-1,14,15,16,-1,16,15,17,-1,16,17,18,-1,18,17,19,-1,20,21,22,-1,23,24,22,-1,22,24,25,-1,22,25,26,-1,8,7,27,-1,27,7,28,-1,27,28,29,-1,30,31,5,-1,5,31,20,-1,5,20,3,-1,3,20,22,-1,3,22,32,-1,32,22,26,-1,4,33,5,-1,5,33,13,-1,5,13,34,-1,34,13,12,-1,34,12,35,-1,9,36,8,-1,8,36,37,-1,8,37,6,-1,1,38,2,-1,2,38,39,-1,2,39,40,-1,41,42,2,-1,2,42,43,-1,44,45,46,-1,46,45,47,-1,43,48,2,-1,2,48,47,-1,2,47,49,-1,49,47,45,-1,28,50,29,-1,29,50,51,-1,29,51,22,-1,22,51,52,-1,22,52,23,-1,40,53,2,-1,2,53,54,-1,2,54,41,-1,55,56,14,-1,14,56,57,-1,14,57,15,-1,15,57,58,-1,15,58,34,-1,59,60,61,-1,61,60,62,-1,61,62,9,-1,21,20,10,-1,10,20,63,-1,10,63,9,-1,9,63,64,-1,9,64,61,-1,31,65,66,-1,67,68,15,-1,30,17,31,-1,31,17,15,-1,31,15,69,-1,69,15,68,-1,70,15,71,-1,71,15,72,-1,71,72,66,-1,66,72,73,-1,66,73,31,-1,69,74,31,-1,31,74,75,-1,31,75,65,-1,65,75,76,-1,65,76,77,-1,78,79,80,-1,77,81,65,-1,65,81,82,-1,65,82,83,-1,80,84,78,-1,78,84,85,-1,78,85,86,-1,86,67,78,-1,78,67,15,-1,78,15,87,-1,87,15,70,-1,87,70,88,-1,88,70,89,-1,83,90,65,-1,65,90,91,-1,65,91,78,-1,78,91,92,-1,78,92,79,-1,35,93,34,-1,34,93,59,-1,34,59,15,-1,15,59,61,-1,15,61,72,-1,72,61,94,-1,
        ]
    }
}
Shape{
    appearance Appearance {
        material  Material {
            diffuseColor 0.17647058823529413 0.17647058823529413 0.17647058823529413
            specularColor 0.050980392156862744 0.050980392156862744 0.050980392156862744
            ambientIntensity 0.251
            transparency 0.0
            shininess 0.5
        }
    }
    geometry IndexedFaceSet {
        ccw TRUE
        solid FALSE
        coord DEF co Coordinate {
            point [
                8.3622 -0.1378 0.1969, 8.6378 -0.1378 0.1969, 9.0 -0.2638 0.1969, 8.6378 -0.0428 0.1969, 9.0 0.2638 0.1969, 8.6378 0.1378 0.1969, 8.0 0.2638 0.1969, 8.3622 0.1378 0.1969, 8.0 -0.2638 0.1969, 8.1181 -0.5 0.0118, 8.1181 -0.5 0.9843, 8.0 -0.3819 0.0118, 8.0 -0.3819 0.9843, 8.8819 -0.5 0.0118, 8.8819 -0.5 0.9843, 9.0 -0.3819 0.0118, 9.0 -0.3819 0.9843, 9.0 -0.2638 0.0118, 9.0 0.2638 0.0118, 9.0 0.3819 0.0118, 9.0 0.3819 0.9843, 8.8819 0.5 0.0118, 8.8819 0.5 0.9843, 8.1181 0.5 0.0118, 8.1181 0.5 0.9843, 8.0 0.3819 0.0118, 8.0 0.3819 0.9843, 8.0 0.2638 0.0118, 8.0 -0.2638 0.0118, 8.6378 -0.1378 0.9843, 8.3622 -0.1378 0.9843, 8.3622 0.1378 0.9843, 8.6378 0.1378 0.9843
            ]
        }
        coordIndex [
            0,1,2,-1,2,1,3,-1,2,3,4,-1,4,3,5,-1,4,5,6,-1,6,5,7,-1,6,7,8,-1,8,7,0,-1,8,0,2,-1,9,10,11,-1,11,10,12,-1,13,14,9,-1,9,14,10,-1,15,16,13,-1,13,16,14,-1,15,17,2,-1,18,19,4,-1,4,19,20,-1,4,20,2,-1,2,20,16,-1,2,16,15,-1,21,22,19,-1,19,22,20,-1,23,24,21,-1,21,24,22,-1,25,26,23,-1,23,26,24,-1,25,27,6,-1,28,11,8,-1,8,11,12,-1,8,12,6,-1,6,12,26,-1,6,26,25,-1,26,12,10,-1,22,24,26,-1,14,29,10,-1,10,29,30,-1,10,30,26,-1,26,30,31,-1,26,31,22,-1,22,31,20,-1,14,16,29,-1,29,16,20,-1,29,20,32,-1,32,20,31,-1,6,27,4,-1,4,27,18,-1,27,25,23,-1,23,21,27,-1,27,21,19,-1,27,19,18,-1,2,17,8,-1,8,17,28,-1,11,28,9,-1,9,28,17,-1,9,17,13,-1,13,17,15,-1,
        ]
    }
}
Shape{
    appearance Appearance {
        material  Material {
            diffuseColor 0.9490196078431372 0.7607843137254902 0.1803921568627451
            specularColor 0.7607843137254902 0.6078431372549019 0.1450980392156863
            ambientIntensity 0.7509
            transparency 0.0
            shininess 0.5
        }
    }
    geometry IndexedFaceSet {
        ccw TRUE
        solid FALSE
        coord DEF co Coordinate {
            point [
                8.5984 -0.0984 3.3465, 8.5984 0.0984 3.3465, 8.4016 -0.0984 3.3465, 8.4016 0.0984 3.3465, 8.6378 0.1378 3.189, 8.6378 0.1378 0.9843, 8.3622 0.1378 3.189, 8.3622 0.1378 0.9843, 8.3622 -0.1378 3.189, 8.3622 -0.1378 0.9843, 8.6378 -0.1378 3.189, 8.6378 -0.1378 0.9843, 8.6378 -0.1378 0.1969, 8.3622 -0.1378 0.1969, 8.6378 -0.1378 -0.5562, 8.3622 -0.1378 -1.0236, 8.6378 -0.1378 -1.0236, 8.3622 0.1378 -1.0236, 8.3622 0.1378 0.1969, 8.6378 0.1378 0.1969, 8.6378 0.1378 -0.5562, 8.6378 0.1378 -1.0236, 8.5984 0.0984 -1.1811, 8.5984 -0.0984 -1.1811, 8.4016 0.0984 -1.1811, 8.4016 -0.0984 -1.1811, 8.6378 -0.0428 -1.0236
            ]
        }
        coordIndex [
            0,1,2,-1,2,1,3,-1,4,5,6,-1,6,5,7,-1,6,7,8,-1,8,7,9,-1,8,9,10,-1,10,9,11,-1,10,11,4,-1,4,11,5,-1,12,13,14,-1,14,13,15,-1,14,15,16,-1,15,13,17,-1,17,13,18,-1,18,19,17,-1,17,19,20,-1,17,20,21,-1,22,23,24,-1,24,23,25,-1,23,16,25,-1,25,16,15,-1,16,23,26,-1,26,23,22,-1,26,22,21,-1,17,24,15,-1,15,24,25,-1,24,17,22,-1,22,17,21,-1,6,3,4,-1,4,3,1,-1,8,2,6,-1,6,2,3,-1,0,10,1,-1,1,10,4,-1,10,0,8,-1,8,0,2,-1,
        ]
    }
}
Shape{
    appearance Appearance {
        material  Material {
            diffuseColor 0.0 0.0 0.0
            specularColor 0.0 0.0 0.0
            ambientIntensity 0.0
            transparency 0.0
            shininess 0.5
        }
    }
    geometry IndexedFaceSet {
        ccw TRUE
        solid FALSE
        coord DEF co Coordinate {
            point [
                8.6339 0.0562 -0.7026, 8.6339 -0.0422 -0.741, 8.6378 0.0562 -0.7026, 8.6378 -0.0422 -0.741, 8.6339 -0.0422 -0.7266, 8.6378 -0.0422 -0.7266, 8.6339 -0.0146 -0.7167, 8.6378 -0.0146 -0.7167, 8.6339 -0.0146 -0.676, 8.6378 -0.0146 -0.676, 8.6339 -0.0422 -0.6666, 8.6378 -0.0422 -0.6666, 8.6339 -0.0422 -0.6522, 8.6378 -0.0422 -0.6522, 8.6339 0.0562 -0.6894, 8.6378 0.0562 -0.6894, 8.6339 -0.0038 -0.6793, 8.6339 -0.0038 -0.7123, 8.6339 0.0373 -0.694, 8.6339 0.0407 -0.695, 8.6339 0.0442 -0.6956, 8.6339 0.0442 -0.6959, 8.6339 0.0407 -0.6966, 8.6339 0.0373 -0.6974, 8.6378 -0.0038 -0.6793, 8.6378 -0.0038 -0.7123, 8.6378 0.0373 -0.694, 8.6378 0.0407 -0.695, 8.6378 0.0442 -0.6956, 8.6378 0.0442 -0.6959, 8.6378 0.0407 -0.6966, 8.6378 0.0373 -0.6974, 8.6339 -0.0422 -0.5926, 8.6339 -0.0422 -0.5658, 8.6378 -0.0422 -0.5926, 8.6378 -0.0422 -0.5658, 8.6339 0.0562 -0.5658, 8.6378 0.0562 -0.5658, 8.6339 0.0562 -0.5936, 8.6378 0.0562 -0.5936, 8.6339 0.0082 -0.645, 8.6378 0.0082 -0.645, 8.6378 0.0175 -0.6443, 8.6339 0.0175 -0.6443, 8.6378 0.0272 -0.6417, 8.6339 0.0272 -0.6417, 8.6378 0.0357 -0.6371, 8.6339 0.0357 -0.6371, 8.6378 0.0434 -0.6301, 8.6339 0.0434 -0.6301, 8.6378 0.0435 -0.63, 8.6339 0.0435 -0.63, 8.6378 0.0506 -0.6193, 8.6339 0.0506 -0.6193, 8.6378 0.0547 -0.6078, 8.6339 0.0547 -0.6078, 8.6378 -0.0412 -0.6047, 8.6339 -0.0412 -0.6047, 8.6378 -0.0378 -0.6161, 8.6339 -0.0378 -0.6161, 8.6378 -0.0318 -0.6264, 8.6339 -0.0318 -0.6264, 8.6378 -0.024 -0.6345, 8.6339 -0.024 -0.6345, 8.6378 -0.0152 -0.6401, 8.6339 -0.0152 -0.6401, 8.6378 -0.0049 -0.6436, 8.6339 -0.0049 -0.6436, 8.6339 0.0316 -0.6253, 8.6339 0.0367 -0.6205, 8.6339 0.0413 -0.6133, 8.6339 0.0442 -0.6052, 8.6339 0.0454 -0.5935, 8.6339 0.0454 -0.579, 8.6339 -0.0314 -0.579, 8.6339 -0.0314 -0.593, 8.6339 -0.0304 -0.6034, 8.6339 -0.0279 -0.6116, 8.6339 -0.0239 -0.6184, 8.6339 -0.0184 -0.6239, 8.6339 -0.0116 -0.628, 8.6339 -0.0024 -0.6309, 8.6339 0.008 -0.6318, 8.6339 0.0177 -0.631, 8.6339 0.0255 -0.6287, 8.6378 0.0454 -0.5935, 8.6378 0.0454 -0.579, 8.6378 0.0442 -0.6052, 8.6378 0.0413 -0.6133, 8.6378 0.0367 -0.6205, 8.6378 0.0316 -0.6253, 8.6378 0.0255 -0.6287, 8.6378 0.0177 -0.631, 8.6378 0.008 -0.6318, 8.6378 -0.0024 -0.6309, 8.6378 -0.0116 -0.628, 8.6378 -0.0184 -0.6239, 8.6378 -0.0239 -0.6184, 8.6378 -0.0279 -0.6116, 8.6378 -0.0304 -0.6034, 8.6378 -0.0314 -0.593, 8.6378 -0.0314 -0.579, 8.6339 -0.0314 -0.5466, 8.6339 -0.0422 -0.5466, 8.6378 -0.0314 -0.5466, 8.6378 -0.0422 -0.5466, 8.6339 -0.0422 -0.4938, 8.6378 -0.0422 -0.4938, 8.6339 0.0562 -0.4938, 8.6378 0.0562 -0.4938, 8.6339 0.0562 -0.5442, 8.6378 0.0562 -0.5442, 8.6339 0.0454 -0.5442, 8.6378 0.0454 -0.5442, 8.6339 0.0454 -0.507, 8.6378 0.0454 -0.507, 8.6339 0.013 -0.507, 8.6378 0.013 -0.507, 8.6339 0.013 -0.5418, 8.6378 0.013 -0.5418, 8.6339 0.0022 -0.5418, 8.6378 0.0022 -0.5418, 8.6339 0.0022 -0.507, 8.6378 0.0022 -0.507, 8.6339 -0.0314 -0.507, 8.6378 -0.0314 -0.507, 8.6339 -0.0263 -0.4746, 8.6339 -0.0371 -0.4746, 8.6378 -0.0263 -0.4746, 8.6378 -0.0371 -0.4746, 8.6339 -0.0414 -0.4641, 8.6339 -0.0434 -0.4475, 8.6378 -0.0434 -0.4475, 8.6378 -0.0434 -0.4502, 8.6339 -0.0434 -0.4502, 8.6378 -0.0428 -0.4541, 8.6378 -0.0414 -0.4641, 8.6339 0.0051 -0.4014, 8.6378 0.0051 -0.4014, 8.6378 -0.0063 -0.4023, 8.6339 -0.0063 -0.4023, 8.6378 -0.0167 -0.4053, 8.6339 -0.0167 -0.4053, 8.6378 -0.026 -0.4105, 8.6339 -0.026 -0.4105, 8.6378 -0.0338 -0.4179, 8.6339 -0.0338 -0.4179, 8.6378 -0.0389 -0.4258, 8.6339 -0.0389 -0.4258, 8.6378 -0.0422 -0.4354, 8.6339 -0.0422 -0.4354, 8.6378 -0.0428 -0.4417, 8.6339 0.0574 -0.4514, 8.6378 0.0574 -0.4514, 8.6378 0.0566 -0.4415, 8.6339 0.0566 -0.4415, 8.6378 0.0534 -0.4306, 8.6339 0.0534 -0.4306, 8.6378 0.048 -0.4212, 8.6339 0.048 -0.4212, 8.6378 0.0395 -0.4123, 8.6339 0.0395 -0.4123, 8.6378 0.0303 -0.4066, 8.6339 0.0303 -0.4066, 8.6378 0.0191 -0.4028, 8.6339 0.0191 -0.4028, 8.6339 0.0535 -0.4746, 8.6378 0.0535 -0.4746, 8.6378 0.0566 -0.4632, 8.6339 0.0566 -0.4632, 8.6339 0.0403 -0.4746, 8.6378 0.0403 -0.4746, 8.6339 0.0466 -0.4515, 8.6378 0.0466 -0.4515, 8.6378 0.0451 -0.4635, 8.6339 0.0451 -0.4635, 8.6339 0.0059 -0.4146, 8.6378 0.0059 -0.4146, 8.6378 0.0136 -0.415, 8.6339 0.0136 -0.415, 8.6378 0.0241 -0.4177, 8.6339 0.0241 -0.4177, 8.6378 0.0317 -0.4217, 8.6339 0.0317 -0.4217, 8.6378 0.0383 -0.4277, 8.6339 0.0383 -0.4277, 8.6378 0.0429 -0.4345, 8.6339 0.0429 -0.4345, 8.6378 0.0455 -0.4418, 8.6339 0.0455 -0.4418, 8.6339 -0.0326 -0.4493, 8.6378 -0.0326 -0.4493, 8.6378 -0.0316 -0.4401, 8.6339 -0.0316 -0.4401, 8.6378 -0.0289 -0.433, 8.6339 -0.0289 -0.433, 8.6378 -0.0249 -0.4269, 8.6339 -0.0249 -0.4269, 8.6378 -0.02 -0.4223, 8.6339 -0.02 -0.4223, 8.6378 -0.0132 -0.4182, 8.6339 -0.0132 -0.4182, 8.6378 -0.0047 -0.4156, 8.6339 -0.0047 -0.4156, 8.6378 -0.0273 -0.4728, 8.6339 -0.0273 -0.4728, 8.6378 -0.0312 -0.4624, 8.6339 -0.0312 -0.4624, 8.6339 -0.0314 -0.393, 8.6339 -0.0422 -0.393, 8.6378 -0.0314 -0.393, 8.6378 -0.0422 -0.393, 8.6339 -0.0422 -0.3425, 8.6378 -0.0422 -0.3425, 8.6339 0.0562 -0.3425, 8.6378 0.0562 -0.3425, 8.6339 0.0562 -0.3557, 8.6378 0.0562 -0.3557, 8.6339 -0.0314 -0.3557, 8.6378 -0.0314 -0.3557
            ]
        }
        coordIndex [
            0,1,2,-1,2,1,3,-1,1,4,3,-1,3,4,5,-1,4,6,5,-1,5,6,7,-1,6,8,7,-1,7,8,9,-1,8,10,9,-1,9,10,11,-1,10,12,11,-1,11,12,13,-1,12,14,13,-1,13,14,15,-1,14,0,15,-1,15,0,2,-1,16,8,17,-1,17,8,6,-1,18,14,16,-1,16,14,12,-1,16,12,8,-1,8,12,10,-1,18,19,14,-1,14,19,20,-1,14,20,0,-1,0,20,21,-1,0,21,22,-1,22,23,0,-1,0,23,17,-1,0,17,1,-1,1,17,6,-1,1,6,4,-1,16,17,24,-1,24,17,25,-1,18,16,26,-1,26,16,24,-1,18,26,27,-1,18,27,19,-1,19,27,28,-1,19,28,20,-1,21,20,29,-1,29,20,28,-1,21,29,30,-1,21,30,22,-1,22,30,31,-1,22,31,23,-1,17,23,25,-1,25,23,31,-1,32,33,34,-1,34,33,35,-1,33,36,35,-1,35,36,37,-1,36,38,37,-1,37,38,39,-1,40,41,42,-1,40,42,43,-1,43,42,44,-1,43,44,45,-1,45,44,46,-1,45,46,47,-1,47,46,48,-1,47,48,49,-1,49,48,50,-1,49,50,51,-1,51,50,52,-1,51,52,53,-1,53,52,54,-1,53,54,55,-1,55,54,39,-1,55,39,38,-1,32,34,56,-1,32,56,57,-1,57,56,58,-1,57,58,59,-1,59,58,60,-1,59,60,61,-1,61,60,62,-1,61,62,63,-1,63,62,64,-1,63,64,65,-1,65,64,66,-1,65,66,67,-1,67,66,41,-1,67,41,40,-1,45,47,68,-1,68,47,49,-1,68,49,69,-1,69,49,51,-1,69,51,70,-1,70,51,53,-1,70,53,71,-1,71,53,55,-1,71,55,72,-1,72,55,38,-1,72,38,73,-1,73,38,36,-1,73,36,74,-1,74,36,33,-1,74,33,75,-1,75,33,32,-1,75,32,76,-1,76,32,57,-1,76,57,77,-1,77,57,59,-1,77,59,78,-1,78,59,61,-1,78,61,79,-1,79,61,63,-1,79,63,80,-1,80,63,65,-1,80,65,81,-1,81,65,67,-1,81,67,82,-1,82,67,40,-1,82,40,83,-1,83,40,43,-1,83,43,84,-1,84,43,45,-1,84,45,68,-1,72,73,85,-1,85,73,86,-1,72,85,87,-1,72,87,71,-1,71,87,88,-1,71,88,70,-1,70,88,89,-1,70,89,69,-1,69,89,90,-1,69,90,68,-1,68,90,91,-1,68,91,84,-1,84,91,92,-1,84,92,83,-1,83,92,93,-1,83,93,82,-1,82,93,94,-1,82,94,81,-1,81,94,95,-1,81,95,80,-1,80,95,96,-1,80,96,79,-1,79,96,97,-1,79,97,78,-1,78,97,98,-1,78,98,77,-1,77,98,99,-1,77,99,76,-1,76,99,100,-1,76,100,75,-1,74,75,101,-1,101,75,100,-1,73,74,86,-1,86,74,101,-1,102,103,104,-1,104,103,105,-1,103,106,105,-1,105,106,107,-1,106,108,107,-1,107,108,109,-1,108,110,109,-1,109,110,111,-1,110,112,111,-1,111,112,113,-1,112,114,113,-1,113,114,115,-1,114,116,115,-1,115,116,117,-1,116,118,117,-1,117,118,119,-1,118,120,119,-1,119,120,121,-1,120,122,121,-1,121,122,123,-1,122,124,123,-1,123,124,125,-1,124,102,125,-1,125,102,104,-1,106,103,102,-1,102,124,106,-1,106,124,122,-1,106,122,108,-1,112,110,114,-1,114,110,108,-1,114,108,116,-1,116,108,122,-1,116,122,118,-1,118,122,120,-1,126,127,128,-1,128,127,129,-1,129,127,130,-1,131,132,133,-1,131,133,134,-1,134,133,135,-1,134,135,130,-1,130,135,136,-1,130,136,129,-1,137,138,139,-1,137,139,140,-1,140,139,141,-1,140,141,142,-1,142,141,143,-1,142,143,144,-1,144,143,145,-1,144,145,146,-1,146,145,147,-1,146,147,148,-1,148,147,149,-1,148,149,150,-1,150,149,131,-1,131,149,151,-1,131,151,132,-1,152,153,154,-1,152,154,155,-1,155,154,156,-1,155,156,157,-1,157,156,158,-1,157,158,159,-1,159,158,160,-1,159,160,161,-1,161,160,162,-1,161,162,163,-1,163,162,164,-1,163,164,165,-1,165,164,138,-1,165,138,137,-1,166,167,168,-1,166,168,169,-1,169,168,153,-1,169,153,152,-1,166,170,167,-1,167,170,171,-1,172,173,174,-1,172,174,175,-1,175,174,171,-1,175,171,170,-1,176,177,178,-1,176,178,179,-1,179,178,180,-1,179,180,181,-1,181,180,182,-1,181,182,183,-1,183,182,184,-1,183,184,185,-1,185,184,186,-1,185,186,187,-1,187,186,188,-1,187,188,189,-1,189,188,173,-1,189,173,172,-1,190,191,192,-1,190,192,193,-1,193,192,194,-1,193,194,195,-1,195,194,196,-1,195,196,197,-1,197,196,198,-1,197,198,199,-1,199,198,200,-1,199,200,201,-1,201,200,202,-1,201,202,203,-1,203,202,177,-1,203,177,176,-1,126,128,204,-1,126,204,205,-1,205,204,206,-1,205,206,207,-1,207,206,191,-1,207,191,190,-1,193,131,190,-1,190,131,134,-1,190,134,207,-1,207,134,130,-1,207,130,205,-1,205,130,127,-1,205,127,126,-1,170,166,175,-1,175,166,169,-1,175,169,172,-1,172,169,152,-1,172,152,189,-1,189,152,155,-1,189,155,187,-1,187,155,157,-1,187,157,185,-1,185,157,159,-1,185,159,183,-1,183,159,161,-1,183,161,181,-1,181,161,163,-1,181,163,179,-1,179,163,165,-1,179,165,176,-1,176,165,137,-1,176,137,203,-1,203,137,140,-1,203,140,201,-1,201,140,142,-1,201,142,199,-1,199,142,144,-1,199,144,197,-1,197,144,146,-1,197,146,195,-1,195,146,148,-1,195,148,193,-1,193,148,150,-1,193,150,131,-1,208,209,210,-1,210,209,211,-1,209,212,211,-1,211,212,213,-1,212,214,213,-1,213,214,215,-1,214,216,215,-1,215,216,217,-1,216,218,217,-1,217,218,219,-1,218,208,219,-1,219,208,210,-1,216,214,218,-1,218,214,212,-1,218,212,208,-1,208,212,209,-1,
        ]
    }
}
Shape{
    appearance Appearance {
        material  Material {
            diffuseColor 0.9490196078431372 0.7607843137254902 0.1803921568627451
            specularColor 0.7607843137254902 0.6078431372549019 0.1450980392156863
            ambientIntensity 0.7509
            transparency 0.0
            shininess 0.5
        }
    }
    geometry IndexedFaceSet {
        ccw TRUE
        solid FALSE
        coord DEF co Coordinate {
            point [
                8.6378 -0.0038 -0.6793, 8.6378 -0.0038 -0.7123, 8.6378 0.0373 -0.694, 8.6378 0.0373 -0.6974, 8.6378 0.0407 -0.695, 8.6378 0.0407 -0.6966, 8.6378 0.0442 -0.6956, 8.6378 0.0442 -0.6959, 8.6378 0.0454 -0.579, 8.6378 -0.0314 -0.579, 8.6378 0.0454 -0.5935, 8.6378 -0.0314 -0.593, 8.6378 -0.0304 -0.6034, 8.6378 0.008 -0.6318, 8.6378 0.0177 -0.631, 8.6378 0.0255 -0.6287, 8.6378 0.0442 -0.6052, 8.6378 -0.0279 -0.6116, 8.6378 -0.0239 -0.6184, 8.6378 -0.0184 -0.6239, 8.6378 -0.0116 -0.628, 8.6378 -0.0024 -0.6309, 8.6378 0.0316 -0.6253, 8.6378 0.0367 -0.6205, 8.6378 0.0413 -0.6133, 7.6378 0.0466 -0.4515, 7.6378 0.0455 -0.4418, 7.6378 -0.0273 -0.4728, 7.6378 0.0574 -0.4514, 7.6378 0.0566 -0.4632, 7.6378 0.0562 -0.4938, 7.6378 -0.0338 -0.4179, 7.6378 -0.026 -0.4105, 7.6378 -0.0422 -0.393, 7.6378 -0.0428 -0.4417, 7.6378 -0.0422 -0.3425, 7.6378 0.0451 -0.4635, 7.6378 -0.0263 -0.4746, 7.6378 0.0403 -0.4746, 7.6378 0.0022 -0.5418, 7.6378 -0.0428 -0.5562, 7.6378 0.013 -0.5418, 7.6378 0.0454 -0.5442, 7.6378 0.013 -0.507, 7.6378 0.0454 -0.507, 7.6378 0.1378 0.1969, 7.6378 0.0562 -0.3425, 7.6378 0.0562 -0.3557, 7.6378 0.0303 -0.4066, 7.6378 0.0395 -0.4123, 7.6378 0.048 -0.4212, 7.6378 0.0534 -0.4306, 7.6378 -0.0314 -0.393, 7.6378 -0.0167 -0.4053, 7.6378 -0.0314 -0.3557, 7.6378 0.0562 -0.5442, 7.6378 0.1378 -0.5562, 7.6378 0.0566 -0.4415, 7.6378 0.0535 -0.4746, 7.6378 -0.0422 -0.4938, 7.6378 -0.0371 -0.4746, 7.6378 -0.0422 -0.4354, 7.6378 -0.0389 -0.4258, 7.6378 0.0429 -0.4345, 7.6378 0.0383 -0.4277, 7.6378 0.0317 -0.4217, 7.6378 0.0059 -0.4146, 7.6378 -0.0047 -0.4156, 7.6378 -0.0132 -0.4182, 7.6378 -0.0316 -0.4401, 7.6378 -0.0326 -0.4493, 7.6378 -0.0289 -0.433, 7.6378 -0.0249 -0.4269, 7.6378 -0.02 -0.4223, 7.6378 -0.0312 -0.4624, 7.6378 -0.0063 -0.4023, 7.6378 0.0051 -0.4014, 7.6378 0.0191 -0.4028, 7.6378 0.0241 -0.4177, 7.6378 0.0136 -0.415, 7.6378 0.0022 -0.507, 7.6378 -0.0314 -0.507, 7.6378 -0.0314 -0.5466, 7.6378 -0.0422 -0.5466, 7.6378 -0.0428 -0.4541, 7.6378 -0.0434 -0.4502, 7.6378 -0.1378 -0.5562, 7.6378 -0.0434 -0.4475, 7.6378 -0.0428 0.1969, 7.6378 -0.1378 0.1969, 7.6378 0.0562 -0.6894, 7.6378 0.0562 -0.7026, 7.6378 -0.0422 -0.5926, 7.6378 -0.0422 -0.5658, 7.6378 0.0562 -0.5658, 7.6378 -0.0422 -0.7266, 7.6378 -0.0422 -0.741, 7.6378 -0.0428 -1.0236, 7.6378 0.1378 -1.0236, 7.6378 0.0562 -0.5936, 7.6378 0.0547 -0.6078, 7.6378 0.0506 -0.6193, 7.6378 0.0435 -0.63, 7.6378 -0.0422 -0.6522, 7.6378 -0.0152 -0.6401, 7.6378 -0.024 -0.6345, 7.6378 0.0434 -0.6301, 7.6378 0.0357 -0.6371, 7.6378 0.0272 -0.6417, 7.6378 -0.0318 -0.6264, 7.6378 -0.0378 -0.6161, 7.6378 -0.0412 -0.6047, 7.6378 -0.0422 -0.6666, 7.6378 -0.0146 -0.676, 7.6378 -0.0146 -0.7167, 7.6378 0.0175 -0.6443, 7.6378 0.0082 -0.645, 7.6378 -0.0049 -0.6436, 7.6378 -0.0414 -0.4641, 7.6378 -0.1378 -1.0236
            ]
        }
        coordIndex [
            0,1,2,-1,2,1,3,-1,2,3,4,-1,4,3,5,-1,4,5,6,-1,6,5,7,-1,8,9,10,-1,10,9,11,-1,10,11,12,-1,13,14,10,-1,10,14,15,-1,10,15,16,-1,12,17,10,-1,10,17,18,-1,10,18,19,-1,19,20,10,-1,10,20,21,-1,10,21,13,-1,22,23,15,-1,15,23,24,-1,15,24,16,-1,25,26,27,-1,28,29,30,-1,31,32,33,-1,34,33,35,-1,25,27,36,-1,36,27,37,-1,36,37,38,-1,39,40,41,-1,41,40,42,-1,41,42,43,-1,43,42,44,-1,45,46,47,-1,48,49,47,-1,47,49,50,-1,47,50,51,-1,33,32,52,-1,52,32,53,-1,52,53,54,-1,55,56,30,-1,30,56,45,-1,30,45,28,-1,28,45,47,-1,28,47,57,-1,57,47,51,-1,29,58,30,-1,30,58,38,-1,30,38,59,-1,59,38,37,-1,59,37,60,-1,34,61,33,-1,33,61,62,-1,33,62,31,-1,26,63,27,-1,27,63,64,-1,27,64,65,-1,66,67,27,-1,27,67,68,-1,69,70,71,-1,71,70,72,-1,68,73,27,-1,27,73,72,-1,27,72,74,-1,74,72,70,-1,53,75,54,-1,54,75,76,-1,54,76,47,-1,47,76,77,-1,47,77,48,-1,65,78,27,-1,27,78,79,-1,27,79,66,-1,80,81,39,-1,39,81,82,-1,39,82,40,-1,40,82,83,-1,40,83,59,-1,84,85,86,-1,86,85,87,-1,86,87,34,-1,46,45,35,-1,35,45,88,-1,35,88,34,-1,34,88,89,-1,34,89,86,-1,56,90,91,-1,92,93,40,-1,55,42,56,-1,56,42,40,-1,56,40,94,-1,94,40,93,-1,95,40,96,-1,96,40,97,-1,96,97,91,-1,91,97,98,-1,91,98,56,-1,94,99,56,-1,56,99,100,-1,56,100,90,-1,90,100,101,-1,90,101,102,-1,103,104,105,-1,102,106,90,-1,90,106,107,-1,90,107,108,-1,105,109,103,-1,103,109,110,-1,103,110,111,-1,111,92,103,-1,103,92,40,-1,103,40,112,-1,112,40,95,-1,112,95,113,-1,113,95,114,-1,108,115,90,-1,90,115,116,-1,90,116,103,-1,103,116,117,-1,103,117,104,-1,60,118,59,-1,59,118,84,-1,59,84,40,-1,40,84,86,-1,40,86,97,-1,97,86,119,-1,
        ]
    }
}
Shape{
    appearance Appearance {
        material  Material {
            diffuseColor 0.17647058823529413 0.17647058823529413 0.17647058823529413
            specularColor 0.050980392156862744 0.050980392156862744 0.050980392156862744
            ambientIntensity 0.251
            transparency 0.0
            shininess 0.5
        }
    }
    geometry IndexedFaceSet {
        ccw TRUE
        solid FALSE
        coord DEF co Coordinate {
            point [
                7.3622 -0.1378 0.1969, 7.6378 -0.1378 0.1969, 8.0 -0.2638 0.1969, 7.6378 -0.0428 0.1969, 8.0 0.2638 0.1969, 7.6378 0.1378 0.1969, 7.0 0.2638 0.1969, 7.3622 0.1378 0.1969, 7.0 -0.2638 0.1969, 7.1181 -0.5 0.0118, 7.1181 -0.5 0.9843, 7.0 -0.3819 0.0118, 7.0 -0.3819 0.9843, 7.8819 -0.5 0.0118, 7.8819 -0.5 0.9843, 8.0 -0.3819 0.0118, 8.0 -0.3819 0.9843, 8.0 -0.2638 0.0118, 8.0 0.2638 0.0118, 8.0 0.3819 0.0118, 8.0 0.3819 0.9843, 7.8819 0.5 0.0118, 7.8819 0.5 0.9843, 7.1181 0.5 0.0118, 7.1181 0.5 0.9843, 7.0 0.3819 0.0118, 7.0 0.3819 0.9843, 7.0 0.2638 0.0118, 7.0 -0.2638 0.0118, 7.3622 -0.1378 0.9843, 7.6378 -0.1378 0.9843, 7.6378 0.1378 0.9843, 7.3622 0.1378 0.9843
            ]
        }
        coordIndex [
            0,1,2,-1,2,1,3,-1,2,3,4,-1,4,3,5,-1,4,5,6,-1,6,5,7,-1,6,7,8,-1,8,7,0,-1,8,0,2,-1,9,10,11,-1,11,10,12,-1,13,14,9,-1,9,14,10,-1,15,16,13,-1,13,16,14,-1,15,17,2,-1,18,19,4,-1,4,19,20,-1,4,20,2,-1,2,20,16,-1,2,16,15,-1,21,22,19,-1,19,22,20,-1,23,24,21,-1,21,24,22,-1,25,26,23,-1,23,26,24,-1,25,27,6,-1,28,11,8,-1,8,11,12,-1,8,12,6,-1,6,12,26,-1,6,26,25,-1,10,14,16,-1,26,12,10,-1,24,26,29,-1,29,26,10,-1,29,10,30,-1,30,10,16,-1,30,16,31,-1,31,16,20,-1,20,22,31,-1,31,22,24,-1,31,24,32,-1,32,24,29,-1,6,27,4,-1,4,27,18,-1,19,18,21,-1,21,18,27,-1,21,27,23,-1,23,27,25,-1,2,17,8,-1,8,17,28,-1,17,15,13,-1,13,9,17,-1,17,9,11,-1,17,11,28,-1,
        ]
    }
}
Shape{
    appearance Appearance {
        material  Material {
            diffuseColor 0.9490196078431372 0.7607843137254902 0.1803921568627451
            specularColor 0.7607843137254902 0.6078431372549019 0.1450980392156863
            ambientIntensity 0.7509
            transparency 0.0
            shininess 0.5
        }
    }
    geometry IndexedFaceSet {
        ccw TRUE
        solid FALSE
        coord DEF co Coordinate {
            point [
                7.5984 -0.0984 3.3465, 7.5984 0.0984 3.3465, 7.4016 -0.0984 3.3465, 7.4016 0.0984 3.3465, 7.6378 0.1378 3.189, 7.6378 0.1378 0.9843, 7.3622 0.1378 3.189, 7.3622 0.1378 0.9843, 7.3622 -0.1378 3.189, 7.3622 -0.1378 0.9843, 7.6378 -0.1378 3.189, 7.6378 -0.1378 0.9843, 7.6378 -0.1378 0.1969, 7.3622 -0.1378 0.1969, 7.6378 -0.1378 -0.5562, 7.3622 -0.1378 -1.0236, 7.6378 -0.1378 -1.0236, 7.3622 0.1378 -1.0236, 7.3622 0.1378 0.1969, 7.6378 0.1378 0.1969, 7.6378 0.1378 -0.5562, 7.6378 0.1378 -1.0236, 7.5984 0.0984 -1.1811, 7.5984 -0.0984 -1.1811, 7.4016 0.0984 -1.1811, 7.4016 -0.0984 -1.1811, 7.6378 -0.0428 -1.0236
            ]
        }
        coordIndex [
            0,1,2,-1,2,1,3,-1,4,5,6,-1,6,5,7,-1,6,7,8,-1,8,7,9,-1,8,9,10,-1,10,9,11,-1,10,11,4,-1,4,11,5,-1,12,13,14,-1,14,13,15,-1,14,15,16,-1,15,13,17,-1,17,13,18,-1,18,19,17,-1,17,19,20,-1,17,20,21,-1,22,23,24,-1,24,23,25,-1,23,16,25,-1,25,16,15,-1,16,23,26,-1,26,23,22,-1,26,22,21,-1,17,24,15,-1,15,24,25,-1,24,17,22,-1,22,17,21,-1,6,3,4,-1,4,3,1,-1,8,2,6,-1,6,2,3,-1,0,10,1,-1,1,10,4,-1,10,0,8,-1,8,0,2,-1,
        ]
    }
}
Shape{
    appearance Appearance {
        material  Material {
            diffuseColor 0.0 0.0 0.0
            specularColor 0.0 0.0 0.0
            ambientIntensity 0.0
            transparency 0.0
            shininess 0.5
        }
    }
    geometry IndexedFaceSet {
        ccw TRUE
        solid FALSE
        coord DEF co Coordinate {
            point [
                7.6339 0.0562 -0.7026, 7.6339 -0.0422 -0.741, 7.6378 0.0562 -0.7026, 7.6378 -0.0422 -0.741, 7.6339 -0.0422 -0.7266, 7.6378 -0.0422 -0.7266, 7.6339 -0.0146 -0.7167, 7.6378 -0.0146 -0.7167, 7.6339 -0.0146 -0.676, 7.6378 -0.0146 -0.676, 7.6339 -0.0422 -0.6666, 7.6378 -0.0422 -0.6666, 7.6339 -0.0422 -0.6522, 7.6378 -0.0422 -0.6522, 7.6339 0.0562 -0.6894, 7.6378 0.0562 -0.6894, 7.6339 -0.0038 -0.6793, 7.6339 -0.0038 -0.7123, 7.6339 0.0373 -0.694, 7.6339 0.0407 -0.695, 7.6339 0.0442 -0.6956, 7.6339 0.0442 -0.6959, 7.6339 0.0407 -0.6966, 7.6339 0.0373 -0.6974, 7.6378 -0.0038 -0.6793, 7.6378 -0.0038 -0.7123, 7.6378 0.0373 -0.694, 7.6378 0.0407 -0.695, 7.6378 0.0442 -0.6956, 7.6378 0.0442 -0.6959, 7.6378 0.0407 -0.6966, 7.6378 0.0373 -0.6974, 7.6339 -0.0422 -0.5926, 7.6339 -0.0422 -0.5658, 7.6378 -0.0422 -0.5926, 7.6378 -0.0422 -0.5658, 7.6339 0.0562 -0.5658, 7.6378 0.0562 -0.5658, 7.6339 0.0562 -0.5936, 7.6378 0.0562 -0.5936, 7.6339 0.0082 -0.645, 7.6378 0.0082 -0.645, 7.6378 0.0175 -0.6443, 7.6339 0.0175 -0.6443, 7.6378 0.0272 -0.6417, 7.6339 0.0272 -0.6417, 7.6378 0.0357 -0.6371, 7.6339 0.0357 -0.6371, 7.6378 0.0434 -0.6301, 7.6339 0.0434 -0.6301, 7.6378 0.0435 -0.63, 7.6339 0.0435 -0.63, 7.6378 0.0506 -0.6193, 7.6339 0.0506 -0.6193, 7.6378 0.0547 -0.6078, 7.6339 0.0547 -0.6078, 7.6378 -0.0412 -0.6047, 7.6339 -0.0412 -0.6047, 7.6378 -0.0378 -0.6161, 7.6339 -0.0378 -0.6161, 7.6378 -0.0318 -0.6264, 7.6339 -0.0318 -0.6264, 7.6378 -0.024 -0.6345, 7.6339 -0.024 -0.6345, 7.6378 -0.0152 -0.6401, 7.6339 -0.0152 -0.6401, 7.6378 -0.0049 -0.6436, 7.6339 -0.0049 -0.6436, 7.6339 0.0316 -0.6253, 7.6339 0.0367 -0.6205, 7.6339 0.0413 -0.6133, 7.6339 0.0442 -0.6052, 7.6339 0.0454 -0.5935, 7.6339 0.0454 -0.579, 7.6339 -0.0314 -0.579, 7.6339 -0.0314 -0.593, 7.6339 -0.0304 -0.6034, 7.6339 -0.0279 -0.6116, 7.6339 -0.0239 -0.6184, 7.6339 -0.0184 -0.6239, 7.6339 -0.0116 -0.628, 7.6339 -0.0024 -0.6309, 7.6339 0.008 -0.6318, 7.6339 0.0177 -0.631, 7.6339 0.0255 -0.6287, 7.6378 0.0454 -0.5935, 7.6378 0.0454 -0.579, 7.6378 0.0442 -0.6052, 7.6378 0.0413 -0.6133, 7.6378 0.0367 -0.6205, 7.6378 0.0316 -0.6253, 7.6378 0.0255 -0.6287, 7.6378 0.0177 -0.631, 7.6378 0.008 -0.6318, 7.6378 -0.0024 -0.6309, 7.6378 -0.0116 -0.628, 7.6378 -0.0184 -0.6239, 7.6378 -0.0239 -0.6184, 7.6378 -0.0279 -0.6116, 7.6378 -0.0304 -0.6034, 7.6378 -0.0314 -0.593, 7.6378 -0.0314 -0.579, 7.6339 -0.0314 -0.5466, 7.6339 -0.0422 -0.5466, 7.6378 -0.0314 -0.5466, 7.6378 -0.0422 -0.5466, 7.6339 -0.0422 -0.4938, 7.6378 -0.0422 -0.4938, 7.6339 0.0562 -0.4938, 7.6378 0.0562 -0.4938, 7.6339 0.0562 -0.5442, 7.6378 0.0562 -0.5442, 7.6339 0.0454 -0.5442, 7.6378 0.0454 -0.5442, 7.6339 0.0454 -0.507, 7.6378 0.0454 -0.507, 7.6339 0.013 -0.507, 7.6378 0.013 -0.507, 7.6339 0.013 -0.5418, 7.6378 0.013 -0.5418, 7.6339 0.0022 -0.5418, 7.6378 0.0022 -0.5418, 7.6339 0.0022 -0.507, 7.6378 0.0022 -0.507, 7.6339 -0.0314 -0.507, 7.6378 -0.0314 -0.507, 7.6339 -0.0263 -0.4746, 7.6339 -0.0371 -0.4746, 7.6378 -0.0263 -0.4746, 7.6378 -0.0371 -0.4746, 7.6339 -0.0414 -0.4641, 7.6339 -0.0434 -0.4475, 7.6378 -0.0434 -0.4475, 7.6378 -0.0434 -0.4502, 7.6339 -0.0434 -0.4502, 7.6378 -0.0428 -0.4541, 7.6378 -0.0414 -0.4641, 7.6339 0.0051 -0.4014, 7.6378 0.0051 -0.4014, 7.6378 -0.0063 -0.4023, 7.6339 -0.0063 -0.4023, 7.6378 -0.0167 -0.4053, 7.6339 -0.0167 -0.4053, 7.6378 -0.026 -0.4105, 7.6339 -0.026 -0.4105, 7.6378 -0.0338 -0.4179, 7.6339 -0.0338 -0.4179, 7.6378 -0.0389 -0.4258, 7.6339 -0.0389 -0.4258, 7.6378 -0.0422 -0.4354, 7.6339 -0.0422 -0.4354, 7.6378 -0.0428 -0.4417, 7.6339 0.0574 -0.4514, 7.6378 0.0574 -0.4514, 7.6378 0.0566 -0.4415, 7.6339 0.0566 -0.4415, 7.6378 0.0534 -0.4306, 7.6339 0.0534 -0.4306, 7.6378 0.048 -0.4212, 7.6339 0.048 -0.4212, 7.6378 0.0395 -0.4123, 7.6339 0.0395 -0.4123, 7.6378 0.0303 -0.4066, 7.6339 0.0303 -0.4066, 7.6378 0.0191 -0.4028, 7.6339 0.0191 -0.4028, 7.6339 0.0535 -0.4746, 7.6378 0.0535 -0.4746, 7.6378 0.0566 -0.4632, 7.6339 0.0566 -0.4632, 7.6339 0.0403 -0.4746, 7.6378 0.0403 -0.4746, 7.6339 0.0466 -0.4515, 7.6378 0.0466 -0.4515, 7.6378 0.0451 -0.4635, 7.6339 0.0451 -0.4635, 7.6339 0.0059 -0.4146, 7.6378 0.0059 -0.4146, 7.6378 0.0136 -0.415, 7.6339 0.0136 -0.415, 7.6378 0.0241 -0.4177, 7.6339 0.0241 -0.4177, 7.6378 0.0317 -0.4217, 7.6339 0.0317 -0.4217, 7.6378 0.0383 -0.4277, 7.6339 0.0383 -0.4277, 7.6378 0.0429 -0.4345, 7.6339 0.0429 -0.4345, 7.6378 0.0455 -0.4418, 7.6339 0.0455 -0.4418, 7.6339 -0.0326 -0.4493, 7.6378 -0.0326 -0.4493, 7.6378 -0.0316 -0.4401, 7.6339 -0.0316 -0.4401, 7.6378 -0.0289 -0.433, 7.6339 -0.0289 -0.433, 7.6378 -0.0249 -0.4269, 7.6339 -0.0249 -0.4269, 7.6378 -0.02 -0.4223, 7.6339 -0.02 -0.4223, 7.6378 -0.0132 -0.4182, 7.6339 -0.0132 -0.4182, 7.6378 -0.0047 -0.4156, 7.6339 -0.0047 -0.4156, 7.6378 -0.0273 -0.4728, 7.6339 -0.0273 -0.4728, 7.6378 -0.0312 -0.4624, 7.6339 -0.0312 -0.4624, 7.6339 -0.0314 -0.393, 7.6339 -0.0422 -0.393, 7.6378 -0.0314 -0.393, 7.6378 -0.0422 -0.393, 7.6339 -0.0422 -0.3425, 7.6378 -0.0422 -0.3425, 7.6339 0.0562 -0.3425, 7.6378 0.0562 -0.3425, 7.6339 0.0562 -0.3557, 7.6378 0.0562 -0.3557, 7.6339 -0.0314 -0.3557, 7.6378 -0.0314 -0.3557
            ]
        }
        coordIndex [
            0,1,2,-1,2,1,3,-1,1,4,3,-1,3,4,5,-1,4,6,5,-1,5,6,7,-1,6,8,7,-1,7,8,9,-1,8,10,9,-1,9,10,11,-1,10,12,11,-1,11,12,13,-1,12,14,13,-1,13,14,15,-1,14,0,15,-1,15,0,2,-1,16,8,17,-1,17,8,6,-1,18,14,16,-1,16,14,12,-1,16,12,8,-1,8,12,10,-1,18,19,14,-1,14,19,20,-1,14,20,0,-1,0,20,21,-1,0,21,22,-1,22,23,0,-1,0,23,17,-1,0,17,1,-1,1,17,6,-1,1,6,4,-1,16,17,24,-1,24,17,25,-1,18,16,26,-1,26,16,24,-1,18,26,27,-1,18,27,19,-1,19,27,28,-1,19,28,20,-1,21,20,29,-1,29,20,28,-1,21,29,30,-1,21,30,22,-1,22,30,31,-1,22,31,23,-1,17,23,25,-1,25,23,31,-1,32,33,34,-1,34,33,35,-1,33,36,35,-1,35,36,37,-1,36,38,37,-1,37,38,39,-1,40,41,42,-1,40,42,43,-1,43,42,44,-1,43,44,45,-1,45,44,46,-1,45,46,47,-1,47,46,48,-1,47,48,49,-1,49,48,50,-1,49,50,51,-1,51,50,52,-1,51,52,53,-1,53,52,54,-1,53,54,55,-1,55,54,39,-1,55,39,38,-1,32,34,56,-1,32,56,57,-1,57,56,58,-1,57,58,59,-1,59,58,60,-1,59,60,61,-1,61,60,62,-1,61,62,63,-1,63,62,64,-1,63,64,65,-1,65,64,66,-1,65,66,67,-1,67,66,41,-1,67,41,40,-1,45,47,68,-1,68,47,49,-1,68,49,69,-1,69,49,51,-1,69,51,70,-1,70,51,53,-1,70,53,71,-1,71,53,55,-1,71,55,72,-1,72,55,38,-1,72,38,73,-1,73,38,36,-1,73,36,74,-1,74,36,33,-1,74,33,75,-1,75,33,32,-1,75,32,76,-1,76,32,57,-1,76,57,77,-1,77,57,59,-1,77,59,78,-1,78,59,61,-1,78,61,79,-1,79,61,63,-1,79,63,80,-1,80,63,65,-1,80,65,81,-1,81,65,67,-1,81,67,82,-1,82,67,40,-1,82,40,83,-1,83,40,43,-1,83,43,84,-1,84,43,45,-1,84,45,68,-1,72,73,85,-1,85,73,86,-1,72,85,87,-1,72,87,71,-1,71,87,88,-1,71,88,70,-1,70,88,89,-1,70,89,69,-1,69,89,90,-1,69,90,68,-1,68,90,91,-1,68,91,84,-1,84,91,92,-1,84,92,83,-1,83,92,93,-1,83,93,82,-1,82,93,94,-1,82,94,81,-1,81,94,95,-1,81,95,80,-1,80,95,96,-1,80,96,79,-1,79,96,97,-1,79,97,78,-1,78,97,98,-1,78,98,77,-1,77,98,99,-1,77,99,76,-1,76,99,100,-1,76,100,75,-1,74,75,101,-1,101,75,100,-1,73,74,86,-1,86,74,101,-1,102,103,104,-1,104,103,105,-1,103,106,105,-1,105,106,107,-1,106,108,107,-1,107,108,109,-1,108,110,109,-1,109,110,111,-1,110,112,111,-1,111,112,113,-1,112,114,113,-1,113,114,115,-1,114,116,115,-1,115,116,117,-1,116,118,117,-1,117,118,119,-1,118,120,119,-1,119,120,121,-1,120,122,121,-1,121,122,123,-1,122,124,123,-1,123,124,125,-1,124,102,125,-1,125,102,104,-1,106,103,102,-1,102,124,106,-1,106,124,122,-1,106,122,108,-1,112,110,114,-1,114,110,108,-1,114,108,116,-1,116,108,122,-1,116,122,118,-1,118,122,120,-1,126,127,128,-1,128,127,129,-1,129,127,130,-1,131,132,133,-1,131,133,134,-1,134,133,135,-1,134,135,130,-1,130,135,136,-1,130,136,129,-1,137,138,139,-1,137,139,140,-1,140,139,141,-1,140,141,142,-1,142,141,143,-1,142,143,144,-1,144,143,145,-1,144,145,146,-1,146,145,147,-1,146,147,148,-1,148,147,149,-1,148,149,150,-1,150,149,131,-1,131,149,151,-1,131,151,132,-1,152,153,154,-1,152,154,155,-1,155,154,156,-1,155,156,157,-1,157,156,158,-1,157,158,159,-1,159,158,160,-1,159,160,161,-1,161,160,162,-1,161,162,163,-1,163,162,164,-1,163,164,165,-1,165,164,138,-1,165,138,137,-1,166,167,168,-1,166,168,169,-1,169,168,153,-1,169,153,152,-1,166,170,167,-1,167,170,171,-1,172,173,174,-1,172,174,175,-1,175,174,171,-1,175,171,170,-1,176,177,178,-1,176,178,179,-1,179,178,180,-1,179,180,181,-1,181,180,182,-1,181,182,183,-1,183,182,184,-1,183,184,185,-1,185,184,186,-1,185,186,187,-1,187,186,188,-1,187,188,189,-1,189,188,173,-1,189,173,172,-1,190,191,192,-1,190,192,193,-1,193,192,194,-1,193,194,195,-1,195,194,196,-1,195,196,197,-1,197,196,198,-1,197,198,199,-1,199,198,200,-1,199,200,201,-1,201,200,202,-1,201,202,203,-1,203,202,177,-1,203,177,176,-1,126,128,204,-1,126,204,205,-1,205,204,206,-1,205,206,207,-1,207,206,191,-1,207,191,190,-1,193,131,190,-1,190,131,134,-1,190,134,207,-1,207,134,130,-1,207,130,205,-1,205,130,127,-1,205,127,126,-1,170,166,175,-1,175,166,169,-1,175,169,172,-1,172,169,152,-1,172,152,189,-1,189,152,155,-1,189,155,187,-1,187,155,157,-1,187,157,185,-1,185,157,159,-1,185,159,183,-1,183,159,161,-1,183,161,181,-1,181,161,163,-1,181,163,179,-1,179,163,165,-1,179,165,176,-1,176,165,137,-1,176,137,203,-1,203,137,140,-1,203,140,201,-1,201,140,142,-1,201,142,199,-1,199,142,144,-1,199,144,197,-1,197,144,146,-1,197,146,195,-1,195,146,148,-1,195,148,193,-1,193,148,150,-1,193,150,131,-1,208,209,210,-1,210,209,211,-1,209,212,211,-1,211,212,213,-1,212,214,213,-1,213,214,215,-1,214,216,215,-1,215,216,217,-1,216,218,217,-1,217,218,219,-1,218,208,219,-1,219,208,210,-1,216,214,218,-1,218,214,212,-1,218,212,208,-1,208,212,209,-1,
        ]
    }
}
Shape{
    appearance Appearance {
        material  Material {
            diffuseColor 0.9490196078431372 0.7607843137254902 0.1803921568627451
            specularColor 0.7607843137254902 0.6078431372549019 0.1450980392156863
            ambientIntensity 0.7509
            transparency 0.0
            shininess 0.5
        }
    }
    geometry IndexedFaceSet {
        ccw TRUE
        solid FALSE
        coord DEF co Coordinate {
            point [
                7.6378 -0.0038 -0.6793, 7.6378 -0.0038 -0.7123, 7.6378 0.0373 -0.694, 7.6378 0.0373 -0.6974, 7.6378 0.0407 -0.695, 7.6378 0.0407 -0.6966, 7.6378 0.0442 -0.6956, 7.6378 0.0442 -0.6959, 7.6378 0.0454 -0.579, 7.6378 -0.0314 -0.579, 7.6378 0.0454 -0.5935, 7.6378 -0.0314 -0.593, 7.6378 -0.0304 -0.6034, 7.6378 0.008 -0.6318, 7.6378 0.0177 -0.631, 7.6378 0.0255 -0.6287, 7.6378 0.0442 -0.6052, 7.6378 -0.0279 -0.6116, 7.6378 -0.0239 -0.6184, 7.6378 -0.0184 -0.6239, 7.6378 -0.0116 -0.628, 7.6378 -0.0024 -0.6309, 7.6378 0.0316 -0.6253, 7.6378 0.0367 -0.6205, 7.6378 0.0413 -0.6133, 6.6378 0.0466 -0.4515, 6.6378 0.0455 -0.4418, 6.6378 -0.0273 -0.4728, 6.6378 0.0574 -0.4514, 6.6378 0.0566 -0.4632, 6.6378 0.0562 -0.4938, 6.6378 -0.0338 -0.4179, 6.6378 -0.026 -0.4105, 6.6378 -0.0422 -0.393, 6.6378 -0.0428 -0.4417, 6.6378 -0.0422 -0.3425, 6.6378 0.0451 -0.4635, 6.6378 -0.0263 -0.4746, 6.6378 0.0403 -0.4746, 6.6378 0.0022 -0.5418, 6.6378 -0.0428 -0.5562, 6.6378 0.013 -0.5418, 6.6378 0.0454 -0.5442, 6.6378 0.013 -0.507, 6.6378 0.0454 -0.507, 6.6378 0.1378 0.1969, 6.6378 0.0562 -0.3425, 6.6378 0.0562 -0.3557, 6.6378 0.0303 -0.4066, 6.6378 0.0395 -0.4123, 6.6378 0.048 -0.4212, 6.6378 0.0534 -0.4306, 6.6378 -0.0314 -0.393, 6.6378 -0.0167 -0.4053, 6.6378 -0.0314 -0.3557, 6.6378 0.0562 -0.5442, 6.6378 0.1378 -0.5562, 6.6378 0.0566 -0.4415, 6.6378 0.0535 -0.4746, 6.6378 -0.0422 -0.4938, 6.6378 -0.0371 -0.4746, 6.6378 -0.0422 -0.4354, 6.6378 -0.0389 -0.4258, 6.6378 0.0429 -0.4345, 6.6378 0.0383 -0.4277, 6.6378 0.0317 -0.4217, 6.6378 0.0059 -0.4146, 6.6378 -0.0047 -0.4156, 6.6378 -0.0132 -0.4182, 6.6378 -0.0316 -0.4401, 6.6378 -0.0326 -0.4493, 6.6378 -0.0289 -0.433, 6.6378 -0.0249 -0.4269, 6.6378 -0.02 -0.4223, 6.6378 -0.0312 -0.4624, 6.6378 -0.0063 -0.4023, 6.6378 0.0051 -0.4014, 6.6378 0.0191 -0.4028, 6.6378 0.0241 -0.4177, 6.6378 0.0136 -0.415, 6.6378 0.0022 -0.507, 6.6378 -0.0314 -0.507, 6.6378 -0.0314 -0.5466, 6.6378 -0.0422 -0.5466, 6.6378 -0.0428 -0.4541, 6.6378 -0.0434 -0.4502, 6.6378 -0.1378 -0.5562, 6.6378 -0.0434 -0.4475, 6.6378 -0.0428 0.1969, 6.6378 -0.1378 0.1969, 6.6378 0.0562 -0.6894, 6.6378 0.0562 -0.7026, 6.6378 -0.0422 -0.5926, 6.6378 -0.0422 -0.5658, 6.6378 0.0562 -0.5658, 6.6378 -0.0422 -0.7266, 6.6378 -0.0422 -0.741, 6.6378 -0.0428 -1.0236, 6.6378 0.1378 -1.0236, 6.6378 0.0562 -0.5936, 6.6378 0.0547 -0.6078, 6.6378 0.0506 -0.6193, 6.6378 0.0435 -0.63, 6.6378 -0.0422 -0.6522, 6.6378 -0.0152 -0.6401, 6.6378 -0.024 -0.6345, 6.6378 0.0434 -0.6301, 6.6378 0.0357 -0.6371, 6.6378 0.0272 -0.6417, 6.6378 -0.0318 -0.6264, 6.6378 -0.0378 -0.6161, 6.6378 -0.0412 -0.6047, 6.6378 -0.0422 -0.6666, 6.6378 -0.0146 -0.676, 6.6378 -0.0146 -0.7167, 6.6378 0.0175 -0.6443, 6.6378 0.0082 -0.645, 6.6378 -0.0049 -0.6436, 6.6378 -0.0414 -0.4641, 6.6378 -0.1378 -1.0236
            ]
        }
        coordIndex [
            0,1,2,-1,2,1,3,-1,2,3,4,-1,4,3,5,-1,4,5,6,-1,6,5,7,-1,8,9,10,-1,10,9,11,-1,10,11,12,-1,13,14,10,-1,10,14,15,-1,10,15,16,-1,12,17,10,-1,10,17,18,-1,10,18,19,-1,19,20,10,-1,10,20,21,-1,10,21,13,-1,22,23,15,-1,15,23,24,-1,15,24,16,-1,25,26,27,-1,28,29,30,-1,31,32,33,-1,34,33,35,-1,25,27,36,-1,36,27,37,-1,36,37,38,-1,39,40,41,-1,41,40,42,-1,41,42,43,-1,43,42,44,-1,45,46,47,-1,48,49,47,-1,47,49,50,-1,47,50,51,-1,33,32,52,-1,52,32,53,-1,52,53,54,-1,55,56,30,-1,30,56,45,-1,30,45,28,-1,28,45,47,-1,28,47,57,-1,57,47,51,-1,29,58,30,-1,30,58,38,-1,30,38,59,-1,59,38,37,-1,59,37,60,-1,34,61,33,-1,33,61,62,-1,33,62,31,-1,26,63,27,-1,27,63,64,-1,27,64,65,-1,66,67,27,-1,27,67,68,-1,69,70,71,-1,71,70,72,-1,68,73,27,-1,27,73,72,-1,27,72,74,-1,74,72,70,-1,53,75,54,-1,54,75,76,-1,54,76,47,-1,47,76,77,-1,47,77,48,-1,65,78,27,-1,27,78,79,-1,27,79,66,-1,80,81,39,-1,39,81,82,-1,39,82,40,-1,40,82,83,-1,40,83,59,-1,84,85,86,-1,86,85,87,-1,86,87,34,-1,46,45,35,-1,35,45,88,-1,35,88,34,-1,34,88,89,-1,34,89,86,-1,56,90,91,-1,92,93,40,-1,55,42,56,-1,56,42,40,-1,56,40,94,-1,94,40,93,-1,95,40,96,-1,96,40,97,-1,96,97,91,-1,91,97,98,-1,91,98,56,-1,94,99,56,-1,56,99,100,-1,56,100,90,-1,90,100,101,-1,90,101,102,-1,103,104,105,-1,102,106,90,-1,90,106,107,-1,90,107,108,-1,105,109,103,-1,103,109,110,-1,103,110,111,-1,111,92,103,-1,103,92,40,-1,103,40,112,-1,112,40,95,-1,112,95,113,-1,113,95,114,-1,108,115,90,-1,90,115,116,-1,90,116,103,-1,103,116,117,-1,103,117,104,-1,60,118,59,-1,59,118,84,-1,59,84,40,-1,40,84,86,-1,40,86,97,-1,97,86,119,-1,
        ]
    }
}
Shape{
    appearance Appearance {
        material  Material {
            diffuseColor 0.17647058823529413 0.17647058823529413 0.17647058823529413
            specularColor 0.050980392156862744 0.050980392156862744 0.050980392156862744
            ambientIntensity 0.251
            transparency 0.0
            shininess 0.5
        }
    }
    geometry IndexedFaceSet {
        ccw TRUE
        solid FALSE
        coord DEF co Coordinate {
            point [
                6.3622 -0.1378 0.1969, 6.6378 -0.1378 0.1969, 7.0 -0.2638 0.1969, 6.6378 -0.0428 0.1969, 7.0 0.2638 0.1969, 6.6378 0.1378 0.1969, 6.0 0.2638 0.1969, 6.3622 0.1378 0.1969, 6.0 -0.2638 0.1969, 6.1181 -0.5 0.0118, 6.1181 -0.5 0.9843, 6.0 -0.3819 0.0118, 6.0 -0.3819 0.9843, 6.8819 -0.5 0.0118, 6.8819 -0.5 0.9843, 7.0 -0.3819 0.0118, 7.0 -0.3819 0.9843, 7.0 -0.2638 0.0118, 7.0 0.2638 0.0118, 7.0 0.3819 0.0118, 7.0 0.3819 0.9843, 6.8819 0.5 0.0118, 6.8819 0.5 0.9843, 6.1181 0.5 0.0118, 6.1181 0.5 0.9843, 6.0 0.3819 0.0118, 6.0 0.3819 0.9843, 6.0 0.2638 0.0118, 6.0 -0.2638 0.0118, 6.3622 0.1378 0.9843, 6.3622 -0.1378 0.9843, 6.6378 -0.1378 0.9843, 6.6378 0.1378 0.9843
            ]
        }
        coordIndex [
            0,1,2,-1,2,1,3,-1,2,3,4,-1,4,3,5,-1,4,5,6,-1,6,5,7,-1,6,7,8,-1,8,7,0,-1,8,0,2,-1,9,10,11,-1,11,10,12,-1,13,14,9,-1,9,14,10,-1,15,16,13,-1,13,16,14,-1,15,17,2,-1,18,19,4,-1,4,19,20,-1,4,20,2,-1,2,20,16,-1,2,16,15,-1,21,22,19,-1,19,22,20,-1,23,24,21,-1,21,24,22,-1,25,26,23,-1,23,26,24,-1,25,27,6,-1,28,11,8,-1,8,11,12,-1,8,12,6,-1,6,12,26,-1,6,26,25,-1,10,14,16,-1,16,20,22,-1,24,26,29,-1,29,26,12,-1,29,12,30,-1,30,12,10,-1,30,10,31,-1,31,10,16,-1,31,16,32,-1,32,16,22,-1,32,22,29,-1,29,22,24,-1,6,27,4,-1,4,27,18,-1,21,19,18,-1,21,18,23,-1,23,18,27,-1,23,27,25,-1,2,17,8,-1,8,17,28,-1,11,28,9,-1,9,28,17,-1,9,17,13,-1,13,17,15,-1,
        ]
    }
}
Shape{
    appearance Appearance {
        material  Material {
            diffuseColor 0.9490196078431372 0.7607843137254902 0.1803921568627451
            specularColor 0.7607843137254902 0.6078431372549019 0.1450980392156863
            ambientIntensity 0.7509
            transparency 0.0
            shininess 0.5
        }
    }
    geometry IndexedFaceSet {
        ccw TRUE
        solid FALSE
        coord DEF co Coordinate {
            point [
                6.5984 -0.0984 3.3465, 6.5984 0.0984 3.3465, 6.4016 -0.0984 3.3465, 6.4016 0.0984 3.3465, 6.6378 0.1378 3.189, 6.6378 0.1378 0.9843, 6.3622 0.1378 3.189, 6.3622 0.1378 0.9843, 6.3622 -0.1378 3.189, 6.3622 -0.1378 0.9843, 6.6378 -0.1378 3.189, 6.6378 -0.1378 0.9843, 6.6378 -0.1378 0.1969, 6.3622 -0.1378 0.1969, 6.6378 -0.1378 -0.5562, 6.3622 -0.1378 -1.0236, 6.6378 -0.1378 -1.0236, 6.3622 0.1378 -1.0236, 6.3622 0.1378 0.1969, 6.6378 0.1378 0.1969, 6.6378 0.1378 -0.5562, 6.6378 0.1378 -1.0236, 6.5984 0.0984 -1.1811, 6.5984 -0.0984 -1.1811, 6.4016 0.0984 -1.1811, 6.4016 -0.0984 -1.1811, 6.6378 -0.0428 -1.0236
            ]
        }
        coordIndex [
            0,1,2,-1,2,1,3,-1,4,5,6,-1,6,5,7,-1,6,7,8,-1,8,7,9,-1,8,9,10,-1,10,9,11,-1,10,11,4,-1,4,11,5,-1,12,13,14,-1,14,13,15,-1,14,15,16,-1,15,13,17,-1,17,13,18,-1,18,19,17,-1,17,19,20,-1,17,20,21,-1,22,23,24,-1,24,23,25,-1,23,16,25,-1,25,16,15,-1,16,23,26,-1,26,23,22,-1,26,22,21,-1,17,24,15,-1,15,24,25,-1,24,17,22,-1,22,17,21,-1,6,3,4,-1,4,3,1,-1,8,2,6,-1,6,2,3,-1,0,10,1,-1,1,10,4,-1,10,0,8,-1,8,0,2,-1,
        ]
    }
}
Shape{
    appearance Appearance {
        material  Material {
            diffuseColor 0.0 0.0 0.0
            specularColor 0.0 0.0 0.0
            ambientIntensity 0.0
            transparency 0.0
            shininess 0.5
        }
    }
    geometry IndexedFaceSet {
        ccw TRUE
        solid FALSE
        coord DEF co Coordinate {
            point [
                6.6339 0.0562 -0.7026, 6.6339 -0.0422 -0.741, 6.6378 0.0562 -0.7026, 6.6378 -0.0422 -0.741, 6.6339 -0.0422 -0.7266, 6.6378 -0.0422 -0.7266, 6.6339 -0.0146 -0.7167, 6.6378 -0.0146 -0.7167, 6.6339 -0.0146 -0.676, 6.6378 -0.0146 -0.676, 6.6339 -0.0422 -0.6666, 6.6378 -0.0422 -0.6666, 6.6339 -0.0422 -0.6522, 6.6378 -0.0422 -0.6522, 6.6339 0.0562 -0.6894, 6.6378 0.0562 -0.6894, 6.6339 -0.0038 -0.6793, 6.6339 -0.0038 -0.7123, 6.6339 0.0373 -0.694, 6.6339 0.0407 -0.695, 6.6339 0.0442 -0.6956, 6.6339 0.0442 -0.6959, 6.6339 0.0407 -0.6966, 6.6339 0.0373 -0.6974, 6.6378 -0.0038 -0.6793, 6.6378 -0.0038 -0.7123, 6.6378 0.0373 -0.694, 6.6378 0.0407 -0.695, 6.6378 0.0442 -0.6956, 6.6378 0.0442 -0.6959, 6.6378 0.0407 -0.6966, 6.6378 0.0373 -0.6974, 6.6339 -0.0422 -0.5926, 6.6339 -0.0422 -0.5658, 6.6378 -0.0422 -0.5926, 6.6378 -0.0422 -0.5658, 6.6339 0.0562 -0.5658, 6.6378 0.0562 -0.5658, 6.6339 0.0562 -0.5936, 6.6378 0.0562 -0.5936, 6.6339 0.0082 -0.645, 6.6378 0.0082 -0.645, 6.6378 0.0175 -0.6443, 6.6339 0.0175 -0.6443, 6.6378 0.0272 -0.6417, 6.6339 0.0272 -0.6417, 6.6378 0.0357 -0.6371, 6.6339 0.0357 -0.6371, 6.6378 0.0434 -0.6301, 6.6339 0.0434 -0.6301, 6.6378 0.0435 -0.63, 6.6339 0.0435 -0.63, 6.6378 0.0506 -0.6193, 6.6339 0.0506 -0.6193, 6.6378 0.0547 -0.6078, 6.6339 0.0547 -0.6078, 6.6378 -0.0412 -0.6047, 6.6339 -0.0412 -0.6047, 6.6378 -0.0378 -0.6161, 6.6339 -0.0378 -0.6161, 6.6378 -0.0318 -0.6264, 6.6339 -0.0318 -0.6264, 6.6378 -0.024 -0.6345, 6.6339 -0.024 -0.6345, 6.6378 -0.0152 -0.6401, 6.6339 -0.0152 -0.6401, 6.6378 -0.0049 -0.6436, 6.6339 -0.0049 -0.6436, 6.6339 0.0316 -0.6253, 6.6339 0.0367 -0.6205, 6.6339 0.0413 -0.6133, 6.6339 0.0442 -0.6052, 6.6339 0.0454 -0.5935, 6.6339 0.0454 -0.579, 6.6339 -0.0314 -0.579, 6.6339 -0.0314 -0.593, 6.6339 -0.0304 -0.6034, 6.6339 -0.0279 -0.6116, 6.6339 -0.0239 -0.6184, 6.6339 -0.0184 -0.6239, 6.6339 -0.0116 -0.628, 6.6339 -0.0024 -0.6309, 6.6339 0.008 -0.6318, 6.6339 0.0177 -0.631, 6.6339 0.0255 -0.6287, 6.6378 0.0454 -0.5935, 6.6378 0.0454 -0.579, 6.6378 0.0442 -0.6052, 6.6378 0.0413 -0.6133, 6.6378 0.0367 -0.6205, 6.6378 0.0316 -0.6253, 6.6378 0.0255 -0.6287, 6.6378 0.0177 -0.631, 6.6378 0.008 -0.6318, 6.6378 -0.0024 -0.6309, 6.6378 -0.0116 -0.628, 6.6378 -0.0184 -0.6239, 6.6378 -0.0239 -0.6184, 6.6378 -0.0279 -0.6116, 6.6378 -0.0304 -0.6034, 6.6378 -0.0314 -0.593, 6.6378 -0.0314 -0.579, 6.6339 -0.0314 -0.5466, 6.6339 -0.0422 -0.5466, 6.6378 -0.0314 -0.5466, 6.6378 -0.0422 -0.5466, 6.6339 -0.0422 -0.4938, 6.6378 -0.0422 -0.4938, 6.6339 0.0562 -0.4938, 6.6378 0.0562 -0.4938, 6.6339 0.0562 -0.5442, 6.6378 0.0562 -0.5442, 6.6339 0.0454 -0.5442, 6.6378 0.0454 -0.5442, 6.6339 0.0454 -0.507, 6.6378 0.0454 -0.507, 6.6339 0.013 -0.507, 6.6378 0.013 -0.507, 6.6339 0.013 -0.5418, 6.6378 0.013 -0.5418, 6.6339 0.0022 -0.5418, 6.6378 0.0022 -0.5418, 6.6339 0.0022 -0.507, 6.6378 0.0022 -0.507, 6.6339 -0.0314 -0.507, 6.6378 -0.0314 -0.507, 6.6339 -0.0263 -0.4746, 6.6339 -0.0371 -0.4746, 6.6378 -0.0263 -0.4746, 6.6378 -0.0371 -0.4746, 6.6339 -0.0414 -0.4641, 6.6339 -0.0434 -0.4475, 6.6378 -0.0434 -0.4475, 6.6378 -0.0434 -0.4502, 6.6339 -0.0434 -0.4502, 6.6378 -0.0428 -0.4541, 6.6378 -0.0414 -0.4641, 6.6339 0.0051 -0.4014, 6.6378 0.0051 -0.4014, 6.6378 -0.0063 -0.4023, 6.6339 -0.0063 -0.4023, 6.6378 -0.0167 -0.4053, 6.6339 -0.0167 -0.4053, 6.6378 -0.026 -0.4105, 6.6339 -0.026 -0.4105, 6.6378 -0.0338 -0.4179, 6.6339 -0.0338 -0.4179, 6.6378 -0.0389 -0.4258, 6.6339 -0.0389 -0.4258, 6.6378 -0.0422 -0.4354, 6.6339 -0.0422 -0.4354, 6.6378 -0.0428 -0.4417, 6.6339 0.0574 -0.4514, 6.6378 0.0574 -0.4514, 6.6378 0.0566 -0.4415, 6.6339 0.0566 -0.4415, 6.6378 0.0534 -0.4306, 6.6339 0.0534 -0.4306, 6.6378 0.048 -0.4212, 6.6339 0.048 -0.4212, 6.6378 0.0395 -0.4123, 6.6339 0.0395 -0.4123, 6.6378 0.0303 -0.4066, 6.6339 0.0303 -0.4066, 6.6378 0.0191 -0.4028, 6.6339 0.0191 -0.4028, 6.6339 0.0535 -0.4746, 6.6378 0.0535 -0.4746, 6.6378 0.0566 -0.4632, 6.6339 0.0566 -0.4632, 6.6339 0.0403 -0.4746, 6.6378 0.0403 -0.4746, 6.6339 0.0466 -0.4515, 6.6378 0.0466 -0.4515, 6.6378 0.0451 -0.4635, 6.6339 0.0451 -0.4635, 6.6339 0.0059 -0.4146, 6.6378 0.0059 -0.4146, 6.6378 0.0136 -0.415, 6.6339 0.0136 -0.415, 6.6378 0.0241 -0.4177, 6.6339 0.0241 -0.4177, 6.6378 0.0317 -0.4217, 6.6339 0.0317 -0.4217, 6.6378 0.0383 -0.4277, 6.6339 0.0383 -0.4277, 6.6378 0.0429 -0.4345, 6.6339 0.0429 -0.4345, 6.6378 0.0455 -0.4418, 6.6339 0.0455 -0.4418, 6.6339 -0.0326 -0.4493, 6.6378 -0.0326 -0.4493, 6.6378 -0.0316 -0.4401, 6.6339 -0.0316 -0.4401, 6.6378 -0.0289 -0.433, 6.6339 -0.0289 -0.433, 6.6378 -0.0249 -0.4269, 6.6339 -0.0249 -0.4269, 6.6378 -0.02 -0.4223, 6.6339 -0.02 -0.4223, 6.6378 -0.0132 -0.4182, 6.6339 -0.0132 -0.4182, 6.6378 -0.0047 -0.4156, 6.6339 -0.0047 -0.4156, 6.6378 -0.0273 -0.4728, 6.6339 -0.0273 -0.4728, 6.6378 -0.0312 -0.4624, 6.6339 -0.0312 -0.4624, 6.6339 -0.0314 -0.393, 6.6339 -0.0422 -0.393, 6.6378 -0.0314 -0.393, 6.6378 -0.0422 -0.393, 6.6339 -0.0422 -0.3425, 6.6378 -0.0422 -0.3425, 6.6339 0.0562 -0.3425, 6.6378 0.0562 -0.3425, 6.6339 0.0562 -0.3557, 6.6378 0.0562 -0.3557, 6.6339 -0.0314 -0.3557, 6.6378 -0.0314 -0.3557
            ]
        }
        coordIndex [
            0,1,2,-1,2,1,3,-1,1,4,3,-1,3,4,5,-1,4,6,5,-1,5,6,7,-1,6,8,7,-1,7,8,9,-1,8,10,9,-1,9,10,11,-1,10,12,11,-1,11,12,13,-1,12,14,13,-1,13,14,15,-1,14,0,15,-1,15,0,2,-1,16,8,17,-1,17,8,6,-1,18,14,16,-1,16,14,12,-1,16,12,8,-1,8,12,10,-1,18,19,14,-1,14,19,20,-1,14,20,0,-1,0,20,21,-1,0,21,22,-1,22,23,0,-1,0,23,17,-1,0,17,1,-1,1,17,6,-1,1,6,4,-1,16,17,24,-1,24,17,25,-1,18,16,26,-1,26,16,24,-1,18,26,27,-1,18,27,19,-1,19,27,28,-1,19,28,20,-1,21,20,29,-1,29,20,28,-1,21,29,30,-1,21,30,22,-1,22,30,31,-1,22,31,23,-1,17,23,25,-1,25,23,31,-1,32,33,34,-1,34,33,35,-1,33,36,35,-1,35,36,37,-1,36,38,37,-1,37,38,39,-1,40,41,42,-1,40,42,43,-1,43,42,44,-1,43,44,45,-1,45,44,46,-1,45,46,47,-1,47,46,48,-1,47,48,49,-1,49,48,50,-1,49,50,51,-1,51,50,52,-1,51,52,53,-1,53,52,54,-1,53,54,55,-1,55,54,39,-1,55,39,38,-1,32,34,56,-1,32,56,57,-1,57,56,58,-1,57,58,59,-1,59,58,60,-1,59,60,61,-1,61,60,62,-1,61,62,63,-1,63,62,64,-1,63,64,65,-1,65,64,66,-1,65,66,67,-1,67,66,41,-1,67,41,40,-1,45,47,68,-1,68,47,49,-1,68,49,69,-1,69,49,51,-1,69,51,70,-1,70,51,53,-1,70,53,71,-1,71,53,55,-1,71,55,72,-1,72,55,38,-1,72,38,73,-1,73,38,36,-1,73,36,74,-1,74,36,33,-1,74,33,75,-1,75,33,32,-1,75,32,76,-1,76,32,57,-1,76,57,77,-1,77,57,59,-1,77,59,78,-1,78,59,61,-1,78,61,79,-1,79,61,63,-1,79,63,80,-1,80,63,65,-1,80,65,81,-1,81,65,67,-1,81,67,82,-1,82,67,40,-1,82,40,83,-1,83,40,43,-1,83,43,84,-1,84,43,45,-1,84,45,68,-1,72,73,85,-1,85,73,86,-1,72,85,87,-1,72,87,71,-1,71,87,88,-1,71,88,70,-1,70,88,89,-1,70,89,69,-1,69,89,90,-1,69,90,68,-1,68,90,91,-1,68,91,84,-1,84,91,92,-1,84,92,83,-1,83,92,93,-1,83,93,82,-1,82,93,94,-1,82,94,81,-1,81,94,95,-1,81,95,80,-1,80,95,96,-1,80,96,79,-1,79,96,97,-1,79,97,78,-1,78,97,98,-1,78,98,77,-1,77,98,99,-1,77,99,76,-1,76,99,100,-1,76,100,75,-1,74,75,101,-1,101,75,100,-1,73,74,86,-1,86,74,101,-1,102,103,104,-1,104,103,105,-1,103,106,105,-1,105,106,107,-1,106,108,107,-1,107,108,109,-1,108,110,109,-1,109,110,111,-1,110,112,111,-1,111,112,113,-1,112,114,113,-1,113,114,115,-1,114,116,115,-1,115,116,117,-1,116,118,117,-1,117,118,119,-1,118,120,119,-1,119,120,121,-1,120,122,121,-1,121,122,123,-1,122,124,123,-1,123,124,125,-1,124,102,125,-1,125,102,104,-1,106,103,102,-1,102,124,106,-1,106,124,122,-1,106,122,108,-1,112,110,114,-1,114,110,108,-1,114,108,116,-1,116,108,122,-1,116,122,118,-1,118,122,120,-1,126,127,128,-1,128,127,129,-1,129,127,130,-1,131,132,133,-1,131,133,134,-1,134,133,135,-1,134,135,130,-1,130,135,136,-1,130,136,129,-1,137,138,139,-1,137,139,140,-1,140,139,141,-1,140,141,142,-1,142,141,143,-1,142,143,144,-1,144,143,145,-1,144,145,146,-1,146,145,147,-1,146,147,148,-1,148,147,149,-1,148,149,150,-1,150,149,131,-1,131,149,151,-1,131,151,132,-1,152,153,154,-1,152,154,155,-1,155,154,156,-1,155,156,157,-1,157,156,158,-1,157,158,159,-1,159,158,160,-1,159,160,161,-1,161,160,162,-1,161,162,163,-1,163,162,164,-1,163,164,165,-1,165,164,138,-1,165,138,137,-1,166,167,168,-1,166,168,169,-1,169,168,153,-1,169,153,152,-1,166,170,167,-1,167,170,171,-1,172,173,174,-1,172,174,175,-1,175,174,171,-1,175,171,170,-1,176,177,178,-1,176,178,179,-1,179,178,180,-1,179,180,181,-1,181,180,182,-1,181,182,183,-1,183,182,184,-1,183,184,185,-1,185,184,186,-1,185,186,187,-1,187,186,188,-1,187,188,189,-1,189,188,173,-1,189,173,172,-1,190,191,192,-1,190,192,193,-1,193,192,194,-1,193,194,195,-1,195,194,196,-1,195,196,197,-1,197,196,198,-1,197,198,199,-1,199,198,200,-1,199,200,201,-1,201,200,202,-1,201,202,203,-1,203,202,177,-1,203,177,176,-1,126,128,204,-1,126,204,205,-1,205,204,206,-1,205,206,207,-1,207,206,191,-1,207,191,190,-1,193,131,190,-1,190,131,134,-1,190,134,207,-1,207,134,130,-1,207,130,205,-1,205,130,127,-1,205,127,126,-1,170,166,175,-1,175,166,169,-1,175,169,172,-1,172,169,152,-1,172,152,189,-1,189,152,155,-1,189,155,187,-1,187,155,157,-1,187,157,185,-1,185,157,159,-1,185,159,183,-1,183,159,161,-1,183,161,181,-1,181,161,163,-1,181,163,179,-1,179,163,165,-1,179,165,176,-1,176,165,137,-1,176,137,203,-1,203,137,140,-1,203,140,201,-1,201,140,142,-1,201,142,199,-1,199,142,144,-1,199,144,197,-1,197,144,146,-1,197,146,195,-1,195,146,148,-1,195,148,193,-1,193,148,150,-1,193,150,131,-1,208,209,210,-1,210,209,211,-1,209,212,211,-1,211,212,213,-1,212,214,213,-1,213,214,215,-1,214,216,215,-1,215,216,217,-1,216,218,217,-1,217,218,219,-1,218,208,219,-1,219,208,210,-1,216,214,218,-1,218,214,212,-1,218,212,208,-1,208,212,209,-1,
        ]
    }
}
Shape{
    appearance Appearance {
        material  Material {
            diffuseColor 0.9490196078431372 0.7607843137254902 0.1803921568627451
            specularColor 0.7607843137254902 0.6078431372549019 0.1450980392156863
            ambientIntensity 0.7509
            transparency 0.0
            shininess 0.5
        }
    }
    geometry IndexedFaceSet {
        ccw TRUE
        solid FALSE
        coord DEF co Coordinate {
            point [
                6.6378 -0.0038 -0.6793, 6.6378 -0.0038 -0.7123, 6.6378 0.0373 -0.694, 6.6378 0.0373 -0.6974, 6.6378 0.0407 -0.695, 6.6378 0.0407 -0.6966, 6.6378 0.0442 -0.6956, 6.6378 0.0442 -0.6959, 6.6378 0.0454 -0.579, 6.6378 -0.0314 -0.579, 6.6378 0.0454 -0.5935, 6.6378 -0.0314 -0.593, 6.6378 -0.0304 -0.6034, 6.6378 0.008 -0.6318, 6.6378 0.0177 -0.631, 6.6378 0.0255 -0.6287, 6.6378 0.0442 -0.6052, 6.6378 -0.0279 -0.6116, 6.6378 -0.0239 -0.6184, 6.6378 -0.0184 -0.6239, 6.6378 -0.0116 -0.628, 6.6378 -0.0024 -0.6309, 6.6378 0.0316 -0.6253, 6.6378 0.0367 -0.6205, 6.6378 0.0413 -0.6133, 5.6378 0.0466 -0.4515, 5.6378 0.0455 -0.4418, 5.6378 -0.0273 -0.4728, 5.6378 0.0574 -0.4514, 5.6378 0.0566 -0.4632, 5.6378 0.0562 -0.4938, 5.6378 -0.0338 -0.4179, 5.6378 -0.026 -0.4105, 5.6378 -0.0422 -0.393, 5.6378 -0.0428 -0.4417, 5.6378 -0.0422 -0.3425, 5.6378 0.0451 -0.4635, 5.6378 -0.0263 -0.4746, 5.6378 0.0403 -0.4746, 5.6378 0.0022 -0.5418, 5.6378 -0.0428 -0.5562, 5.6378 0.013 -0.5418, 5.6378 0.0454 -0.5442, 5.6378 0.013 -0.507, 5.6378 0.0454 -0.507, 5.6378 0.1378 0.1969, 5.6378 0.0562 -0.3425, 5.6378 0.0562 -0.3557, 5.6378 0.0303 -0.4066, 5.6378 0.0395 -0.4123, 5.6378 0.048 -0.4212, 5.6378 0.0534 -0.4306, 5.6378 -0.0314 -0.393, 5.6378 -0.0167 -0.4053, 5.6378 -0.0314 -0.3557, 5.6378 0.0562 -0.5442, 5.6378 0.1378 -0.5562, 5.6378 0.0566 -0.4415, 5.6378 0.0535 -0.4746, 5.6378 -0.0422 -0.4938, 5.6378 -0.0371 -0.4746, 5.6378 -0.0422 -0.4354, 5.6378 -0.0389 -0.4258, 5.6378 0.0429 -0.4345, 5.6378 0.0383 -0.4277, 5.6378 0.0317 -0.4217, 5.6378 0.0059 -0.4146, 5.6378 -0.0047 -0.4156, 5.6378 -0.0132 -0.4182, 5.6378 -0.0316 -0.4401, 5.6378 -0.0326 -0.4493, 5.6378 -0.0289 -0.433, 5.6378 -0.0249 -0.4269, 5.6378 -0.02 -0.4223, 5.6378 -0.0312 -0.4624, 5.6378 -0.0063 -0.4023, 5.6378 0.0051 -0.4014, 5.6378 0.0191 -0.4028, 5.6378 0.0241 -0.4177, 5.6378 0.0136 -0.415, 5.6378 0.0022 -0.507, 5.6378 -0.0314 -0.507, 5.6378 -0.0314 -0.5466, 5.6378 -0.0422 -0.5466, 5.6378 -0.0428 -0.4541, 5.6378 -0.0434 -0.4502, 5.6378 -0.1378 -0.5562, 5.6378 -0.0434 -0.4475, 5.6378 -0.0428 0.1969, 5.6378 -0.1378 0.1969, 5.6378 0.0562 -0.6894, 5.6378 0.0562 -0.7026, 5.6378 -0.0422 -0.5926, 5.6378 -0.0422 -0.5658, 5.6378 0.0562 -0.5658, 5.6378 -0.0422 -0.7266, 5.6378 -0.0422 -0.741, 5.6378 -0.0428 -1.0236, 5.6378 0.1378 -1.0236, 5.6378 0.0562 -0.5936, 5.6378 0.0547 -0.6078, 5.6378 0.0506 -0.6193, 5.6378 0.0435 -0.63, 5.6378 -0.0422 -0.6522, 5.6378 -0.0152 -0.6401, 5.6378 -0.024 -0.6345, 5.6378 0.0434 -0.6301, 5.6378 0.0357 -0.6371, 5.6378 0.0272 -0.6417, 5.6378 -0.0318 -0.6264, 5.6378 -0.0378 -0.6161, 5.6378 -0.0412 -0.6047, 5.6378 -0.0422 -0.6666, 5.6378 -0.0146 -0.676, 5.6378 -0.0146 -0.7167, 5.6378 0.0175 -0.6443, 5.6378 0.0082 -0.645, 5.6378 -0.0049 -0.6436, 5.6378 -0.0414 -0.4641, 5.6378 -0.1378 -1.0236
            ]
        }
        coordIndex [
            0,1,2,-1,2,1,3,-1,2,3,4,-1,4,3,5,-1,4,5,6,-1,6,5,7,-1,8,9,10,-1,10,9,11,-1,10,11,12,-1,13,14,10,-1,10,14,15,-1,10,15,16,-1,12,17,10,-1,10,17,18,-1,10,18,19,-1,19,20,10,-1,10,20,21,-1,10,21,13,-1,22,23,15,-1,15,23,24,-1,15,24,16,-1,25,26,27,-1,28,29,30,-1,31,32,33,-1,34,33,35,-1,25,27,36,-1,36,27,37,-1,36,37,38,-1,39,40,41,-1,41,40,42,-1,41,42,43,-1,43,42,44,-1,45,46,47,-1,48,49,47,-1,47,49,50,-1,47,50,51,-1,33,32,52,-1,52,32,53,-1,52,53,54,-1,55,56,30,-1,30,56,45,-1,30,45,28,-1,28,45,47,-1,28,47,57,-1,57,47,51,-1,29,58,30,-1,30,58,38,-1,30,38,59,-1,59,38,37,-1,59,37,60,-1,34,61,33,-1,33,61,62,-1,33,62,31,-1,26,63,27,-1,27,63,64,-1,27,64,65,-1,66,67,27,-1,27,67,68,-1,69,70,71,-1,71,70,72,-1,68,73,27,-1,27,73,72,-1,27,72,74,-1,74,72,70,-1,53,75,54,-1,54,75,76,-1,54,76,47,-1,47,76,77,-1,47,77,48,-1,65,78,27,-1,27,78,79,-1,27,79,66,-1,80,81,39,-1,39,81,82,-1,39,82,40,-1,40,82,83,-1,40,83,59,-1,84,85,86,-1,86,85,87,-1,86,87,34,-1,46,45,35,-1,35,45,88,-1,35,88,34,-1,34,88,89,-1,34,89,86,-1,56,90,91,-1,92,93,40,-1,55,42,56,-1,56,42,40,-1,56,40,94,-1,94,40,93,-1,95,40,96,-1,96,40,97,-1,96,97,91,-1,91,97,98,-1,91,98,56,-1,94,99,56,-1,56,99,100,-1,56,100,90,-1,90,100,101,-1,90,101,102,-1,103,104,105,-1,102,106,90,-1,90,106,107,-1,90,107,108,-1,105,109,103,-1,103,109,110,-1,103,110,111,-1,111,92,103,-1,103,92,40,-1,103,40,112,-1,112,40,95,-1,112,95,113,-1,113,95,114,-1,108,115,90,-1,90,115,116,-1,90,116,103,-1,103,116,117,-1,103,117,104,-1,60,118,59,-1,59,118,84,-1,59,84,40,-1,40,84,86,-1,40,86,97,-1,97,86,119,-1,
        ]
    }
}
Shape{
    appearance Appearance {
        material  Material {
            diffuseColor 0.17647058823529413 0.17647058823529413 0.17647058823529413
            specularColor 0.050980392156862744 0.050980392156862744 0.050980392156862744
            ambientIntensity 0.251
            transparency 0.0
            shininess 0.5
        }
    }
    geometry IndexedFaceSet {
        ccw TRUE
        solid FALSE
        coord DEF co Coordinate {
            point [
                5.3622 -0.1378 0.1969, 5.6378 -0.1378 0.1969, 6.0 -0.2638 0.1969, 5.6378 -0.0428 0.1969, 6.0 0.2638 0.1969, 5.6378 0.1378 0.1969, 5.0 0.2638 0.1969, 5.3622 0.1378 0.1969, 5.0 -0.2638 0.1969, 5.1181 -0.5 0.0118, 5.1181 -0.5 0.9843, 5.0 -0.3819 0.0118, 5.0 -0.3819 0.9843, 5.8819 -0.5 0.0118, 5.8819 -0.5 0.9843, 6.0 -0.3819 0.0118, 6.0 -0.3819 0.9843, 6.0 -0.2638 0.0118, 6.0 0.2638 0.0118, 6.0 0.3819 0.0118, 6.0 0.3819 0.9843, 5.8819 0.5 0.0118, 5.8819 0.5 0.9843, 5.1181 0.5 0.0118, 5.1181 0.5 0.9843, 5.0 0.3819 0.0118, 5.0 0.3819 0.9843, 5.0 0.2638 0.0118, 5.0 -0.2638 0.0118, 5.3622 0.1378 0.9843, 5.6378 0.1378 0.9843, 5.3622 -0.1378 0.9843, 5.6378 -0.1378 0.9843
            ]
        }
        coordIndex [
            0,1,2,-1,2,1,3,-1,2,3,4,-1,4,3,5,-1,4,5,6,-1,6,5,7,-1,6,7,8,-1,8,7,0,-1,8,0,2,-1,9,10,11,-1,11,10,12,-1,13,14,9,-1,9,14,10,-1,15,16,13,-1,13,16,14,-1,15,17,2,-1,18,19,4,-1,4,19,20,-1,4,20,2,-1,2,20,16,-1,2,16,15,-1,21,22,19,-1,19,22,20,-1,23,24,21,-1,21,24,22,-1,25,26,23,-1,23,26,24,-1,25,27,6,-1,28,11,8,-1,8,11,12,-1,8,12,6,-1,6,12,26,-1,6,26,25,-1,24,29,22,-1,22,29,30,-1,24,26,29,-1,29,26,12,-1,29,12,31,-1,31,12,10,-1,31,10,32,-1,32,10,14,-1,32,14,30,-1,30,14,16,-1,30,16,22,-1,22,16,20,-1,6,27,4,-1,4,27,18,-1,21,19,18,-1,21,18,23,-1,23,18,27,-1,23,27,25,-1,2,17,8,-1,8,17,28,-1,11,28,9,-1,9,28,17,-1,9,17,13,-1,13,17,15,-1,
        ]
    }
}
Shape{
    appearance Appearance {
        material  Material {
            diffuseColor 0.9490196078431372 0.7607843137254902 0.1803921568627451
            specularColor 0.7607843137254902 0.6078431372549019 0.1450980392156863
            ambientIntensity 0.7509
            transparency 0.0
            shininess 0.5
        }
    }
    geometry IndexedFaceSet {
        ccw TRUE
        solid FALSE
        coord DEF co Coordinate {
            point [
                5.5984 -0.0984 3.3465, 5.5984 0.0984 3.3465, 5.4016 -0.0984 3.3465, 5.4016 0.0984 3.3465, 5.6378 0.1378 3.189, 5.6378 0.1378 0.9843, 5.3622 0.1378 3.189, 5.3622 0.1378 0.9843, 5.3622 -0.1378 3.189, 5.3622 -0.1378 0.9843, 5.6378 -0.1378 3.189, 5.6378 -0.1378 0.9843, 5.6378 -0.1378 0.1969, 5.3622 -0.1378 0.1969, 5.6378 -0.1378 -0.5562, 5.3622 -0.1378 -1.0236, 5.6378 -0.1378 -1.0236, 5.3622 0.1378 -1.0236, 5.3622 0.1378 0.1969, 5.6378 0.1378 0.1969, 5.6378 0.1378 -0.5562, 5.6378 0.1378 -1.0236, 5.5984 0.0984 -1.1811, 5.5984 -0.0984 -1.1811, 5.4016 0.0984 -1.1811, 5.4016 -0.0984 -1.1811, 5.6378 -0.0428 -1.0236
            ]
        }
        coordIndex [
            0,1,2,-1,2,1,3,-1,4,5,6,-1,6,5,7,-1,6,7,8,-1,8,7,9,-1,8,9,10,-1,10,9,11,-1,10,11,4,-1,4,11,5,-1,12,13,14,-1,14,13,15,-1,14,15,16,-1,15,13,17,-1,17,13,18,-1,18,19,17,-1,17,19,20,-1,17,20,21,-1,22,23,24,-1,24,23,25,-1,23,16,25,-1,25,16,15,-1,16,23,26,-1,26,23,22,-1,26,22,21,-1,17,24,15,-1,15,24,25,-1,24,17,22,-1,22,17,21,-1,6,3,4,-1,4,3,1,-1,8,2,6,-1,6,2,3,-1,0,10,1,-1,1,10,4,-1,10,0,8,-1,8,0,2,-1,
        ]
    }
}
Shape{
    appearance Appearance {
        material  Material {
            diffuseColor 0.0 0.0 0.0
            specularColor 0.0 0.0 0.0
            ambientIntensity 0.0
            transparency 0.0
            shininess 0.5
        }
    }
    geometry IndexedFaceSet {
        ccw TRUE
        solid FALSE
        coord DEF co Coordinate {
            point [
                5.6339 0.0562 -0.7026, 5.6339 -0.0422 -0.741, 5.6378 0.0562 -0.7026, 5.6378 -0.0422 -0.741, 5.6339 -0.0422 -0.7266, 5.6378 -0.0422 -0.7266, 5.6339 -0.0146 -0.7167, 5.6378 -0.0146 -0.7167, 5.6339 -0.0146 -0.676, 5.6378 -0.0146 -0.676, 5.6339 -0.0422 -0.6666, 5.6378 -0.0422 -0.6666, 5.6339 -0.0422 -0.6522, 5.6378 -0.0422 -0.6522, 5.6339 0.0562 -0.6894, 5.6378 0.0562 -0.6894, 5.6339 -0.0038 -0.6793, 5.6339 -0.0038 -0.7123, 5.6339 0.0373 -0.694, 5.6339 0.0407 -0.695, 5.6339 0.0442 -0.6956, 5.6339 0.0442 -0.6959, 5.6339 0.0407 -0.6966, 5.6339 0.0373 -0.6974, 5.6378 -0.0038 -0.6793, 5.6378 -0.0038 -0.7123, 5.6378 0.0373 -0.694, 5.6378 0.0407 -0.695, 5.6378 0.0442 -0.6956, 5.6378 0.0442 -0.6959, 5.6378 0.0407 -0.6966, 5.6378 0.0373 -0.6974, 5.6339 -0.0422 -0.5926, 5.6339 -0.0422 -0.5658, 5.6378 -0.0422 -0.5926, 5.6378 -0.0422 -0.5658, 5.6339 0.0562 -0.5658, 5.6378 0.0562 -0.5658, 5.6339 0.0562 -0.5936, 5.6378 0.0562 -0.5936, 5.6339 0.0082 -0.645, 5.6378 0.0082 -0.645, 5.6378 0.0175 -0.6443, 5.6339 0.0175 -0.6443, 5.6378 0.0272 -0.6417, 5.6339 0.0272 -0.6417, 5.6378 0.0357 -0.6371, 5.6339 0.0357 -0.6371, 5.6378 0.0434 -0.6301, 5.6339 0.0434 -0.6301, 5.6378 0.0435 -0.63, 5.6339 0.0435 -0.63, 5.6378 0.0506 -0.6193, 5.6339 0.0506 -0.6193, 5.6378 0.0547 -0.6078, 5.6339 0.0547 -0.6078, 5.6378 -0.0412 -0.6047, 5.6339 -0.0412 -0.6047, 5.6378 -0.0378 -0.6161, 5.6339 -0.0378 -0.6161, 5.6378 -0.0318 -0.6264, 5.6339 -0.0318 -0.6264, 5.6378 -0.024 -0.6345, 5.6339 -0.024 -0.6345, 5.6378 -0.0152 -0.6401, 5.6339 -0.0152 -0.6401, 5.6378 -0.0049 -0.6436, 5.6339 -0.0049 -0.6436, 5.6339 0.0316 -0.6253, 5.6339 0.0367 -0.6205, 5.6339 0.0413 -0.6133, 5.6339 0.0442 -0.6052, 5.6339 0.0454 -0.5935, 5.6339 0.0454 -0.579, 5.6339 -0.0314 -0.579, 5.6339 -0.0314 -0.593, 5.6339 -0.0304 -0.6034, 5.6339 -0.0279 -0.6116, 5.6339 -0.0239 -0.6184, 5.6339 -0.0184 -0.6239, 5.6339 -0.0116 -0.628, 5.6339 -0.0024 -0.6309, 5.6339 0.008 -0.6318, 5.6339 0.0177 -0.631, 5.6339 0.0255 -0.6287, 5.6378 0.0454 -0.5935, 5.6378 0.0454 -0.579, 5.6378 0.0442 -0.6052, 5.6378 0.0413 -0.6133, 5.6378 0.0367 -0.6205, 5.6378 0.0316 -0.6253, 5.6378 0.0255 -0.6287, 5.6378 0.0177 -0.631, 5.6378 0.008 -0.6318, 5.6378 -0.0024 -0.6309, 5.6378 -0.0116 -0.628, 5.6378 -0.0184 -0.6239, 5.6378 -0.0239 -0.6184, 5.6378 -0.0279 -0.6116, 5.6378 -0.0304 -0.6034, 5.6378 -0.0314 -0.593, 5.6378 -0.0314 -0.579, 5.6339 -0.0314 -0.5466, 5.6339 -0.0422 -0.5466, 5.6378 -0.0314 -0.5466, 5.6378 -0.0422 -0.5466, 5.6339 -0.0422 -0.4938, 5.6378 -0.0422 -0.4938, 5.6339 0.0562 -0.4938, 5.6378 0.0562 -0.4938, 5.6339 0.0562 -0.5442, 5.6378 0.0562 -0.5442, 5.6339 0.0454 -0.5442, 5.6378 0.0454 -0.5442, 5.6339 0.0454 -0.507, 5.6378 0.0454 -0.507, 5.6339 0.013 -0.507, 5.6378 0.013 -0.507, 5.6339 0.013 -0.5418, 5.6378 0.013 -0.5418, 5.6339 0.0022 -0.5418, 5.6378 0.0022 -0.5418, 5.6339 0.0022 -0.507, 5.6378 0.0022 -0.507, 5.6339 -0.0314 -0.507, 5.6378 -0.0314 -0.507, 5.6339 -0.0263 -0.4746, 5.6339 -0.0371 -0.4746, 5.6378 -0.0263 -0.4746, 5.6378 -0.0371 -0.4746, 5.6339 -0.0414 -0.4641, 5.6339 -0.0434 -0.4475, 5.6378 -0.0434 -0.4475, 5.6378 -0.0434 -0.4502, 5.6339 -0.0434 -0.4502, 5.6378 -0.0428 -0.4541, 5.6378 -0.0414 -0.4641, 5.6339 0.0051 -0.4014, 5.6378 0.0051 -0.4014, 5.6378 -0.0063 -0.4023, 5.6339 -0.0063 -0.4023, 5.6378 -0.0167 -0.4053, 5.6339 -0.0167 -0.4053, 5.6378 -0.026 -0.4105, 5.6339 -0.026 -0.4105, 5.6378 -0.0338 -0.4179, 5.6339 -0.0338 -0.4179, 5.6378 -0.0389 -0.4258, 5.6339 -0.0389 -0.4258, 5.6378 -0.0422 -0.4354, 5.6339 -0.0422 -0.4354, 5.6378 -0.0428 -0.4417, 5.6339 0.0574 -0.4514, 5.6378 0.0574 -0.4514, 5.6378 0.0566 -0.4415, 5.6339 0.0566 -0.4415, 5.6378 0.0534 -0.4306, 5.6339 0.0534 -0.4306, 5.6378 0.048 -0.4212, 5.6339 0.048 -0.4212, 5.6378 0.0395 -0.4123, 5.6339 0.0395 -0.4123, 5.6378 0.0303 -0.4066, 5.6339 0.0303 -0.4066, 5.6378 0.0191 -0.4028, 5.6339 0.0191 -0.4028, 5.6339 0.0535 -0.4746, 5.6378 0.0535 -0.4746, 5.6378 0.0566 -0.4632, 5.6339 0.0566 -0.4632, 5.6339 0.0403 -0.4746, 5.6378 0.0403 -0.4746, 5.6339 0.0466 -0.4515, 5.6378 0.0466 -0.4515, 5.6378 0.0451 -0.4635, 5.6339 0.0451 -0.4635, 5.6339 0.0059 -0.4146, 5.6378 0.0059 -0.4146, 5.6378 0.0136 -0.415, 5.6339 0.0136 -0.415, 5.6378 0.0241 -0.4177, 5.6339 0.0241 -0.4177, 5.6378 0.0317 -0.4217, 5.6339 0.0317 -0.4217, 5.6378 0.0383 -0.4277, 5.6339 0.0383 -0.4277, 5.6378 0.0429 -0.4345, 5.6339 0.0429 -0.4345, 5.6378 0.0455 -0.4418, 5.6339 0.0455 -0.4418, 5.6339 -0.0326 -0.4493, 5.6378 -0.0326 -0.4493, 5.6378 -0.0316 -0.4401, 5.6339 -0.0316 -0.4401, 5.6378 -0.0289 -0.433, 5.6339 -0.0289 -0.433, 5.6378 -0.0249 -0.4269, 5.6339 -0.0249 -0.4269, 5.6378 -0.02 -0.4223, 5.6339 -0.02 -0.4223, 5.6378 -0.0132 -0.4182, 5.6339 -0.0132 -0.4182, 5.6378 -0.0047 -0.4156, 5.6339 -0.0047 -0.4156, 5.6378 -0.0273 -0.4728, 5.6339 -0.0273 -0.4728, 5.6378 -0.0312 -0.4624, 5.6339 -0.0312 -0.4624, 5.6339 -0.0314 -0.393, 5.6339 -0.0422 -0.393, 5.6378 -0.0314 -0.393, 5.6378 -0.0422 -0.393, 5.6339 -0.0422 -0.3425, 5.6378 -0.0422 -0.3425, 5.6339 0.0562 -0.3425, 5.6378 0.0562 -0.3425, 5.6339 0.0562 -0.3557, 5.6378 0.0562 -0.3557, 5.6339 -0.0314 -0.3557, 5.6378 -0.0314 -0.3557
            ]
        }
        coordIndex [
            0,1,2,-1,2,1,3,-1,1,4,3,-1,3,4,5,-1,4,6,5,-1,5,6,7,-1,6,8,7,-1,7,8,9,-1,8,10,9,-1,9,10,11,-1,10,12,11,-1,11,12,13,-1,12,14,13,-1,13,14,15,-1,14,0,15,-1,15,0,2,-1,16,8,17,-1,17,8,6,-1,18,14,16,-1,16,14,12,-1,16,12,8,-1,8,12,10,-1,18,19,14,-1,14,19,20,-1,14,20,0,-1,0,20,21,-1,0,21,22,-1,22,23,0,-1,0,23,17,-1,0,17,1,-1,1,17,6,-1,1,6,4,-1,16,17,24,-1,24,17,25,-1,18,16,26,-1,26,16,24,-1,18,26,27,-1,18,27,19,-1,19,27,28,-1,19,28,20,-1,21,20,29,-1,29,20,28,-1,21,29,30,-1,21,30,22,-1,22,30,31,-1,22,31,23,-1,17,23,25,-1,25,23,31,-1,32,33,34,-1,34,33,35,-1,33,36,35,-1,35,36,37,-1,36,38,37,-1,37,38,39,-1,40,41,42,-1,40,42,43,-1,43,42,44,-1,43,44,45,-1,45,44,46,-1,45,46,47,-1,47,46,48,-1,47,48,49,-1,49,48,50,-1,49,50,51,-1,51,50,52,-1,51,52,53,-1,53,52,54,-1,53,54,55,-1,55,54,39,-1,55,39,38,-1,32,34,56,-1,32,56,57,-1,57,56,58,-1,57,58,59,-1,59,58,60,-1,59,60,61,-1,61,60,62,-1,61,62,63,-1,63,62,64,-1,63,64,65,-1,65,64,66,-1,65,66,67,-1,67,66,41,-1,67,41,40,-1,45,47,68,-1,68,47,49,-1,68,49,69,-1,69,49,51,-1,69,51,70,-1,70,51,53,-1,70,53,71,-1,71,53,55,-1,71,55,72,-1,72,55,38,-1,72,38,73,-1,73,38,36,-1,73,36,74,-1,74,36,33,-1,74,33,75,-1,75,33,32,-1,75,32,76,-1,76,32,57,-1,76,57,77,-1,77,57,59,-1,77,59,78,-1,78,59,61,-1,78,61,79,-1,79,61,63,-1,79,63,80,-1,80,63,65,-1,80,65,81,-1,81,65,67,-1,81,67,82,-1,82,67,40,-1,82,40,83,-1,83,40,43,-1,83,43,84,-1,84,43,45,-1,84,45,68,-1,72,73,85,-1,85,73,86,-1,72,85,87,-1,72,87,71,-1,71,87,88,-1,71,88,70,-1,70,88,89,-1,70,89,69,-1,69,89,90,-1,69,90,68,-1,68,90,91,-1,68,91,84,-1,84,91,92,-1,84,92,83,-1,83,92,93,-1,83,93,82,-1,82,93,94,-1,82,94,81,-1,81,94,95,-1,81,95,80,-1,80,95,96,-1,80,96,79,-1,79,96,97,-1,79,97,78,-1,78,97,98,-1,78,98,77,-1,77,98,99,-1,77,99,76,-1,76,99,100,-1,76,100,75,-1,74,75,101,-1,101,75,100,-1,73,74,86,-1,86,74,101,-1,102,103,104,-1,104,103,105,-1,103,106,105,-1,105,106,107,-1,106,108,107,-1,107,108,109,-1,108,110,109,-1,109,110,111,-1,110,112,111,-1,111,112,113,-1,112,114,113,-1,113,114,115,-1,114,116,115,-1,115,116,117,-1,116,118,117,-1,117,118,119,-1,118,120,119,-1,119,120,121,-1,120,122,121,-1,121,122,123,-1,122,124,123,-1,123,124,125,-1,124,102,125,-1,125,102,104,-1,106,103,102,-1,102,124,106,-1,106,124,122,-1,106,122,108,-1,112,110,114,-1,114,110,108,-1,114,108,116,-1,116,108,122,-1,116,122,118,-1,118,122,120,-1,126,127,128,-1,128,127,129,-1,129,127,130,-1,131,132,133,-1,131,133,134,-1,134,133,135,-1,134,135,130,-1,130,135,136,-1,130,136,129,-1,137,138,139,-1,137,139,140,-1,140,139,141,-1,140,141,142,-1,142,141,143,-1,142,143,144,-1,144,143,145,-1,144,145,146,-1,146,145,147,-1,146,147,148,-1,148,147,149,-1,148,149,150,-1,150,149,131,-1,131,149,151,-1,131,151,132,-1,152,153,154,-1,152,154,155,-1,155,154,156,-1,155,156,157,-1,157,156,158,-1,157,158,159,-1,159,158,160,-1,159,160,161,-1,161,160,162,-1,161,162,163,-1,163,162,164,-1,163,164,165,-1,165,164,138,-1,165,138,137,-1,166,167,168,-1,166,168,169,-1,169,168,153,-1,169,153,152,-1,166,170,167,-1,167,170,171,-1,172,173,174,-1,172,174,175,-1,175,174,171,-1,175,171,170,-1,176,177,178,-1,176,178,179,-1,179,178,180,-1,179,180,181,-1,181,180,182,-1,181,182,183,-1,183,182,184,-1,183,184,185,-1,185,184,186,-1,185,186,187,-1,187,186,188,-1,187,188,189,-1,189,188,173,-1,189,173,172,-1,190,191,192,-1,190,192,193,-1,193,192,194,-1,193,194,195,-1,195,194,196,-1,195,196,197,-1,197,196,198,-1,197,198,199,-1,199,198,200,-1,199,200,201,-1,201,200,202,-1,201,202,203,-1,203,202,177,-1,203,177,176,-1,126,128,204,-1,126,204,205,-1,205,204,206,-1,205,206,207,-1,207,206,191,-1,207,191,190,-1,193,131,190,-1,190,131,134,-1,190,134,207,-1,207,134,130,-1,207,130,205,-1,205,130,127,-1,205,127,126,-1,170,166,175,-1,175,166,169,-1,175,169,172,-1,172,169,152,-1,172,152,189,-1,189,152,155,-1,189,155,187,-1,187,155,157,-1,187,157,185,-1,185,157,159,-1,185,159,183,-1,183,159,161,-1,183,161,181,-1,181,161,163,-1,181,163,179,-1,179,163,165,-1,179,165,176,-1,176,165,137,-1,176,137,203,-1,203,137,140,-1,203,140,201,-1,201,140,142,-1,201,142,199,-1,199,142,144,-1,199,144,197,-1,197,144,146,-1,197,146,195,-1,195,146,148,-1,195,148,193,-1,193,148,150,-1,193,150,131,-1,208,209,210,-1,210,209,211,-1,209,212,211,-1,211,212,213,-1,212,214,213,-1,213,214,215,-1,214,216,215,-1,215,216,217,-1,216,218,217,-1,217,218,219,-1,218,208,219,-1,219,208,210,-1,216,214,218,-1,218,214,212,-1,218,212,208,-1,208,212,209,-1,
        ]
    }
}
Shape{
    appearance Appearance {
        material  Material {
            diffuseColor 0.9490196078431372 0.7607843137254902 0.1803921568627451
            specularColor 0.7607843137254902 0.6078431372549019 0.1450980392156863
            ambientIntensity 0.7509
            transparency 0.0
            shininess 0.5
        }
    }
    geometry IndexedFaceSet {
        ccw TRUE
        solid FALSE
        coord DEF co Coordinate {
            point [
                5.6378 -0.0038 -0.6793, 5.6378 -0.0038 -0.7123, 5.6378 0.0373 -0.694, 5.6378 0.0373 -0.6974, 5.6378 0.0407 -0.695, 5.6378 0.0407 -0.6966, 5.6378 0.0442 -0.6956, 5.6378 0.0442 -0.6959, 5.6378 0.0454 -0.579, 5.6378 -0.0314 -0.579, 5.6378 0.0454 -0.5935, 5.6378 -0.0314 -0.593, 5.6378 -0.0304 -0.6034, 5.6378 0.008 -0.6318, 5.6378 0.0177 -0.631, 5.6378 0.0255 -0.6287, 5.6378 0.0442 -0.6052, 5.6378 -0.0279 -0.6116, 5.6378 -0.0239 -0.6184, 5.6378 -0.0184 -0.6239, 5.6378 -0.0116 -0.628, 5.6378 -0.0024 -0.6309, 5.6378 0.0316 -0.6253, 5.6378 0.0367 -0.6205, 5.6378 0.0413 -0.6133, 4.6378 0.0466 -0.4515, 4.6378 0.0455 -0.4418, 4.6378 -0.0273 -0.4728, 4.6378 0.0574 -0.4514, 4.6378 0.0566 -0.4632, 4.6378 0.0562 -0.4938, 4.6378 -0.0338 -0.4179, 4.6378 -0.026 -0.4105, 4.6378 -0.0422 -0.393, 4.6378 -0.0428 -0.4417, 4.6378 -0.0422 -0.3425, 4.6378 0.0451 -0.4635, 4.6378 -0.0263 -0.4746, 4.6378 0.0403 -0.4746, 4.6378 0.0022 -0.5418, 4.6378 -0.0428 -0.5562, 4.6378 0.013 -0.5418, 4.6378 0.0454 -0.5442, 4.6378 0.013 -0.507, 4.6378 0.0454 -0.507, 4.6378 0.1378 0.1969, 4.6378 0.0562 -0.3425, 4.6378 0.0562 -0.3557, 4.6378 0.0303 -0.4066, 4.6378 0.0395 -0.4123, 4.6378 0.048 -0.4212, 4.6378 0.0534 -0.4306, 4.6378 -0.0314 -0.393, 4.6378 -0.0167 -0.4053, 4.6378 -0.0314 -0.3557, 4.6378 0.0562 -0.5442, 4.6378 0.1378 -0.5562, 4.6378 0.0566 -0.4415, 4.6378 0.0535 -0.4746, 4.6378 -0.0422 -0.4938, 4.6378 -0.0371 -0.4746, 4.6378 -0.0422 -0.4354, 4.6378 -0.0389 -0.4258, 4.6378 0.0429 -0.4345, 4.6378 0.0383 -0.4277, 4.6378 0.0317 -0.4217, 4.6378 0.0059 -0.4146, 4.6378 -0.0047 -0.4156, 4.6378 -0.0132 -0.4182, 4.6378 -0.0316 -0.4401, 4.6378 -0.0326 -0.4493, 4.6378 -0.0289 -0.433, 4.6378 -0.0249 -0.4269, 4.6378 -0.02 -0.4223, 4.6378 -0.0312 -0.4624, 4.6378 -0.0063 -0.4023, 4.6378 0.0051 -0.4014, 4.6378 0.0191 -0.4028, 4.6378 0.0241 -0.4177, 4.6378 0.0136 -0.415, 4.6378 0.0022 -0.507, 4.6378 -0.0314 -0.507, 4.6378 -0.0314 -0.5466, 4.6378 -0.0422 -0.5466, 4.6378 -0.0428 -0.4541, 4.6378 -0.0434 -0.4502, 4.6378 -0.1378 -0.5562, 4.6378 -0.0434 -0.4475, 4.6378 -0.0428 0.1969, 4.6378 -0.1378 0.1969, 4.6378 0.0562 -0.6894, 4.6378 0.0562 -0.7026, 4.6378 -0.0422 -0.5926, 4.6378 -0.0422 -0.5658, 4.6378 0.0562 -0.5658, 4.6378 -0.0422 -0.7266, 4.6378 -0.0422 -0.741, 4.6378 -0.0428 -1.0236, 4.6378 0.1378 -1.0236, 4.6378 0.0562 -0.5936, 4.6378 0.0547 -0.6078, 4.6378 0.0506 -0.6193, 4.6378 0.0435 -0.63, 4.6378 -0.0422 -0.6522, 4.6378 -0.0152 -0.6401, 4.6378 -0.024 -0.6345, 4.6378 0.0434 -0.6301, 4.6378 0.0357 -0.6371, 4.6378 0.0272 -0.6417, 4.6378 -0.0318 -0.6264, 4.6378 -0.0378 -0.6161, 4.6378 -0.0412 -0.6047, 4.6378 -0.0422 -0.6666, 4.6378 -0.0146 -0.676, 4.6378 -0.0146 -0.7167, 4.6378 0.0175 -0.6443, 4.6378 0.0082 -0.645, 4.6378 -0.0049 -0.6436, 4.6378 -0.0414 -0.4641, 4.6378 -0.1378 -1.0236
            ]
        }
        coordIndex [
            0,1,2,-1,2,1,3,-1,2,3,4,-1,4,3,5,-1,4,5,6,-1,6,5,7,-1,8,9,10,-1,10,9,11,-1,10,11,12,-1,13,14,10,-1,10,14,15,-1,10,15,16,-1,12,17,10,-1,10,17,18,-1,10,18,19,-1,19,20,10,-1,10,20,21,-1,10,21,13,-1,22,23,15,-1,15,23,24,-1,15,24,16,-1,25,26,27,-1,28,29,30,-1,31,32,33,-1,34,33,35,-1,25,27,36,-1,36,27,37,-1,36,37,38,-1,39,40,41,-1,41,40,42,-1,41,42,43,-1,43,42,44,-1,45,46,47,-1,48,49,47,-1,47,49,50,-1,47,50,51,-1,33,32,52,-1,52,32,53,-1,52,53,54,-1,55,56,30,-1,30,56,45,-1,30,45,28,-1,28,45,47,-1,28,47,57,-1,57,47,51,-1,29,58,30,-1,30,58,38,-1,30,38,59,-1,59,38,37,-1,59,37,60,-1,34,61,33,-1,33,61,62,-1,33,62,31,-1,26,63,27,-1,27,63,64,-1,27,64,65,-1,66,67,27,-1,27,67,68,-1,69,70,71,-1,71,70,72,-1,68,73,27,-1,27,73,72,-1,27,72,74,-1,74,72,70,-1,53,75,54,-1,54,75,76,-1,54,76,47,-1,47,76,77,-1,47,77,48,-1,65,78,27,-1,27,78,79,-1,27,79,66,-1,80,81,39,-1,39,81,82,-1,39,82,40,-1,40,82,83,-1,40,83,59,-1,84,85,86,-1,86,85,87,-1,86,87,34,-1,46,45,35,-1,35,45,88,-1,35,88,34,-1,34,88,89,-1,34,89,86,-1,56,90,91,-1,92,93,40,-1,55,42,56,-1,56,42,40,-1,56,40,94,-1,94,40,93,-1,95,40,96,-1,96,40,97,-1,96,97,91,-1,91,97,98,-1,91,98,56,-1,94,99,56,-1,56,99,100,-1,56,100,90,-1,90,100,101,-1,90,101,102,-1,103,104,105,-1,102,106,90,-1,90,106,107,-1,90,107,108,-1,105,109,103,-1,103,109,110,-1,103,110,111,-1,111,92,103,-1,103,92,40,-1,103,40,112,-1,112,40,95,-1,112,95,113,-1,113,95,114,-1,108,115,90,-1,90,115,116,-1,90,116,103,-1,103,116,117,-1,103,117,104,-1,60,118,59,-1,59,118,84,-1,59,84,40,-1,40,84,86,-1,40,86,97,-1,97,86,119,-1,
        ]
    }
}
Shape{
    appearance Appearance {
        material  Material {
            diffuseColor 0.17647058823529413 0.17647058823529413 0.17647058823529413
            specularColor 0.050980392156862744 0.050980392156862744 0.050980392156862744
            ambientIntensity 0.251
            transparency 0.0
            shininess 0.5
        }
    }
    geometry IndexedFaceSet {
        ccw TRUE
        solid FALSE
        coord DEF co Coordinate {
            point [
                4.3622 -0.1378 0.1969, 4.6378 -0.1378 0.1969, 5.0 -0.2638 0.1969, 4.6378 -0.0428 0.1969, 5.0 0.2638 0.1969, 4.6378 0.1378 0.1969, 4.0 0.2638 0.1969, 4.3622 0.1378 0.1969, 4.0 -0.2638 0.1969, 4.1181 -0.5 0.0118, 4.1181 -0.5 0.9843, 4.0 -0.3819 0.0118, 4.0 -0.3819 0.9843, 4.8819 -0.5 0.0118, 4.8819 -0.5 0.9843, 5.0 -0.3819 0.0118, 5.0 -0.3819 0.9843, 5.0 -0.2638 0.0118, 5.0 0.2638 0.0118, 5.0 0.3819 0.0118, 5.0 0.3819 0.9843, 4.8819 0.5 0.0118, 4.8819 0.5 0.9843, 4.1181 0.5 0.0118, 4.1181 0.5 0.9843, 4.0 0.3819 0.0118, 4.0 0.3819 0.9843, 4.0 0.2638 0.0118, 4.0 -0.2638 0.0118, 4.3622 0.1378 0.9843, 4.6378 0.1378 0.9843, 4.3622 -0.1378 0.9843, 4.6378 -0.1378 0.9843
            ]
        }
        coordIndex [
            0,1,2,-1,2,1,3,-1,2,3,4,-1,4,3,5,-1,4,5,6,-1,6,5,7,-1,6,7,8,-1,8,7,0,-1,8,0,2,-1,9,10,11,-1,11,10,12,-1,13,14,9,-1,9,14,10,-1,15,16,13,-1,13,16,14,-1,15,17,2,-1,18,19,4,-1,4,19,20,-1,4,20,2,-1,2,20,16,-1,2,16,15,-1,21,22,19,-1,19,22,20,-1,23,24,21,-1,21,24,22,-1,25,26,23,-1,23,26,24,-1,25,27,6,-1,28,11,8,-1,8,11,12,-1,8,12,6,-1,6,12,26,-1,6,26,25,-1,24,29,22,-1,22,29,30,-1,24,26,29,-1,29,26,12,-1,29,12,31,-1,31,12,10,-1,31,10,32,-1,32,10,14,-1,32,14,30,-1,30,14,16,-1,30,16,22,-1,22,16,20,-1,6,27,4,-1,4,27,18,-1,21,19,18,-1,21,18,23,-1,23,18,27,-1,23,27,25,-1,2,17,8,-1,8,17,28,-1,11,28,9,-1,9,28,17,-1,9,17,13,-1,13,17,15,-1,
        ]
    }
}
Shape{
    appearance Appearance {
        material  Material {
            diffuseColor 0.9490196078431372 0.7607843137254902 0.1803921568627451
            specularColor 0.7607843137254902 0.6078431372549019 0.1450980392156863
            ambientIntensity 0.7509
            transparency 0.0
            shininess 0.5
        }
    }
    geometry IndexedFaceSet {
        ccw TRUE
        solid FALSE
        coord DEF co Coordinate {
            point [
                4.5984 -0.0984 3.3465, 4.5984 0.0984 3.3465, 4.4016 -0.0984 3.3465, 4.4016 0.0984 3.3465, 4.6378 0.1378 3.189, 4.6378 0.1378 0.9843, 4.3622 0.1378 3.189, 4.3622 0.1378 0.9843, 4.3622 -0.1378 3.189, 4.3622 -0.1378 0.9843, 4.6378 -0.1378 3.189, 4.6378 -0.1378 0.9843, 4.6378 -0.1378 0.1969, 4.3622 -0.1378 0.1969, 4.6378 -0.1378 -0.5562, 4.3622 -0.1378 -1.0236, 4.6378 -0.1378 -1.0236, 4.3622 0.1378 -1.0236, 4.3622 0.1378 0.1969, 4.6378 0.1378 0.1969, 4.6378 0.1378 -0.5562, 4.6378 0.1378 -1.0236, 4.5984 0.0984 -1.1811, 4.5984 -0.0984 -1.1811, 4.4016 0.0984 -1.1811, 4.4016 -0.0984 -1.1811, 4.6378 -0.0428 -1.0236
            ]
        }
        coordIndex [
            0,1,2,-1,2,1,3,-1,4,5,6,-1,6,5,7,-1,6,7,8,-1,8,7,9,-1,8,9,10,-1,10,9,11,-1,10,11,4,-1,4,11,5,-1,12,13,14,-1,14,13,15,-1,14,15,16,-1,15,13,17,-1,17,13,18,-1,18,19,17,-1,17,19,20,-1,17,20,21,-1,22,23,24,-1,24,23,25,-1,23,16,25,-1,25,16,15,-1,16,23,26,-1,26,23,22,-1,26,22,21,-1,17,24,15,-1,15,24,25,-1,24,17,22,-1,22,17,21,-1,6,3,4,-1,4,3,1,-1,8,2,6,-1,6,2,3,-1,0,10,1,-1,1,10,4,-1,10,0,8,-1,8,0,2,-1,
        ]
    }
}
Shape{
    appearance Appearance {
        material  Material {
            diffuseColor 0.0 0.0 0.0
            specularColor 0.0 0.0 0.0
            ambientIntensity 0.0
            transparency 0.0
            shininess 0.5
        }
    }
    geometry IndexedFaceSet {
        ccw TRUE
        solid FALSE
        coord DEF co Coordinate {
            point [
                4.6339 0.0562 -0.7026, 4.6339 -0.0422 -0.741, 4.6378 0.0562 -0.7026, 4.6378 -0.0422 -0.741, 4.6339 -0.0422 -0.7266, 4.6378 -0.0422 -0.7266, 4.6339 -0.0146 -0.7167, 4.6378 -0.0146 -0.7167, 4.6339 -0.0146 -0.676, 4.6378 -0.0146 -0.676, 4.6339 -0.0422 -0.6666, 4.6378 -0.0422 -0.6666, 4.6339 -0.0422 -0.6522, 4.6378 -0.0422 -0.6522, 4.6339 0.0562 -0.6894, 4.6378 0.0562 -0.6894, 4.6339 -0.0038 -0.6793, 4.6339 -0.0038 -0.7123, 4.6339 0.0373 -0.694, 4.6339 0.0407 -0.695, 4.6339 0.0442 -0.6956, 4.6339 0.0442 -0.6959, 4.6339 0.0407 -0.6966, 4.6339 0.0373 -0.6974, 4.6378 -0.0038 -0.6793, 4.6378 -0.0038 -0.7123, 4.6378 0.0373 -0.694, 4.6378 0.0407 -0.695, 4.6378 0.0442 -0.6956, 4.6378 0.0442 -0.6959, 4.6378 0.0407 -0.6966, 4.6378 0.0373 -0.6974, 4.6339 -0.0422 -0.5926, 4.6339 -0.0422 -0.5658, 4.6378 -0.0422 -0.5926, 4.6378 -0.0422 -0.5658, 4.6339 0.0562 -0.5658, 4.6378 0.0562 -0.5658, 4.6339 0.0562 -0.5936, 4.6378 0.0562 -0.5936, 4.6339 0.0082 -0.645, 4.6378 0.0082 -0.645, 4.6378 0.0175 -0.6443, 4.6339 0.0175 -0.6443, 4.6378 0.0272 -0.6417, 4.6339 0.0272 -0.6417, 4.6378 0.0357 -0.6371, 4.6339 0.0357 -0.6371, 4.6378 0.0434 -0.6301, 4.6339 0.0434 -0.6301, 4.6378 0.0435 -0.63, 4.6339 0.0435 -0.63, 4.6378 0.0506 -0.6193, 4.6339 0.0506 -0.6193, 4.6378 0.0547 -0.6078, 4.6339 0.0547 -0.6078, 4.6378 -0.0412 -0.6047, 4.6339 -0.0412 -0.6047, 4.6378 -0.0378 -0.6161, 4.6339 -0.0378 -0.6161, 4.6378 -0.0318 -0.6264, 4.6339 -0.0318 -0.6264, 4.6378 -0.024 -0.6345, 4.6339 -0.024 -0.6345, 4.6378 -0.0152 -0.6401, 4.6339 -0.0152 -0.6401, 4.6378 -0.0049 -0.6436, 4.6339 -0.0049 -0.6436, 4.6339 0.0316 -0.6253, 4.6339 0.0367 -0.6205, 4.6339 0.0413 -0.6133, 4.6339 0.0442 -0.6052, 4.6339 0.0454 -0.5935, 4.6339 0.0454 -0.579, 4.6339 -0.0314 -0.579, 4.6339 -0.0314 -0.593, 4.6339 -0.0304 -0.6034, 4.6339 -0.0279 -0.6116, 4.6339 -0.0239 -0.6184, 4.6339 -0.0184 -0.6239, 4.6339 -0.0116 -0.628, 4.6339 -0.0024 -0.6309, 4.6339 0.008 -0.6318, 4.6339 0.0177 -0.631, 4.6339 0.0255 -0.6287, 4.6378 0.0454 -0.5935, 4.6378 0.0454 -0.579, 4.6378 0.0442 -0.6052, 4.6378 0.0413 -0.6133, 4.6378 0.0367 -0.6205, 4.6378 0.0316 -0.6253, 4.6378 0.0255 -0.6287, 4.6378 0.0177 -0.631, 4.6378 0.008 -0.6318, 4.6378 -0.0024 -0.6309, 4.6378 -0.0116 -0.628, 4.6378 -0.0184 -0.6239, 4.6378 -0.0239 -0.6184, 4.6378 -0.0279 -0.6116, 4.6378 -0.0304 -0.6034, 4.6378 -0.0314 -0.593, 4.6378 -0.0314 -0.579, 4.6339 -0.0314 -0.5466, 4.6339 -0.0422 -0.5466, 4.6378 -0.0314 -0.5466, 4.6378 -0.0422 -0.5466, 4.6339 -0.0422 -0.4938, 4.6378 -0.0422 -0.4938, 4.6339 0.0562 -0.4938, 4.6378 0.0562 -0.4938, 4.6339 0.0562 -0.5442, 4.6378 0.0562 -0.5442, 4.6339 0.0454 -0.5442, 4.6378 0.0454 -0.5442, 4.6339 0.0454 -0.507, 4.6378 0.0454 -0.507, 4.6339 0.013 -0.507, 4.6378 0.013 -0.507, 4.6339 0.013 -0.5418, 4.6378 0.013 -0.5418, 4.6339 0.0022 -0.5418, 4.6378 0.0022 -0.5418, 4.6339 0.0022 -0.507, 4.6378 0.0022 -0.507, 4.6339 -0.0314 -0.507, 4.6378 -0.0314 -0.507, 4.6339 -0.0263 -0.4746, 4.6339 -0.0371 -0.4746, 4.6378 -0.0263 -0.4746, 4.6378 -0.0371 -0.4746, 4.6339 -0.0414 -0.4641, 4.6339 -0.0434 -0.4475, 4.6378 -0.0434 -0.4475, 4.6378 -0.0434 -0.4502, 4.6339 -0.0434 -0.4502, 4.6378 -0.0428 -0.4541, 4.6378 -0.0414 -0.4641, 4.6339 0.0051 -0.4014, 4.6378 0.0051 -0.4014, 4.6378 -0.0063 -0.4023, 4.6339 -0.0063 -0.4023, 4.6378 -0.0167 -0.4053, 4.6339 -0.0167 -0.4053, 4.6378 -0.026 -0.4105, 4.6339 -0.026 -0.4105, 4.6378 -0.0338 -0.4179, 4.6339 -0.0338 -0.4179, 4.6378 -0.0389 -0.4258, 4.6339 -0.0389 -0.4258, 4.6378 -0.0422 -0.4354, 4.6339 -0.0422 -0.4354, 4.6378 -0.0428 -0.4417, 4.6339 0.0574 -0.4514, 4.6378 0.0574 -0.4514, 4.6378 0.0566 -0.4415, 4.6339 0.0566 -0.4415, 4.6378 0.0534 -0.4306, 4.6339 0.0534 -0.4306, 4.6378 0.048 -0.4212, 4.6339 0.048 -0.4212, 4.6378 0.0395 -0.4123, 4.6339 0.0395 -0.4123, 4.6378 0.0303 -0.4066, 4.6339 0.0303 -0.4066, 4.6378 0.0191 -0.4028, 4.6339 0.0191 -0.4028, 4.6339 0.0535 -0.4746, 4.6378 0.0535 -0.4746, 4.6378 0.0566 -0.4632, 4.6339 0.0566 -0.4632, 4.6339 0.0403 -0.4746, 4.6378 0.0403 -0.4746, 4.6339 0.0466 -0.4515, 4.6378 0.0466 -0.4515, 4.6378 0.0451 -0.4635, 4.6339 0.0451 -0.4635, 4.6339 0.0059 -0.4146, 4.6378 0.0059 -0.4146, 4.6378 0.0136 -0.415, 4.6339 0.0136 -0.415, 4.6378 0.0241 -0.4177, 4.6339 0.0241 -0.4177, 4.6378 0.0317 -0.4217, 4.6339 0.0317 -0.4217, 4.6378 0.0383 -0.4277, 4.6339 0.0383 -0.4277, 4.6378 0.0429 -0.4345, 4.6339 0.0429 -0.4345, 4.6378 0.0455 -0.4418, 4.6339 0.0455 -0.4418, 4.6339 -0.0326 -0.4493, 4.6378 -0.0326 -0.4493, 4.6378 -0.0316 -0.4401, 4.6339 -0.0316 -0.4401, 4.6378 -0.0289 -0.433, 4.6339 -0.0289 -0.433, 4.6378 -0.0249 -0.4269, 4.6339 -0.0249 -0.4269, 4.6378 -0.02 -0.4223, 4.6339 -0.02 -0.4223, 4.6378 -0.0132 -0.4182, 4.6339 -0.0132 -0.4182, 4.6378 -0.0047 -0.4156, 4.6339 -0.0047 -0.4156, 4.6378 -0.0273 -0.4728, 4.6339 -0.0273 -0.4728, 4.6378 -0.0312 -0.4624, 4.6339 -0.0312 -0.4624, 4.6339 -0.0314 -0.393, 4.6339 -0.0422 -0.393, 4.6378 -0.0314 -0.393, 4.6378 -0.0422 -0.393, 4.6339 -0.0422 -0.3425, 4.6378 -0.0422 -0.3425, 4.6339 0.0562 -0.3425, 4.6378 0.0562 -0.3425, 4.6339 0.0562 -0.3557, 4.6378 0.0562 -0.3557, 4.6339 -0.0314 -0.3557, 4.6378 -0.0314 -0.3557
            ]
        }
        coordIndex [
            0,1,2,-1,2,1,3,-1,1,4,3,-1,3,4,5,-1,4,6,5,-1,5,6,7,-1,6,8,7,-1,7,8,9,-1,8,10,9,-1,9,10,11,-1,10,12,11,-1,11,12,13,-1,12,14,13,-1,13,14,15,-1,14,0,15,-1,15,0,2,-1,16,8,17,-1,17,8,6,-1,18,14,16,-1,16,14,12,-1,16,12,8,-1,8,12,10,-1,18,19,14,-1,14,19,20,-1,14,20,0,-1,0,20,21,-1,0,21,22,-1,22,23,0,-1,0,23,17,-1,0,17,1,-1,1,17,6,-1,1,6,4,-1,16,17,24,-1,24,17,25,-1,18,16,26,-1,26,16,24,-1,18,26,27,-1,18,27,19,-1,19,27,28,-1,19,28,20,-1,21,20,29,-1,29,20,28,-1,21,29,30,-1,21,30,22,-1,22,30,31,-1,22,31,23,-1,17,23,25,-1,25,23,31,-1,32,33,34,-1,34,33,35,-1,33,36,35,-1,35,36,37,-1,36,38,37,-1,37,38,39,-1,40,41,42,-1,40,42,43,-1,43,42,44,-1,43,44,45,-1,45,44,46,-1,45,46,47,-1,47,46,48,-1,47,48,49,-1,49,48,50,-1,49,50,51,-1,51,50,52,-1,51,52,53,-1,53,52,54,-1,53,54,55,-1,55,54,39,-1,55,39,38,-1,32,34,56,-1,32,56,57,-1,57,56,58,-1,57,58,59,-1,59,58,60,-1,59,60,61,-1,61,60,62,-1,61,62,63,-1,63,62,64,-1,63,64,65,-1,65,64,66,-1,65,66,67,-1,67,66,41,-1,67,41,40,-1,45,47,68,-1,68,47,49,-1,68,49,69,-1,69,49,51,-1,69,51,70,-1,70,51,53,-1,70,53,71,-1,71,53,55,-1,71,55,72,-1,72,55,38,-1,72,38,73,-1,73,38,36,-1,73,36,74,-1,74,36,33,-1,74,33,75,-1,75,33,32,-1,75,32,76,-1,76,32,57,-1,76,57,77,-1,77,57,59,-1,77,59,78,-1,78,59,61,-1,78,61,79,-1,79,61,63,-1,79,63,80,-1,80,63,65,-1,80,65,81,-1,81,65,67,-1,81,67,82,-1,82,67,40,-1,82,40,83,-1,83,40,43,-1,83,43,84,-1,84,43,45,-1,84,45,68,-1,72,73,85,-1,85,73,86,-1,72,85,87,-1,72,87,71,-1,71,87,88,-1,71,88,70,-1,70,88,89,-1,70,89,69,-1,69,89,90,-1,69,90,68,-1,68,90,91,-1,68,91,84,-1,84,91,92,-1,84,92,83,-1,83,92,93,-1,83,93,82,-1,82,93,94,-1,82,94,81,-1,81,94,95,-1,81,95,80,-1,80,95,96,-1,80,96,79,-1,79,96,97,-1,79,97,78,-1,78,97,98,-1,78,98,77,-1,77,98,99,-1,77,99,76,-1,76,99,100,-1,76,100,75,-1,74,75,101,-1,101,75,100,-1,73,74,86,-1,86,74,101,-1,102,103,104,-1,104,103,105,-1,103,106,105,-1,105,106,107,-1,106,108,107,-1,107,108,109,-1,108,110,109,-1,109,110,111,-1,110,112,111,-1,111,112,113,-1,112,114,113,-1,113,114,115,-1,114,116,115,-1,115,116,117,-1,116,118,117,-1,117,118,119,-1,118,120,119,-1,119,120,121,-1,120,122,121,-1,121,122,123,-1,122,124,123,-1,123,124,125,-1,124,102,125,-1,125,102,104,-1,106,103,102,-1,102,124,106,-1,106,124,122,-1,106,122,108,-1,112,110,114,-1,114,110,108,-1,114,108,116,-1,116,108,122,-1,116,122,118,-1,118,122,120,-1,126,127,128,-1,128,127,129,-1,129,127,130,-1,131,132,133,-1,131,133,134,-1,134,133,135,-1,134,135,130,-1,130,135,136,-1,130,136,129,-1,137,138,139,-1,137,139,140,-1,140,139,141,-1,140,141,142,-1,142,141,143,-1,142,143,144,-1,144,143,145,-1,144,145,146,-1,146,145,147,-1,146,147,148,-1,148,147,149,-1,148,149,150,-1,150,149,131,-1,131,149,151,-1,131,151,132,-1,152,153,154,-1,152,154,155,-1,155,154,156,-1,155,156,157,-1,157,156,158,-1,157,158,159,-1,159,158,160,-1,159,160,161,-1,161,160,162,-1,161,162,163,-1,163,162,164,-1,163,164,165,-1,165,164,138,-1,165,138,137,-1,166,167,168,-1,166,168,169,-1,169,168,153,-1,169,153,152,-1,166,170,167,-1,167,170,171,-1,172,173,174,-1,172,174,175,-1,175,174,171,-1,175,171,170,-1,176,177,178,-1,176,178,179,-1,179,178,180,-1,179,180,181,-1,181,180,182,-1,181,182,183,-1,183,182,184,-1,183,184,185,-1,185,184,186,-1,185,186,187,-1,187,186,188,-1,187,188,189,-1,189,188,173,-1,189,173,172,-1,190,191,192,-1,190,192,193,-1,193,192,194,-1,193,194,195,-1,195,194,196,-1,195,196,197,-1,197,196,198,-1,197,198,199,-1,199,198,200,-1,199,200,201,-1,201,200,202,-1,201,202,203,-1,203,202,177,-1,203,177,176,-1,126,128,204,-1,126,204,205,-1,205,204,206,-1,205,206,207,-1,207,206,191,-1,207,191,190,-1,193,131,190,-1,190,131,134,-1,190,134,207,-1,207,134,130,-1,207,130,205,-1,205,130,127,-1,205,127,126,-1,170,166,175,-1,175,166,169,-1,175,169,172,-1,172,169,152,-1,172,152,189,-1,189,152,155,-1,189,155,187,-1,187,155,157,-1,187,157,185,-1,185,157,159,-1,185,159,183,-1,183,159,161,-1,183,161,181,-1,181,161,163,-1,181,163,179,-1,179,163,165,-1,179,165,176,-1,176,165,137,-1,176,137,203,-1,203,137,140,-1,203,140,201,-1,201,140,142,-1,201,142,199,-1,199,142,144,-1,199,144,197,-1,197,144,146,-1,197,146,195,-1,195,146,148,-1,195,148,193,-1,193,148,150,-1,193,150,131,-1,208,209,210,-1,210,209,211,-1,209,212,211,-1,211,212,213,-1,212,214,213,-1,213,214,215,-1,214,216,215,-1,215,216,217,-1,216,218,217,-1,217,218,219,-1,218,208,219,-1,219,208,210,-1,216,214,218,-1,218,214,212,-1,218,212,208,-1,208,212,209,-1,
        ]
    }
}
Shape{
    appearance Appearance {
        material  Material {
            diffuseColor 0.9490196078431372 0.7607843137254902 0.1803921568627451
            specularColor 0.7607843137254902 0.6078431372549019 0.1450980392156863
            ambientIntensity 0.7509
            transparency 0.0
            shininess 0.5
        }
    }
    geometry IndexedFaceSet {
        ccw TRUE
        solid FALSE
        coord DEF co Coordinate {
            point [
                4.6378 -0.0038 -0.6793, 4.6378 -0.0038 -0.7123, 4.6378 0.0373 -0.694, 4.6378 0.0373 -0.6974, 4.6378 0.0407 -0.695, 4.6378 0.0407 -0.6966, 4.6378 0.0442 -0.6956, 4.6378 0.0442 -0.6959, 4.6378 0.0454 -0.579, 4.6378 -0.0314 -0.579, 4.6378 0.0454 -0.5935, 4.6378 -0.0314 -0.593, 4.6378 -0.0304 -0.6034, 4.6378 0.008 -0.6318, 4.6378 0.0177 -0.631, 4.6378 0.0255 -0.6287, 4.6378 0.0442 -0.6052, 4.6378 -0.0279 -0.6116, 4.6378 -0.0239 -0.6184, 4.6378 -0.0184 -0.6239, 4.6378 -0.0116 -0.628, 4.6378 -0.0024 -0.6309, 4.6378 0.0316 -0.6253, 4.6378 0.0367 -0.6205, 4.6378 0.0413 -0.6133, 3.6378 0.0466 -0.4515, 3.6378 0.0455 -0.4418, 3.6378 -0.0273 -0.4728, 3.6378 0.0574 -0.4514, 3.6378 0.0566 -0.4632, 3.6378 0.0562 -0.4938, 3.6378 -0.0338 -0.4179, 3.6378 -0.026 -0.4105, 3.6378 -0.0422 -0.393, 3.6378 -0.0428 -0.4417, 3.6378 -0.0422 -0.3425, 3.6378 0.0451 -0.4635, 3.6378 -0.0263 -0.4746, 3.6378 0.0403 -0.4746, 3.6378 0.0022 -0.5418, 3.6378 -0.0428 -0.5562, 3.6378 0.013 -0.5418, 3.6378 0.0454 -0.5442, 3.6378 0.013 -0.507, 3.6378 0.0454 -0.507, 3.6378 0.1378 0.1969, 3.6378 0.0562 -0.3425, 3.6378 0.0562 -0.3557, 3.6378 0.0303 -0.4066, 3.6378 0.0395 -0.4123, 3.6378 0.048 -0.4212, 3.6378 0.0534 -0.4306, 3.6378 -0.0314 -0.393, 3.6378 -0.0167 -0.4053, 3.6378 -0.0314 -0.3557, 3.6378 0.0562 -0.5442, 3.6378 0.1378 -0.5562, 3.6378 0.0566 -0.4415, 3.6378 0.0535 -0.4746, 3.6378 -0.0422 -0.4938, 3.6378 -0.0371 -0.4746, 3.6378 -0.0422 -0.4354, 3.6378 -0.0389 -0.4258, 3.6378 0.0429 -0.4345, 3.6378 0.0383 -0.4277, 3.6378 0.0317 -0.4217, 3.6378 0.0059 -0.4146, 3.6378 -0.0047 -0.4156, 3.6378 -0.0132 -0.4182, 3.6378 -0.0316 -0.4401, 3.6378 -0.0326 -0.4493, 3.6378 -0.0289 -0.433, 3.6378 -0.0249 -0.4269, 3.6378 -0.02 -0.4223, 3.6378 -0.0312 -0.4624, 3.6378 -0.0063 -0.4023, 3.6378 0.0051 -0.4014, 3.6378 0.0191 -0.4028, 3.6378 0.0241 -0.4177, 3.6378 0.0136 -0.415, 3.6378 0.0022 -0.507, 3.6378 -0.0314 -0.507, 3.6378 -0.0314 -0.5466, 3.6378 -0.0422 -0.5466, 3.6378 -0.0428 -0.4541, 3.6378 -0.0434 -0.4502, 3.6378 -0.1378 -0.5562, 3.6378 -0.0434 -0.4475, 3.6378 -0.0428 0.1969, 3.6378 -0.1378 0.1969, 3.6378 0.0562 -0.6894, 3.6378 0.0562 -0.7026, 3.6378 -0.0422 -0.5926, 3.6378 -0.0422 -0.5658, 3.6378 0.0562 -0.5658, 3.6378 -0.0422 -0.7266, 3.6378 -0.0422 -0.741, 3.6378 -0.0428 -1.0236, 3.6378 0.1378 -1.0236, 3.6378 0.0562 -0.5936, 3.6378 0.0547 -0.6078, 3.6378 0.0506 -0.6193, 3.6378 0.0435 -0.63, 3.6378 -0.0422 -0.6522, 3.6378 -0.0152 -0.6401, 3.6378 -0.024 -0.6345, 3.6378 0.0434 -0.6301, 3.6378 0.0357 -0.6371, 3.6378 0.0272 -0.6417, 3.6378 -0.0318 -0.6264, 3.6378 -0.0378 -0.6161, 3.6378 -0.0412 -0.6047, 3.6378 -0.0422 -0.6666, 3.6378 -0.0146 -0.676, 3.6378 -0.0146 -0.7167, 3.6378 0.0175 -0.6443, 3.6378 0.0082 -0.645, 3.6378 -0.0049 -0.6436, 3.6378 -0.0414 -0.4641, 3.6378 -0.1378 -1.0236
            ]
        }
        coordIndex [
            0,1,2,-1,2,1,3,-1,2,3,4,-1,4,3,5,-1,4,5,6,-1,6,5,7,-1,8,9,10,-1,10,9,11,-1,10,11,12,-1,13,14,10,-1,10,14,15,-1,10,15,16,-1,12,17,10,-1,10,17,18,-1,10,18,19,-1,19,20,10,-1,10,20,21,-1,10,21,13,-1,22,23,15,-1,15,23,24,-1,15,24,16,-1,25,26,27,-1,28,29,30,-1,31,32,33,-1,34,33,35,-1,25,27,36,-1,36,27,37,-1,36,37,38,-1,39,40,41,-1,41,40,42,-1,41,42,43,-1,43,42,44,-1,45,46,47,-1,48,49,47,-1,47,49,50,-1,47,50,51,-1,33,32,52,-1,52,32,53,-1,52,53,54,-1,55,56,30,-1,30,56,45,-1,30,45,28,-1,28,45,47,-1,28,47,57,-1,57,47,51,-1,29,58,30,-1,30,58,38,-1,30,38,59,-1,59,38,37,-1,59,37,60,-1,34,61,33,-1,33,61,62,-1,33,62,31,-1,26,63,27,-1,27,63,64,-1,27,64,65,-1,66,67,27,-1,27,67,68,-1,69,70,71,-1,71,70,72,-1,68,73,27,-1,27,73,72,-1,27,72,74,-1,74,72,70,-1,53,75,54,-1,54,75,76,-1,54,76,47,-1,47,76,77,-1,47,77,48,-1,65,78,27,-1,27,78,79,-1,27,79,66,-1,80,81,39,-1,39,81,82,-1,39,82,40,-1,40,82,83,-1,40,83,59,-1,84,85,86,-1,86,85,87,-1,86,87,34,-1,46,45,35,-1,35,45,88,-1,35,88,34,-1,34,88,89,-1,34,89,86,-1,56,90,91,-1,92,93,40,-1,55,42,56,-1,56,42,40,-1,56,40,94,-1,94,40,93,-1,95,40,96,-1,96,40,97,-1,96,97,91,-1,91,97,98,-1,91,98,56,-1,94,99,56,-1,56,99,100,-1,56,100,90,-1,90,100,101,-1,90,101,102,-1,103,104,105,-1,102,106,90,-1,90,106,107,-1,90,107,108,-1,105,109,103,-1,103,109,110,-1,103,110,111,-1,111,92,103,-1,103,92,40,-1,103,40,112,-1,112,40,95,-1,112,95,113,-1,113,95,114,-1,108,115,90,-1,90,115,116,-1,90,116,103,-1,103,116,117,-1,103,117,104,-1,60,118,59,-1,59,118,84,-1,59,84,40,-1,40,84,86,-1,40,86,97,-1,97,86,119,-1,
        ]
    }
}
Shape{
    appearance Appearance {
        material  Material {
            diffuseColor 0.17647058823529413 0.17647058823529413 0.17647058823529413
            specularColor 0.050980392156862744 0.050980392156862744 0.050980392156862744
            ambientIntensity 0.251
            transparency 0.0
            shininess 0.5
        }
    }
    geometry IndexedFaceSet {
        ccw TRUE
        solid FALSE
        coord DEF co Coordinate {
            point [
                3.3622 -0.1378 0.1969, 3.6378 -0.1378 0.1969, 4.0 -0.2638 0.1969, 3.6378 -0.0428 0.1969, 4.0 0.2638 0.1969, 3.6378 0.1378 0.1969, 3.0 0.2638 0.1969, 3.3622 0.1378 0.1969, 3.0 -0.2638 0.1969, 3.1181 -0.5 0.0118, 3.1181 -0.5 0.9843, 3.0 -0.3819 0.0118, 3.0 -0.3819 0.9843, 3.8819 -0.5 0.0118, 3.8819 -0.5 0.9843, 4.0 -0.3819 0.0118, 4.0 -0.3819 0.9843, 4.0 -0.2638 0.0118, 4.0 0.2638 0.0118, 4.0 0.3819 0.0118, 4.0 0.3819 0.9843, 3.8819 0.5 0.0118, 3.8819 0.5 0.9843, 3.1181 0.5 0.0118, 3.1181 0.5 0.9843, 3.0 0.3819 0.0118, 3.0 0.3819 0.9843, 3.0 0.2638 0.0118, 3.0 -0.2638 0.0118, 3.6378 0.1378 0.9843, 3.6378 -0.1378 0.9843, 3.3622 -0.1378 0.9843, 3.3622 0.1378 0.9843
            ]
        }
        coordIndex [
            0,1,2,-1,2,1,3,-1,2,3,4,-1,4,3,5,-1,4,5,6,-1,6,5,7,-1,6,7,8,-1,8,7,0,-1,8,0,2,-1,9,10,11,-1,11,10,12,-1,13,14,9,-1,9,14,10,-1,15,16,13,-1,13,16,14,-1,15,17,2,-1,18,19,4,-1,4,19,20,-1,4,20,2,-1,2,20,16,-1,2,16,15,-1,21,22,19,-1,19,22,20,-1,23,24,21,-1,21,24,22,-1,25,26,23,-1,23,26,24,-1,25,27,6,-1,28,11,8,-1,8,11,12,-1,8,12,6,-1,6,12,26,-1,6,26,25,-1,26,12,10,-1,22,24,26,-1,20,22,16,-1,16,22,29,-1,16,29,14,-1,14,29,30,-1,14,30,10,-1,10,30,31,-1,10,31,26,-1,26,31,32,-1,26,32,22,-1,22,32,29,-1,6,27,4,-1,4,27,18,-1,18,27,25,-1,25,23,18,-1,18,23,21,-1,18,21,19,-1,2,17,8,-1,8,17,28,-1,11,28,9,-1,9,28,17,-1,9,17,13,-1,13,17,15,-1,
        ]
    }
}
Shape{
    appearance Appearance {
        material  Material {
            diffuseColor 0.9490196078431372 0.7607843137254902 0.1803921568627451
            specularColor 0.7607843137254902 0.6078431372549019 0.1450980392156863
            ambientIntensity 0.7509
            transparency 0.0
            shininess 0.5
        }
    }
    geometry IndexedFaceSet {
        ccw TRUE
        solid FALSE
        coord DEF co Coordinate {
            point [
                3.5984 -0.0984 3.3465, 3.5984 0.0984 3.3465, 3.4016 -0.0984 3.3465, 3.4016 0.0984 3.3465, 3.6378 0.1378 3.189, 3.6378 0.1378 0.9843, 3.3622 0.1378 3.189, 3.3622 0.1378 0.9843, 3.3622 -0.1378 3.189, 3.3622 -0.1378 0.9843, 3.6378 -0.1378 3.189, 3.6378 -0.1378 0.9843, 3.6378 -0.1378 0.1969, 3.3622 -0.1378 0.1969, 3.6378 -0.1378 -0.5562, 3.3622 -0.1378 -1.0236, 3.6378 -0.1378 -1.0236, 3.3622 0.1378 -1.0236, 3.3622 0.1378 0.1969, 3.6378 0.1378 0.1969, 3.6378 0.1378 -0.5562, 3.6378 0.1378 -1.0236, 3.5984 0.0984 -1.1811, 3.5984 -0.0984 -1.1811, 3.4016 0.0984 -1.1811, 3.4016 -0.0984 -1.1811, 3.6378 -0.0428 -1.0236
            ]
        }
        coordIndex [
            0,1,2,-1,2,1,3,-1,4,5,6,-1,6,5,7,-1,6,7,8,-1,8,7,9,-1,8,9,10,-1,10,9,11,-1,10,11,4,-1,4,11,5,-1,12,13,14,-1,14,13,15,-1,14,15,16,-1,15,13,17,-1,17,13,18,-1,18,19,17,-1,17,19,20,-1,17,20,21,-1,22,23,24,-1,24,23,25,-1,23,16,25,-1,25,16,15,-1,16,23,26,-1,26,23,22,-1,26,22,21,-1,17,24,15,-1,15,24,25,-1,24,17,22,-1,22,17,21,-1,6,3,4,-1,4,3,1,-1,8,2,6,-1,6,2,3,-1,0,10,1,-1,1,10,4,-1,10,0,8,-1,8,0,2,-1,
        ]
    }
}
Shape{
    appearance Appearance {
        material  Material {
            diffuseColor 0.0 0.0 0.0
            specularColor 0.0 0.0 0.0
            ambientIntensity 0.0
            transparency 0.0
            shininess 0.5
        }
    }
    geometry IndexedFaceSet {
        ccw TRUE
        solid FALSE
        coord DEF co Coordinate {
            point [
                3.6339 0.0562 -0.7026, 3.6339 -0.0422 -0.741, 3.6378 0.0562 -0.7026, 3.6378 -0.0422 -0.741, 3.6339 -0.0422 -0.7266, 3.6378 -0.0422 -0.7266, 3.6339 -0.0146 -0.7167, 3.6378 -0.0146 -0.7167, 3.6339 -0.0146 -0.676, 3.6378 -0.0146 -0.676, 3.6339 -0.0422 -0.6666, 3.6378 -0.0422 -0.6666, 3.6339 -0.0422 -0.6522, 3.6378 -0.0422 -0.6522, 3.6339 0.0562 -0.6894, 3.6378 0.0562 -0.6894, 3.6339 -0.0038 -0.6793, 3.6339 -0.0038 -0.7123, 3.6339 0.0373 -0.694, 3.6339 0.0407 -0.695, 3.6339 0.0442 -0.6956, 3.6339 0.0442 -0.6959, 3.6339 0.0407 -0.6966, 3.6339 0.0373 -0.6974, 3.6378 -0.0038 -0.6793, 3.6378 -0.0038 -0.7123, 3.6378 0.0373 -0.694, 3.6378 0.0407 -0.695, 3.6378 0.0442 -0.6956, 3.6378 0.0442 -0.6959, 3.6378 0.0407 -0.6966, 3.6378 0.0373 -0.6974, 3.6339 -0.0422 -0.5926, 3.6339 -0.0422 -0.5658, 3.6378 -0.0422 -0.5926, 3.6378 -0.0422 -0.5658, 3.6339 0.0562 -0.5658, 3.6378 0.0562 -0.5658, 3.6339 0.0562 -0.5936, 3.6378 0.0562 -0.5936, 3.6339 0.0082 -0.645, 3.6378 0.0082 -0.645, 3.6378 0.0175 -0.6443, 3.6339 0.0175 -0.6443, 3.6378 0.0272 -0.6417, 3.6339 0.0272 -0.6417, 3.6378 0.0357 -0.6371, 3.6339 0.0357 -0.6371, 3.6378 0.0434 -0.6301, 3.6339 0.0434 -0.6301, 3.6378 0.0435 -0.63, 3.6339 0.0435 -0.63, 3.6378 0.0506 -0.6193, 3.6339 0.0506 -0.6193, 3.6378 0.0547 -0.6078, 3.6339 0.0547 -0.6078, 3.6378 -0.0412 -0.6047, 3.6339 -0.0412 -0.6047, 3.6378 -0.0378 -0.6161, 3.6339 -0.0378 -0.6161, 3.6378 -0.0318 -0.6264, 3.6339 -0.0318 -0.6264, 3.6378 -0.024 -0.6345, 3.6339 -0.024 -0.6345, 3.6378 -0.0152 -0.6401, 3.6339 -0.0152 -0.6401, 3.6378 -0.0049 -0.6436, 3.6339 -0.0049 -0.6436, 3.6339 0.0316 -0.6253, 3.6339 0.0367 -0.6205, 3.6339 0.0413 -0.6133, 3.6339 0.0442 -0.6052, 3.6339 0.0454 -0.5935, 3.6339 0.0454 -0.579, 3.6339 -0.0314 -0.579, 3.6339 -0.0314 -0.593, 3.6339 -0.0304 -0.6034, 3.6339 -0.0279 -0.6116, 3.6339 -0.0239 -0.6184, 3.6339 -0.0184 -0.6239, 3.6339 -0.0116 -0.628, 3.6339 -0.0024 -0.6309, 3.6339 0.008 -0.6318, 3.6339 0.0177 -0.631, 3.6339 0.0255 -0.6287, 3.6378 0.0454 -0.5935, 3.6378 0.0454 -0.579, 3.6378 0.0442 -0.6052, 3.6378 0.0413 -0.6133, 3.6378 0.0367 -0.6205, 3.6378 0.0316 -0.6253, 3.6378 0.0255 -0.6287, 3.6378 0.0177 -0.631, 3.6378 0.008 -0.6318, 3.6378 -0.0024 -0.6309, 3.6378 -0.0116 -0.628, 3.6378 -0.0184 -0.6239, 3.6378 -0.0239 -0.6184, 3.6378 -0.0279 -0.6116, 3.6378 -0.0304 -0.6034, 3.6378 -0.0314 -0.593, 3.6378 -0.0314 -0.579, 3.6339 -0.0314 -0.5466, 3.6339 -0.0422 -0.5466, 3.6378 -0.0314 -0.5466, 3.6378 -0.0422 -0.5466, 3.6339 -0.0422 -0.4938, 3.6378 -0.0422 -0.4938, 3.6339 0.0562 -0.4938, 3.6378 0.0562 -0.4938, 3.6339 0.0562 -0.5442, 3.6378 0.0562 -0.5442, 3.6339 0.0454 -0.5442, 3.6378 0.0454 -0.5442, 3.6339 0.0454 -0.507, 3.6378 0.0454 -0.507, 3.6339 0.013 -0.507, 3.6378 0.013 -0.507, 3.6339 0.013 -0.5418, 3.6378 0.013 -0.5418, 3.6339 0.0022 -0.5418, 3.6378 0.0022 -0.5418, 3.6339 0.0022 -0.507, 3.6378 0.0022 -0.507, 3.6339 -0.0314 -0.507, 3.6378 -0.0314 -0.507, 3.6339 -0.0263 -0.4746, 3.6339 -0.0371 -0.4746, 3.6378 -0.0263 -0.4746, 3.6378 -0.0371 -0.4746, 3.6339 -0.0414 -0.4641, 3.6339 -0.0434 -0.4475, 3.6378 -0.0434 -0.4475, 3.6378 -0.0434 -0.4502, 3.6339 -0.0434 -0.4502, 3.6378 -0.0428 -0.4541, 3.6378 -0.0414 -0.4641, 3.6339 0.0051 -0.4014, 3.6378 0.0051 -0.4014, 3.6378 -0.0063 -0.4023, 3.6339 -0.0063 -0.4023, 3.6378 -0.0167 -0.4053, 3.6339 -0.0167 -0.4053, 3.6378 -0.026 -0.4105, 3.6339 -0.026 -0.4105, 3.6378 -0.0338 -0.4179, 3.6339 -0.0338 -0.4179, 3.6378 -0.0389 -0.4258, 3.6339 -0.0389 -0.4258, 3.6378 -0.0422 -0.4354, 3.6339 -0.0422 -0.4354, 3.6378 -0.0428 -0.4417, 3.6339 0.0574 -0.4514, 3.6378 0.0574 -0.4514, 3.6378 0.0566 -0.4415, 3.6339 0.0566 -0.4415, 3.6378 0.0534 -0.4306, 3.6339 0.0534 -0.4306, 3.6378 0.048 -0.4212, 3.6339 0.048 -0.4212, 3.6378 0.0395 -0.4123, 3.6339 0.0395 -0.4123, 3.6378 0.0303 -0.4066, 3.6339 0.0303 -0.4066, 3.6378 0.0191 -0.4028, 3.6339 0.0191 -0.4028, 3.6339 0.0535 -0.4746, 3.6378 0.0535 -0.4746, 3.6378 0.0566 -0.4632, 3.6339 0.0566 -0.4632, 3.6339 0.0403 -0.4746, 3.6378 0.0403 -0.4746, 3.6339 0.0466 -0.4515, 3.6378 0.0466 -0.4515, 3.6378 0.0451 -0.4635, 3.6339 0.0451 -0.4635, 3.6339 0.0059 -0.4146, 3.6378 0.0059 -0.4146, 3.6378 0.0136 -0.415, 3.6339 0.0136 -0.415, 3.6378 0.0241 -0.4177, 3.6339 0.0241 -0.4177, 3.6378 0.0317 -0.4217, 3.6339 0.0317 -0.4217, 3.6378 0.0383 -0.4277, 3.6339 0.0383 -0.4277, 3.6378 0.0429 -0.4345, 3.6339 0.0429 -0.4345, 3.6378 0.0455 -0.4418, 3.6339 0.0455 -0.4418, 3.6339 -0.0326 -0.4493, 3.6378 -0.0326 -0.4493, 3.6378 -0.0316 -0.4401, 3.6339 -0.0316 -0.4401, 3.6378 -0.0289 -0.433, 3.6339 -0.0289 -0.433, 3.6378 -0.0249 -0.4269, 3.6339 -0.0249 -0.4269, 3.6378 -0.02 -0.4223, 3.6339 -0.02 -0.4223, 3.6378 -0.0132 -0.4182, 3.6339 -0.0132 -0.4182, 3.6378 -0.0047 -0.4156, 3.6339 -0.0047 -0.4156, 3.6378 -0.0273 -0.4728, 3.6339 -0.0273 -0.4728, 3.6378 -0.0312 -0.4624, 3.6339 -0.0312 -0.4624, 3.6339 -0.0314 -0.393, 3.6339 -0.0422 -0.393, 3.6378 -0.0314 -0.393, 3.6378 -0.0422 -0.393, 3.6339 -0.0422 -0.3425, 3.6378 -0.0422 -0.3425, 3.6339 0.0562 -0.3425, 3.6378 0.0562 -0.3425, 3.6339 0.0562 -0.3557, 3.6378 0.0562 -0.3557, 3.6339 -0.0314 -0.3557, 3.6378 -0.0314 -0.3557
            ]
        }
        coordIndex [
            0,1,2,-1,2,1,3,-1,1,4,3,-1,3,4,5,-1,4,6,5,-1,5,6,7,-1,6,8,7,-1,7,8,9,-1,8,10,9,-1,9,10,11,-1,10,12,11,-1,11,12,13,-1,12,14,13,-1,13,14,15,-1,14,0,15,-1,15,0,2,-1,16,8,17,-1,17,8,6,-1,18,14,16,-1,16,14,12,-1,16,12,8,-1,8,12,10,-1,18,19,14,-1,14,19,20,-1,14,20,0,-1,0,20,21,-1,0,21,22,-1,22,23,0,-1,0,23,17,-1,0,17,1,-1,1,17,6,-1,1,6,4,-1,16,17,24,-1,24,17,25,-1,18,16,26,-1,26,16,24,-1,18,26,27,-1,18,27,19,-1,19,27,28,-1,19,28,20,-1,21,20,29,-1,29,20,28,-1,21,29,30,-1,21,30,22,-1,22,30,31,-1,22,31,23,-1,17,23,25,-1,25,23,31,-1,32,33,34,-1,34,33,35,-1,33,36,35,-1,35,36,37,-1,36,38,37,-1,37,38,39,-1,40,41,42,-1,40,42,43,-1,43,42,44,-1,43,44,45,-1,45,44,46,-1,45,46,47,-1,47,46,48,-1,47,48,49,-1,49,48,50,-1,49,50,51,-1,51,50,52,-1,51,52,53,-1,53,52,54,-1,53,54,55,-1,55,54,39,-1,55,39,38,-1,32,34,56,-1,32,56,57,-1,57,56,58,-1,57,58,59,-1,59,58,60,-1,59,60,61,-1,61,60,62,-1,61,62,63,-1,63,62,64,-1,63,64,65,-1,65,64,66,-1,65,66,67,-1,67,66,41,-1,67,41,40,-1,45,47,68,-1,68,47,49,-1,68,49,69,-1,69,49,51,-1,69,51,70,-1,70,51,53,-1,70,53,71,-1,71,53,55,-1,71,55,72,-1,72,55,38,-1,72,38,73,-1,73,38,36,-1,73,36,74,-1,74,36,33,-1,74,33,75,-1,75,33,32,-1,75,32,76,-1,76,32,57,-1,76,57,77,-1,77,57,59,-1,77,59,78,-1,78,59,61,-1,78,61,79,-1,79,61,63,-1,79,63,80,-1,80,63,65,-1,80,65,81,-1,81,65,67,-1,81,67,82,-1,82,67,40,-1,82,40,83,-1,83,40,43,-1,83,43,84,-1,84,43,45,-1,84,45,68,-1,72,73,85,-1,85,73,86,-1,72,85,87,-1,72,87,71,-1,71,87,88,-1,71,88,70,-1,70,88,89,-1,70,89,69,-1,69,89,90,-1,69,90,68,-1,68,90,91,-1,68,91,84,-1,84,91,92,-1,84,92,83,-1,83,92,93,-1,83,93,82,-1,82,93,94,-1,82,94,81,-1,81,94,95,-1,81,95,80,-1,80,95,96,-1,80,96,79,-1,79,96,97,-1,79,97,78,-1,78,97,98,-1,78,98,77,-1,77,98,99,-1,77,99,76,-1,76,99,100,-1,76,100,75,-1,74,75,101,-1,101,75,100,-1,73,74,86,-1,86,74,101,-1,102,103,104,-1,104,103,105,-1,103,106,105,-1,105,106,107,-1,106,108,107,-1,107,108,109,-1,108,110,109,-1,109,110,111,-1,110,112,111,-1,111,112,113,-1,112,114,113,-1,113,114,115,-1,114,116,115,-1,115,116,117,-1,116,118,117,-1,117,118,119,-1,118,120,119,-1,119,120,121,-1,120,122,121,-1,121,122,123,-1,122,124,123,-1,123,124,125,-1,124,102,125,-1,125,102,104,-1,106,103,102,-1,102,124,106,-1,106,124,122,-1,106,122,108,-1,112,110,114,-1,114,110,108,-1,114,108,116,-1,116,108,122,-1,116,122,118,-1,118,122,120,-1,126,127,128,-1,128,127,129,-1,129,127,130,-1,131,132,133,-1,131,133,134,-1,134,133,135,-1,134,135,130,-1,130,135,136,-1,130,136,129,-1,137,138,139,-1,137,139,140,-1,140,139,141,-1,140,141,142,-1,142,141,143,-1,142,143,144,-1,144,143,145,-1,144,145,146,-1,146,145,147,-1,146,147,148,-1,148,147,149,-1,148,149,150,-1,150,149,131,-1,131,149,151,-1,131,151,132,-1,152,153,154,-1,152,154,155,-1,155,154,156,-1,155,156,157,-1,157,156,158,-1,157,158,159,-1,159,158,160,-1,159,160,161,-1,161,160,162,-1,161,162,163,-1,163,162,164,-1,163,164,165,-1,165,164,138,-1,165,138,137,-1,166,167,168,-1,166,168,169,-1,169,168,153,-1,169,153,152,-1,166,170,167,-1,167,170,171,-1,172,173,174,-1,172,174,175,-1,175,174,171,-1,175,171,170,-1,176,177,178,-1,176,178,179,-1,179,178,180,-1,179,180,181,-1,181,180,182,-1,181,182,183,-1,183,182,184,-1,183,184,185,-1,185,184,186,-1,185,186,187,-1,187,186,188,-1,187,188,189,-1,189,188,173,-1,189,173,172,-1,190,191,192,-1,190,192,193,-1,193,192,194,-1,193,194,195,-1,195,194,196,-1,195,196,197,-1,197,196,198,-1,197,198,199,-1,199,198,200,-1,199,200,201,-1,201,200,202,-1,201,202,203,-1,203,202,177,-1,203,177,176,-1,126,128,204,-1,126,204,205,-1,205,204,206,-1,205,206,207,-1,207,206,191,-1,207,191,190,-1,193,131,190,-1,190,131,134,-1,190,134,207,-1,207,134,130,-1,207,130,205,-1,205,130,127,-1,205,127,126,-1,170,166,175,-1,175,166,169,-1,175,169,172,-1,172,169,152,-1,172,152,189,-1,189,152,155,-1,189,155,187,-1,187,155,157,-1,187,157,185,-1,185,157,159,-1,185,159,183,-1,183,159,161,-1,183,161,181,-1,181,161,163,-1,181,163,179,-1,179,163,165,-1,179,165,176,-1,176,165,137,-1,176,137,203,-1,203,137,140,-1,203,140,201,-1,201,140,142,-1,201,142,199,-1,199,142,144,-1,199,144,197,-1,197,144,146,-1,197,146,195,-1,195,146,148,-1,195,148,193,-1,193,148,150,-1,193,150,131,-1,208,209,210,-1,210,209,211,-1,209,212,211,-1,211,212,213,-1,212,214,213,-1,213,214,215,-1,214,216,215,-1,215,216,217,-1,216,218,217,-1,217,218,219,-1,218,208,219,-1,219,208,210,-1,216,214,218,-1,218,214,212,-1,218,212,208,-1,208,212,209,-1,
        ]
    }
}
Shape{
    appearance Appearance {
        material  Material {
            diffuseColor 0.9490196078431372 0.7607843137254902 0.1803921568627451
            specularColor 0.7607843137254902 0.6078431372549019 0.1450980392156863
            ambientIntensity 0.7509
            transparency 0.0
            shininess 0.5
        }
    }
    geometry IndexedFaceSet {
        ccw TRUE
        solid FALSE
        coord DEF co Coordinate {
            point [
                3.6378 -0.0038 -0.6793, 3.6378 -0.0038 -0.7123, 3.6378 0.0373 -0.694, 3.6378 0.0373 -0.6974, 3.6378 0.0407 -0.695, 3.6378 0.0407 -0.6966, 3.6378 0.0442 -0.6956, 3.6378 0.0442 -0.6959, 3.6378 0.0454 -0.579, 3.6378 -0.0314 -0.579, 3.6378 0.0454 -0.5935, 3.6378 -0.0314 -0.593, 3.6378 -0.0304 -0.6034, 3.6378 0.008 -0.6318, 3.6378 0.0177 -0.631, 3.6378 0.0255 -0.6287, 3.6378 0.0442 -0.6052, 3.6378 -0.0279 -0.6116, 3.6378 -0.0239 -0.6184, 3.6378 -0.0184 -0.6239, 3.6378 -0.0116 -0.628, 3.6378 -0.0024 -0.6309, 3.6378 0.0316 -0.6253, 3.6378 0.0367 -0.6205, 3.6378 0.0413 -0.6133, 2.6378 0.0466 -0.4515, 2.6378 0.0455 -0.4418, 2.6378 -0.0273 -0.4728, 2.6378 0.0574 -0.4514, 2.6378 0.0566 -0.4632, 2.6378 0.0562 -0.4938, 2.6378 -0.0338 -0.4179, 2.6378 -0.026 -0.4105, 2.6378 -0.0422 -0.393, 2.6378 -0.0428 -0.4417, 2.6378 -0.0422 -0.3425, 2.6378 0.0451 -0.4635, 2.6378 -0.0263 -0.4746, 2.6378 0.0403 -0.4746, 2.6378 0.0022 -0.5418, 2.6378 -0.0428 -0.5562, 2.6378 0.013 -0.5418, 2.6378 0.0454 -0.5442, 2.6378 0.013 -0.507, 2.6378 0.0454 -0.507, 2.6378 0.1378 0.1969, 2.6378 0.0562 -0.3425, 2.6378 0.0562 -0.3557, 2.6378 0.0303 -0.4066, 2.6378 0.0395 -0.4123, 2.6378 0.048 -0.4212, 2.6378 0.0534 -0.4306, 2.6378 -0.0314 -0.393, 2.6378 -0.0167 -0.4053, 2.6378 -0.0314 -0.3557, 2.6378 0.0562 -0.5442, 2.6378 0.1378 -0.5562, 2.6378 0.0566 -0.4415, 2.6378 0.0535 -0.4746, 2.6378 -0.0422 -0.4938, 2.6378 -0.0371 -0.4746, 2.6378 -0.0422 -0.4354, 2.6378 -0.0389 -0.4258, 2.6378 0.0429 -0.4345, 2.6378 0.0383 -0.4277, 2.6378 0.0317 -0.4217, 2.6378 0.0059 -0.4146, 2.6378 -0.0047 -0.4156, 2.6378 -0.0132 -0.4182, 2.6378 -0.0316 -0.4401, 2.6378 -0.0326 -0.4493, 2.6378 -0.0289 -0.433, 2.6378 -0.0249 -0.4269, 2.6378 -0.02 -0.4223, 2.6378 -0.0312 -0.4624, 2.6378 -0.0063 -0.4023, 2.6378 0.0051 -0.4014, 2.6378 0.0191 -0.4028, 2.6378 0.0241 -0.4177, 2.6378 0.0136 -0.415, 2.6378 0.0022 -0.507, 2.6378 -0.0314 -0.507, 2.6378 -0.0314 -0.5466, 2.6378 -0.0422 -0.5466, 2.6378 -0.0428 -0.4541, 2.6378 -0.0434 -0.4502, 2.6378 -0.1378 -0.5562, 2.6378 -0.0434 -0.4475, 2.6378 -0.0428 0.1969, 2.6378 -0.1378 0.1969, 2.6378 0.0562 -0.6894, 2.6378 0.0562 -0.7026, 2.6378 -0.0422 -0.5926, 2.6378 -0.0422 -0.5658, 2.6378 0.0562 -0.5658, 2.6378 -0.0422 -0.7266, 2.6378 -0.0422 -0.741, 2.6378 -0.0428 -1.0236, 2.6378 0.1378 -1.0236, 2.6378 0.0562 -0.5936, 2.6378 0.0547 -0.6078, 2.6378 0.0506 -0.6193, 2.6378 0.0435 -0.63, 2.6378 -0.0422 -0.6522, 2.6378 -0.0152 -0.6401, 2.6378 -0.024 -0.6345, 2.6378 0.0434 -0.6301, 2.6378 0.0357 -0.6371, 2.6378 0.0272 -0.6417, 2.6378 -0.0318 -0.6264, 2.6378 -0.0378 -0.6161, 2.6378 -0.0412 -0.6047, 2.6378 -0.0422 -0.6666, 2.6378 -0.0146 -0.676, 2.6378 -0.0146 -0.7167, 2.6378 0.0175 -0.6443, 2.6378 0.0082 -0.645, 2.6378 -0.0049 -0.6436, 2.6378 -0.0414 -0.4641, 2.6378 -0.1378 -1.0236
            ]
        }
        coordIndex [
            0,1,2,-1,2,1,3,-1,2,3,4,-1,4,3,5,-1,4,5,6,-1,6,5,7,-1,8,9,10,-1,10,9,11,-1,10,11,12,-1,13,14,10,-1,10,14,15,-1,10,15,16,-1,12,17,10,-1,10,17,18,-1,10,18,19,-1,19,20,10,-1,10,20,21,-1,10,21,13,-1,22,23,15,-1,15,23,24,-1,15,24,16,-1,25,26,27,-1,28,29,30,-1,31,32,33,-1,34,33,35,-1,25,27,36,-1,36,27,37,-1,36,37,38,-1,39,40,41,-1,41,40,42,-1,41,42,43,-1,43,42,44,-1,45,46,47,-1,48,49,47,-1,47,49,50,-1,47,50,51,-1,33,32,52,-1,52,32,53,-1,52,53,54,-1,55,56,30,-1,30,56,45,-1,30,45,28,-1,28,45,47,-1,28,47,57,-1,57,47,51,-1,29,58,30,-1,30,58,38,-1,30,38,59,-1,59,38,37,-1,59,37,60,-1,34,61,33,-1,33,61,62,-1,33,62,31,-1,26,63,27,-1,27,63,64,-1,27,64,65,-1,66,67,27,-1,27,67,68,-1,69,70,71,-1,71,70,72,-1,68,73,27,-1,27,73,72,-1,27,72,74,-1,74,72,70,-1,53,75,54,-1,54,75,76,-1,54,76,47,-1,47,76,77,-1,47,77,48,-1,65,78,27,-1,27,78,79,-1,27,79,66,-1,80,81,39,-1,39,81,82,-1,39,82,40,-1,40,82,83,-1,40,83,59,-1,84,85,86,-1,86,85,87,-1,86,87,34,-1,46,45,35,-1,35,45,88,-1,35,88,34,-1,34,88,89,-1,34,89,86,-1,56,90,91,-1,92,93,40,-1,55,42,56,-1,56,42,40,-1,56,40,94,-1,94,40,93,-1,95,40,96,-1,96,40,97,-1,96,97,91,-1,91,97,98,-1,91,98,56,-1,94,99,56,-1,56,99,100,-1,56,100,90,-1,90,100,101,-1,90,101,102,-1,103,104,105,-1,102,106,90,-1,90,106,107,-1,90,107,108,-1,105,109,103,-1,103,109,110,-1,103,110,111,-1,111,92,103,-1,103,92,40,-1,103,40,112,-1,112,40,95,-1,112,95,113,-1,113,95,114,-1,108,115,90,-1,90,115,116,-1,90,116,103,-1,103,116,117,-1,103,117,104,-1,60,118,59,-1,59,118,84,-1,59,84,40,-1,40,84,86,-1,40,86,97,-1,97,86,119,-1,
        ]
    }
}
Shape{
    appearance Appearance {
        material  Material {
            diffuseColor 0.17647058823529413 0.17647058823529413 0.17647058823529413
            specularColor 0.050980392156862744 0.050980392156862744 0.050980392156862744
            ambientIntensity 0.251
            transparency 0.0
            shininess 0.5
        }
    }
    geometry IndexedFaceSet {
        ccw TRUE
        solid FALSE
        coord DEF co Coordinate {
            point [
                2.3622 -0.1378 0.1969, 2.6378 -0.1378 0.1969, 3.0 -0.2638 0.1969, 2.6378 -0.0428 0.1969, 3.0 0.2638 0.1969, 2.6378 0.1378 0.1969, 2.0 0.2638 0.1969, 2.3622 0.1378 0.1969, 2.0 -0.2638 0.1969, 2.1181 -0.5 0.0118, 2.1181 -0.5 0.9843, 2.0 -0.3819 0.0118, 2.0 -0.3819 0.9843, 2.8819 -0.5 0.0118, 2.8819 -0.5 0.9843, 3.0 -0.3819 0.0118, 3.0 -0.3819 0.9843, 3.0 -0.2638 0.0118, 3.0 0.2638 0.0118, 3.0 0.3819 0.0118, 3.0 0.3819 0.9843, 2.8819 0.5 0.0118, 2.8819 0.5 0.9843, 2.1181 0.5 0.0118, 2.1181 0.5 0.9843, 2.0 0.3819 0.0118, 2.0 0.3819 0.9843, 2.0 0.2638 0.0118, 2.0 -0.2638 0.0118, 2.6378 -0.1378 0.9843, 2.3622 -0.1378 0.9843, 2.3622 0.1378 0.9843, 2.6378 0.1378 0.9843
            ]
        }
        coordIndex [
            0,1,2,-1,2,1,3,-1,2,3,4,-1,4,3,5,-1,4,5,6,-1,6,5,7,-1,6,7,8,-1,8,7,0,-1,8,0,2,-1,9,10,11,-1,11,10,12,-1,13,14,9,-1,9,14,10,-1,15,16,13,-1,13,16,14,-1,15,17,2,-1,18,19,4,-1,4,19,20,-1,4,20,2,-1,2,20,16,-1,2,16,15,-1,21,22,19,-1,19,22,20,-1,23,24,21,-1,21,24,22,-1,25,26,23,-1,23,26,24,-1,25,27,6,-1,28,11,8,-1,8,11,12,-1,8,12,6,-1,6,12,26,-1,6,26,25,-1,26,12,10,-1,22,24,26,-1,14,29,10,-1,10,29,30,-1,10,30,26,-1,26,30,31,-1,26,31,22,-1,22,31,20,-1,14,16,29,-1,29,16,20,-1,29,20,32,-1,32,20,31,-1,6,27,4,-1,4,27,18,-1,18,27,25,-1,25,23,18,-1,18,23,21,-1,18,21,19,-1,2,17,8,-1,8,17,28,-1,28,17,15,-1,15,13,28,-1,28,13,9,-1,28,9,11,-1,
        ]
    }
}
Shape{
    appearance Appearance {
        material  Material {
            diffuseColor 0.9490196078431372 0.7607843137254902 0.1803921568627451
            specularColor 0.7607843137254902 0.6078431372549019 0.1450980392156863
            ambientIntensity 0.7509
            transparency 0.0
            shininess 0.5
        }
    }
    geometry IndexedFaceSet {
        ccw TRUE
        solid FALSE
        coord DEF co Coordinate {
            point [
                2.5984 -0.0984 3.3465, 2.5984 0.0984 3.3465, 2.4016 -0.0984 3.3465, 2.4016 0.0984 3.3465, 2.6378 0.1378 3.189, 2.6378 0.1378 0.9843, 2.3622 0.1378 3.189, 2.3622 0.1378 0.9843, 2.3622 -0.1378 3.189, 2.3622 -0.1378 0.9843, 2.6378 -0.1378 3.189, 2.6378 -0.1378 0.9843, 2.6378 -0.1378 0.1969, 2.3622 -0.1378 0.1969, 2.6378 -0.1378 -0.5562, 2.3622 -0.1378 -1.0236, 2.6378 -0.1378 -1.0236, 2.3622 0.1378 -1.0236, 2.3622 0.1378 0.1969, 2.6378 0.1378 0.1969, 2.6378 0.1378 -0.5562, 2.6378 0.1378 -1.0236, 2.5984 0.0984 -1.1811, 2.5984 -0.0984 -1.1811, 2.4016 0.0984 -1.1811, 2.4016 -0.0984 -1.1811, 2.6378 -0.0428 -1.0236
            ]
        }
        coordIndex [
            0,1,2,-1,2,1,3,-1,4,5,6,-1,6,5,7,-1,6,7,8,-1,8,7,9,-1,8,9,10,-1,10,9,11,-1,10,11,4,-1,4,11,5,-1,12,13,14,-1,14,13,15,-1,14,15,16,-1,15,13,17,-1,17,13,18,-1,18,19,17,-1,17,19,20,-1,17,20,21,-1,22,23,24,-1,24,23,25,-1,23,16,25,-1,25,16,15,-1,16,23,26,-1,26,23,22,-1,26,22,21,-1,17,24,15,-1,15,24,25,-1,24,17,22,-1,22,17,21,-1,6,3,4,-1,4,3,1,-1,8,2,6,-1,6,2,3,-1,0,10,1,-1,1,10,4,-1,10,0,8,-1,8,0,2,-1,
        ]
    }
}
Shape{
    appearance Appearance {
        material  Material {
            diffuseColor 0.0 0.0 0.0
            specularColor 0.0 0.0 0.0
            ambientIntensity 0.0
            transparency 0.0
            shininess 0.5
        }
    }
    geometry IndexedFaceSet {
        ccw TRUE
        solid FALSE
        coord DEF co Coordinate {
            point [
                2.6339 0.0562 -0.7026, 2.6339 -0.0422 -0.741, 2.6378 0.0562 -0.7026, 2.6378 -0.0422 -0.741, 2.6339 -0.0422 -0.7266, 2.6378 -0.0422 -0.7266, 2.6339 -0.0146 -0.7167, 2.6378 -0.0146 -0.7167, 2.6339 -0.0146 -0.676, 2.6378 -0.0146 -0.676, 2.6339 -0.0422 -0.6666, 2.6378 -0.0422 -0.6666, 2.6339 -0.0422 -0.6522, 2.6378 -0.0422 -0.6522, 2.6339 0.0562 -0.6894, 2.6378 0.0562 -0.6894, 2.6339 -0.0038 -0.6793, 2.6339 -0.0038 -0.7123, 2.6339 0.0373 -0.694, 2.6339 0.0407 -0.695, 2.6339 0.0442 -0.6956, 2.6339 0.0442 -0.6959, 2.6339 0.0407 -0.6966, 2.6339 0.0373 -0.6974, 2.6378 -0.0038 -0.6793, 2.6378 -0.0038 -0.7123, 2.6378 0.0373 -0.694, 2.6378 0.0407 -0.695, 2.6378 0.0442 -0.6956, 2.6378 0.0442 -0.6959, 2.6378 0.0407 -0.6966, 2.6378 0.0373 -0.6974, 2.6339 -0.0422 -0.5926, 2.6339 -0.0422 -0.5658, 2.6378 -0.0422 -0.5926, 2.6378 -0.0422 -0.5658, 2.6339 0.0562 -0.5658, 2.6378 0.0562 -0.5658, 2.6339 0.0562 -0.5936, 2.6378 0.0562 -0.5936, 2.6339 0.0082 -0.645, 2.6378 0.0082 -0.645, 2.6378 0.0175 -0.6443, 2.6339 0.0175 -0.6443, 2.6378 0.0272 -0.6417, 2.6339 0.0272 -0.6417, 2.6378 0.0357 -0.6371, 2.6339 0.0357 -0.6371, 2.6378 0.0434 -0.6301, 2.6339 0.0434 -0.6301, 2.6378 0.0435 -0.63, 2.6339 0.0435 -0.63, 2.6378 0.0506 -0.6193, 2.6339 0.0506 -0.6193, 2.6378 0.0547 -0.6078, 2.6339 0.0547 -0.6078, 2.6378 -0.0412 -0.6047, 2.6339 -0.0412 -0.6047, 2.6378 -0.0378 -0.6161, 2.6339 -0.0378 -0.6161, 2.6378 -0.0318 -0.6264, 2.6339 -0.0318 -0.6264, 2.6378 -0.024 -0.6345, 2.6339 -0.024 -0.6345, 2.6378 -0.0152 -0.6401, 2.6339 -0.0152 -0.6401, 2.6378 -0.0049 -0.6436, 2.6339 -0.0049 -0.6436, 2.6339 0.0316 -0.6253, 2.6339 0.0367 -0.6205, 2.6339 0.0413 -0.6133, 2.6339 0.0442 -0.6052, 2.6339 0.0454 -0.5935, 2.6339 0.0454 -0.579, 2.6339 -0.0314 -0.579, 2.6339 -0.0314 -0.593, 2.6339 -0.0304 -0.6034, 2.6339 -0.0279 -0.6116, 2.6339 -0.0239 -0.6184, 2.6339 -0.0184 -0.6239, 2.6339 -0.0116 -0.628, 2.6339 -0.0024 -0.6309, 2.6339 0.008 -0.6318, 2.6339 0.0177 -0.631, 2.6339 0.0255 -0.6287, 2.6378 0.0454 -0.5935, 2.6378 0.0454 -0.579, 2.6378 0.0442 -0.6052, 2.6378 0.0413 -0.6133, 2.6378 0.0367 -0.6205, 2.6378 0.0316 -0.6253, 2.6378 0.0255 -0.6287, 2.6378 0.0177 -0.631, 2.6378 0.008 -0.6318, 2.6378 -0.0024 -0.6309, 2.6378 -0.0116 -0.628, 2.6378 -0.0184 -0.6239, 2.6378 -0.0239 -0.6184, 2.6378 -0.0279 -0.6116, 2.6378 -0.0304 -0.6034, 2.6378 -0.0314 -0.593, 2.6378 -0.0314 -0.579, 2.6339 -0.0314 -0.5466, 2.6339 -0.0422 -0.5466, 2.6378 -0.0314 -0.5466, 2.6378 -0.0422 -0.5466, 2.6339 -0.0422 -0.4938, 2.6378 -0.0422 -0.4938, 2.6339 0.0562 -0.4938, 2.6378 0.0562 -0.4938, 2.6339 0.0562 -0.5442, 2.6378 0.0562 -0.5442, 2.6339 0.0454 -0.5442, 2.6378 0.0454 -0.5442, 2.6339 0.0454 -0.507, 2.6378 0.0454 -0.507, 2.6339 0.013 -0.507, 2.6378 0.013 -0.507, 2.6339 0.013 -0.5418, 2.6378 0.013 -0.5418, 2.6339 0.0022 -0.5418, 2.6378 0.0022 -0.5418, 2.6339 0.0022 -0.507, 2.6378 0.0022 -0.507, 2.6339 -0.0314 -0.507, 2.6378 -0.0314 -0.507, 2.6339 -0.0263 -0.4746, 2.6339 -0.0371 -0.4746, 2.6378 -0.0263 -0.4746, 2.6378 -0.0371 -0.4746, 2.6339 -0.0414 -0.4641, 2.6339 -0.0434 -0.4475, 2.6378 -0.0434 -0.4475, 2.6378 -0.0434 -0.4502, 2.6339 -0.0434 -0.4502, 2.6378 -0.0428 -0.4541, 2.6378 -0.0414 -0.4641, 2.6339 0.0051 -0.4014, 2.6378 0.0051 -0.4014, 2.6378 -0.0063 -0.4023, 2.6339 -0.0063 -0.4023, 2.6378 -0.0167 -0.4053, 2.6339 -0.0167 -0.4053, 2.6378 -0.026 -0.4105, 2.6339 -0.026 -0.4105, 2.6378 -0.0338 -0.4179, 2.6339 -0.0338 -0.4179, 2.6378 -0.0389 -0.4258, 2.6339 -0.0389 -0.4258, 2.6378 -0.0422 -0.4354, 2.6339 -0.0422 -0.4354, 2.6378 -0.0428 -0.4417, 2.6339 0.0574 -0.4514, 2.6378 0.0574 -0.4514, 2.6378 0.0566 -0.4415, 2.6339 0.0566 -0.4415, 2.6378 0.0534 -0.4306, 2.6339 0.0534 -0.4306, 2.6378 0.048 -0.4212, 2.6339 0.048 -0.4212, 2.6378 0.0395 -0.4123, 2.6339 0.0395 -0.4123, 2.6378 0.0303 -0.4066, 2.6339 0.0303 -0.4066, 2.6378 0.0191 -0.4028, 2.6339 0.0191 -0.4028, 2.6339 0.0535 -0.4746, 2.6378 0.0535 -0.4746, 2.6378 0.0566 -0.4632, 2.6339 0.0566 -0.4632, 2.6339 0.0403 -0.4746, 2.6378 0.0403 -0.4746, 2.6339 0.0466 -0.4515, 2.6378 0.0466 -0.4515, 2.6378 0.0451 -0.4635, 2.6339 0.0451 -0.4635, 2.6339 0.0059 -0.4146, 2.6378 0.0059 -0.4146, 2.6378 0.0136 -0.415, 2.6339 0.0136 -0.415, 2.6378 0.0241 -0.4177, 2.6339 0.0241 -0.4177, 2.6378 0.0317 -0.4217, 2.6339 0.0317 -0.4217, 2.6378 0.0383 -0.4277, 2.6339 0.0383 -0.4277, 2.6378 0.0429 -0.4345, 2.6339 0.0429 -0.4345, 2.6378 0.0455 -0.4418, 2.6339 0.0455 -0.4418, 2.6339 -0.0326 -0.4493, 2.6378 -0.0326 -0.4493, 2.6378 -0.0316 -0.4401, 2.6339 -0.0316 -0.4401, 2.6378 -0.0289 -0.433, 2.6339 -0.0289 -0.433, 2.6378 -0.0249 -0.4269, 2.6339 -0.0249 -0.4269, 2.6378 -0.02 -0.4223, 2.6339 -0.02 -0.4223, 2.6378 -0.0132 -0.4182, 2.6339 -0.0132 -0.4182, 2.6378 -0.0047 -0.4156, 2.6339 -0.0047 -0.4156, 2.6378 -0.0273 -0.4728, 2.6339 -0.0273 -0.4728, 2.6378 -0.0312 -0.4624, 2.6339 -0.0312 -0.4624, 2.6339 -0.0314 -0.393, 2.6339 -0.0422 -0.393, 2.6378 -0.0314 -0.393, 2.6378 -0.0422 -0.393, 2.6339 -0.0422 -0.3425, 2.6378 -0.0422 -0.3425, 2.6339 0.0562 -0.3425, 2.6378 0.0562 -0.3425, 2.6339 0.0562 -0.3557, 2.6378 0.0562 -0.3557, 2.6339 -0.0314 -0.3557, 2.6378 -0.0314 -0.3557
            ]
        }
        coordIndex [
            0,1,2,-1,2,1,3,-1,1,4,3,-1,3,4,5,-1,4,6,5,-1,5,6,7,-1,6,8,7,-1,7,8,9,-1,8,10,9,-1,9,10,11,-1,10,12,11,-1,11,12,13,-1,12,14,13,-1,13,14,15,-1,14,0,15,-1,15,0,2,-1,16,8,17,-1,17,8,6,-1,18,14,16,-1,16,14,12,-1,16,12,8,-1,8,12,10,-1,18,19,14,-1,14,19,20,-1,14,20,0,-1,0,20,21,-1,0,21,22,-1,22,23,0,-1,0,23,17,-1,0,17,1,-1,1,17,6,-1,1,6,4,-1,16,17,24,-1,24,17,25,-1,18,16,26,-1,26,16,24,-1,18,26,27,-1,18,27,19,-1,19,27,28,-1,19,28,20,-1,21,20,29,-1,29,20,28,-1,21,29,30,-1,21,30,22,-1,22,30,31,-1,22,31,23,-1,17,23,25,-1,25,23,31,-1,32,33,34,-1,34,33,35,-1,33,36,35,-1,35,36,37,-1,36,38,37,-1,37,38,39,-1,40,41,42,-1,40,42,43,-1,43,42,44,-1,43,44,45,-1,45,44,46,-1,45,46,47,-1,47,46,48,-1,47,48,49,-1,49,48,50,-1,49,50,51,-1,51,50,52,-1,51,52,53,-1,53,52,54,-1,53,54,55,-1,55,54,39,-1,55,39,38,-1,32,34,56,-1,32,56,57,-1,57,56,58,-1,57,58,59,-1,59,58,60,-1,59,60,61,-1,61,60,62,-1,61,62,63,-1,63,62,64,-1,63,64,65,-1,65,64,66,-1,65,66,67,-1,67,66,41,-1,67,41,40,-1,45,47,68,-1,68,47,49,-1,68,49,69,-1,69,49,51,-1,69,51,70,-1,70,51,53,-1,70,53,71,-1,71,53,55,-1,71,55,72,-1,72,55,38,-1,72,38,73,-1,73,38,36,-1,73,36,74,-1,74,36,33,-1,74,33,75,-1,75,33,32,-1,75,32,76,-1,76,32,57,-1,76,57,77,-1,77,57,59,-1,77,59,78,-1,78,59,61,-1,78,61,79,-1,79,61,63,-1,79,63,80,-1,80,63,65,-1,80,65,81,-1,81,65,67,-1,81,67,82,-1,82,67,40,-1,82,40,83,-1,83,40,43,-1,83,43,84,-1,84,43,45,-1,84,45,68,-1,72,73,85,-1,85,73,86,-1,72,85,87,-1,72,87,71,-1,71,87,88,-1,71,88,70,-1,70,88,89,-1,70,89,69,-1,69,89,90,-1,69,90,68,-1,68,90,91,-1,68,91,84,-1,84,91,92,-1,84,92,83,-1,83,92,93,-1,83,93,82,-1,82,93,94,-1,82,94,81,-1,81,94,95,-1,81,95,80,-1,80,95,96,-1,80,96,79,-1,79,96,97,-1,79,97,78,-1,78,97,98,-1,78,98,77,-1,77,98,99,-1,77,99,76,-1,76,99,100,-1,76,100,75,-1,74,75,101,-1,101,75,100,-1,73,74,86,-1,86,74,101,-1,102,103,104,-1,104,103,105,-1,103,106,105,-1,105,106,107,-1,106,108,107,-1,107,108,109,-1,108,110,109,-1,109,110,111,-1,110,112,111,-1,111,112,113,-1,112,114,113,-1,113,114,115,-1,114,116,115,-1,115,116,117,-1,116,118,117,-1,117,118,119,-1,118,120,119,-1,119,120,121,-1,120,122,121,-1,121,122,123,-1,122,124,123,-1,123,124,125,-1,124,102,125,-1,125,102,104,-1,106,103,102,-1,102,124,106,-1,106,124,122,-1,106,122,108,-1,112,110,114,-1,114,110,108,-1,114,108,116,-1,116,108,122,-1,116,122,118,-1,118,122,120,-1,126,127,128,-1,128,127,129,-1,129,127,130,-1,131,132,133,-1,131,133,134,-1,134,133,135,-1,134,135,130,-1,130,135,136,-1,130,136,129,-1,137,138,139,-1,137,139,140,-1,140,139,141,-1,140,141,142,-1,142,141,143,-1,142,143,144,-1,144,143,145,-1,144,145,146,-1,146,145,147,-1,146,147,148,-1,148,147,149,-1,148,149,150,-1,150,149,131,-1,131,149,151,-1,131,151,132,-1,152,153,154,-1,152,154,155,-1,155,154,156,-1,155,156,157,-1,157,156,158,-1,157,158,159,-1,159,158,160,-1,159,160,161,-1,161,160,162,-1,161,162,163,-1,163,162,164,-1,163,164,165,-1,165,164,138,-1,165,138,137,-1,166,167,168,-1,166,168,169,-1,169,168,153,-1,169,153,152,-1,166,170,167,-1,167,170,171,-1,172,173,174,-1,172,174,175,-1,175,174,171,-1,175,171,170,-1,176,177,178,-1,176,178,179,-1,179,178,180,-1,179,180,181,-1,181,180,182,-1,181,182,183,-1,183,182,184,-1,183,184,185,-1,185,184,186,-1,185,186,187,-1,187,186,188,-1,187,188,189,-1,189,188,173,-1,189,173,172,-1,190,191,192,-1,190,192,193,-1,193,192,194,-1,193,194,195,-1,195,194,196,-1,195,196,197,-1,197,196,198,-1,197,198,199,-1,199,198,200,-1,199,200,201,-1,201,200,202,-1,201,202,203,-1,203,202,177,-1,203,177,176,-1,126,128,204,-1,126,204,205,-1,205,204,206,-1,205,206,207,-1,207,206,191,-1,207,191,190,-1,193,131,190,-1,190,131,134,-1,190,134,207,-1,207,134,130,-1,207,130,205,-1,205,130,127,-1,205,127,126,-1,170,166,175,-1,175,166,169,-1,175,169,172,-1,172,169,152,-1,172,152,189,-1,189,152,155,-1,189,155,187,-1,187,155,157,-1,187,157,185,-1,185,157,159,-1,185,159,183,-1,183,159,161,-1,183,161,181,-1,181,161,163,-1,181,163,179,-1,179,163,165,-1,179,165,176,-1,176,165,137,-1,176,137,203,-1,203,137,140,-1,203,140,201,-1,201,140,142,-1,201,142,199,-1,199,142,144,-1,199,144,197,-1,197,144,146,-1,197,146,195,-1,195,146,148,-1,195,148,193,-1,193,148,150,-1,193,150,131,-1,208,209,210,-1,210,209,211,-1,209,212,211,-1,211,212,213,-1,212,214,213,-1,213,214,215,-1,214,216,215,-1,215,216,217,-1,216,218,217,-1,217,218,219,-1,218,208,219,-1,219,208,210,-1,216,214,218,-1,218,214,212,-1,218,212,208,-1,208,212,209,-1,
        ]
    }
}
Shape{
    appearance Appearance {
        material  Material {
            diffuseColor 0.9490196078431372 0.7607843137254902 0.1803921568627451
            specularColor 0.7607843137254902 0.6078431372549019 0.1450980392156863
            ambientIntensity 0.7509
            transparency 0.0
            shininess 0.5
        }
    }
    geometry IndexedFaceSet {
        ccw TRUE
        solid FALSE
        coord DEF co Coordinate {
            point [
                2.6378 -0.0038 -0.6793, 2.6378 -0.0038 -0.7123, 2.6378 0.0373 -0.694, 2.6378 0.0373 -0.6974, 2.6378 0.0407 -0.695, 2.6378 0.0407 -0.6966, 2.6378 0.0442 -0.6956, 2.6378 0.0442 -0.6959, 2.6378 0.0454 -0.579, 2.6378 -0.0314 -0.579, 2.6378 0.0454 -0.5935, 2.6378 -0.0314 -0.593, 2.6378 -0.0304 -0.6034, 2.6378 0.008 -0.6318, 2.6378 0.0177 -0.631, 2.6378 0.0255 -0.6287, 2.6378 0.0442 -0.6052, 2.6378 -0.0279 -0.6116, 2.6378 -0.0239 -0.6184, 2.6378 -0.0184 -0.6239, 2.6378 -0.0116 -0.628, 2.6378 -0.0024 -0.6309, 2.6378 0.0316 -0.6253, 2.6378 0.0367 -0.6205, 2.6378 0.0413 -0.6133, 1.6378 0.0466 -0.4515, 1.6378 0.0455 -0.4418, 1.6378 -0.0273 -0.4728, 1.6378 0.0574 -0.4514, 1.6378 0.0566 -0.4632, 1.6378 0.0562 -0.4938, 1.6378 -0.0338 -0.4179, 1.6378 -0.026 -0.4105, 1.6378 -0.0422 -0.393, 1.6378 -0.0428 -0.4417, 1.6378 -0.0422 -0.3425, 1.6378 0.0451 -0.4635, 1.6378 -0.0263 -0.4746, 1.6378 0.0403 -0.4746, 1.6378 0.0022 -0.5418, 1.6378 -0.0428 -0.5562, 1.6378 0.013 -0.5418, 1.6378 0.0454 -0.5442, 1.6378 0.013 -0.507, 1.6378 0.0454 -0.507, 1.6378 0.1378 0.1969, 1.6378 0.0562 -0.3425, 1.6378 0.0562 -0.3557, 1.6378 0.0303 -0.4066, 1.6378 0.0395 -0.4123, 1.6378 0.048 -0.4212, 1.6378 0.0534 -0.4306, 1.6378 -0.0314 -0.393, 1.6378 -0.0167 -0.4053, 1.6378 -0.0314 -0.3557, 1.6378 0.0562 -0.5442, 1.6378 0.1378 -0.5562, 1.6378 0.0566 -0.4415, 1.6378 0.0535 -0.4746, 1.6378 -0.0422 -0.4938, 1.6378 -0.0371 -0.4746, 1.6378 -0.0422 -0.4354, 1.6378 -0.0389 -0.4258, 1.6378 0.0429 -0.4345, 1.6378 0.0383 -0.4277, 1.6378 0.0317 -0.4217, 1.6378 0.0059 -0.4146, 1.6378 -0.0047 -0.4156, 1.6378 -0.0132 -0.4182, 1.6378 -0.0316 -0.4401, 1.6378 -0.0326 -0.4493, 1.6378 -0.0289 -0.433, 1.6378 -0.0249 -0.4269, 1.6378 -0.02 -0.4223, 1.6378 -0.0312 -0.4624, 1.6378 -0.0063 -0.4023, 1.6378 0.0051 -0.4014, 1.6378 0.0191 -0.4028, 1.6378 0.0241 -0.4177, 1.6378 0.0136 -0.415, 1.6378 0.0022 -0.507, 1.6378 -0.0314 -0.507, 1.6378 -0.0314 -0.5466, 1.6378 -0.0422 -0.5466, 1.6378 -0.0428 -0.4541, 1.6378 -0.0434 -0.4502, 1.6378 -0.1378 -0.5562, 1.6378 -0.0434 -0.4475, 1.6378 -0.0428 0.1969, 1.6378 -0.1378 0.1969, 1.6378 0.0562 -0.6894, 1.6378 0.0562 -0.7026, 1.6378 -0.0422 -0.5926, 1.6378 -0.0422 -0.5658, 1.6378 0.0562 -0.5658, 1.6378 -0.0422 -0.7266, 1.6378 -0.0422 -0.741, 1.6378 -0.0428 -1.0236, 1.6378 0.1378 -1.0236, 1.6378 0.0562 -0.5936, 1.6378 0.0547 -0.6078, 1.6378 0.0506 -0.6193, 1.6378 0.0435 -0.63, 1.6378 -0.0422 -0.6522, 1.6378 -0.0152 -0.6401, 1.6378 -0.024 -0.6345, 1.6378 0.0434 -0.6301, 1.6378 0.0357 -0.6371, 1.6378 0.0272 -0.6417, 1.6378 -0.0318 -0.6264, 1.6378 -0.0378 -0.6161, 1.6378 -0.0412 -0.6047, 1.6378 -0.0422 -0.6666, 1.6378 -0.0146 -0.676, 1.6378 -0.0146 -0.7167, 1.6378 0.0175 -0.6443, 1.6378 0.0082 -0.645, 1.6378 -0.0049 -0.6436, 1.6378 -0.0414 -0.4641, 1.6378 -0.1378 -1.0236
            ]
        }
        coordIndex [
            0,1,2,-1,2,1,3,-1,2,3,4,-1,4,3,5,-1,4,5,6,-1,6,5,7,-1,8,9,10,-1,10,9,11,-1,10,11,12,-1,13,14,10,-1,10,14,15,-1,10,15,16,-1,12,17,10,-1,10,17,18,-1,10,18,19,-1,19,20,10,-1,10,20,21,-1,10,21,13,-1,22,23,15,-1,15,23,24,-1,15,24,16,-1,25,26,27,-1,28,29,30,-1,31,32,33,-1,34,33,35,-1,25,27,36,-1,36,27,37,-1,36,37,38,-1,39,40,41,-1,41,40,42,-1,41,42,43,-1,43,42,44,-1,45,46,47,-1,48,49,47,-1,47,49,50,-1,47,50,51,-1,33,32,52,-1,52,32,53,-1,52,53,54,-1,55,56,30,-1,30,56,45,-1,30,45,28,-1,28,45,47,-1,28,47,57,-1,57,47,51,-1,29,58,30,-1,30,58,38,-1,30,38,59,-1,59,38,37,-1,59,37,60,-1,34,61,33,-1,33,61,62,-1,33,62,31,-1,26,63,27,-1,27,63,64,-1,27,64,65,-1,66,67,27,-1,27,67,68,-1,69,70,71,-1,71,70,72,-1,68,73,27,-1,27,73,72,-1,27,72,74,-1,74,72,70,-1,53,75,54,-1,54,75,76,-1,54,76,47,-1,47,76,77,-1,47,77,48,-1,65,78,27,-1,27,78,79,-1,27,79,66,-1,80,81,39,-1,39,81,82,-1,39,82,40,-1,40,82,83,-1,40,83,59,-1,84,85,86,-1,86,85,87,-1,86,87,34,-1,46,45,35,-1,35,45,88,-1,35,88,34,-1,34,88,89,-1,34,89,86,-1,56,90,91,-1,92,93,40,-1,55,42,56,-1,56,42,40,-1,56,40,94,-1,94,40,93,-1,95,40,96,-1,96,40,97,-1,96,97,91,-1,91,97,98,-1,91,98,56,-1,94,99,56,-1,56,99,100,-1,56,100,90,-1,90,100,101,-1,90,101,102,-1,103,104,105,-1,102,106,90,-1,90,106,107,-1,90,107,108,-1,105,109,103,-1,103,109,110,-1,103,110,111,-1,111,92,103,-1,103,92,40,-1,103,40,112,-1,112,40,95,-1,112,95,113,-1,113,95,114,-1,108,115,90,-1,90,115,116,-1,90,116,103,-1,103,116,117,-1,103,117,104,-1,60,118,59,-1,59,118,84,-1,59,84,40,-1,40,84,86,-1,40,86,97,-1,97,86,119,-1,
        ]
    }
}
Shape{
    appearance Appearance {
        material  Material {
            diffuseColor 0.17647058823529413 0.17647058823529413 0.17647058823529413
            specularColor 0.050980392156862744 0.050980392156862744 0.050980392156862744
            ambientIntensity 0.251
            transparency 0.0
            shininess 0.5
        }
    }
    geometry IndexedFaceSet {
        ccw TRUE
        solid FALSE
        coord DEF co Coordinate {
            point [
                1.3622 -0.1378 0.1969, 1.6378 -0.1378 0.1969, 2.0 -0.2638 0.1969, 1.6378 -0.0428 0.1969, 2.0 0.2638 0.1969, 1.6378 0.1378 0.1969, 1.0 0.2638 0.1969, 1.3622 0.1378 0.1969, 1.0 -0.2638 0.1969, 1.1181 -0.5 0.0118, 1.1181 -0.5 0.9843, 1.0 -0.3819 0.0118, 1.0 -0.3819 0.9843, 1.8819 -0.5 0.0118, 1.8819 -0.5 0.9843, 2.0 -0.3819 0.0118, 2.0 -0.3819 0.9843, 2.0 -0.2638 0.0118, 2.0 0.2638 0.0118, 2.0 0.3819 0.0118, 2.0 0.3819 0.9843, 1.8819 0.5 0.0118, 1.8819 0.5 0.9843, 1.1181 0.5 0.0118, 1.1181 0.5 0.9843, 1.0 0.3819 0.0118, 1.0 0.3819 0.9843, 1.0 0.2638 0.0118, 1.0 -0.2638 0.0118, 1.6378 -0.1378 0.9843, 1.3622 -0.1378 0.9843, 1.3622 0.1378 0.9843, 1.6378 0.1378 0.9843
            ]
        }
        coordIndex [
            0,1,2,-1,2,1,3,-1,2,3,4,-1,4,3,5,-1,4,5,6,-1,6,5,7,-1,6,7,8,-1,8,7,0,-1,8,0,2,-1,9,10,11,-1,11,10,12,-1,13,14,9,-1,9,14,10,-1,15,16,13,-1,13,16,14,-1,15,17,2,-1,18,19,4,-1,4,19,20,-1,4,20,2,-1,2,20,16,-1,2,16,15,-1,21,22,19,-1,19,22,20,-1,23,24,21,-1,21,24,22,-1,25,26,23,-1,23,26,24,-1,25,27,6,-1,28,11,8,-1,8,11,12,-1,8,12,6,-1,6,12,26,-1,6,26,25,-1,26,12,10,-1,22,24,26,-1,14,29,10,-1,10,29,30,-1,10,30,26,-1,26,30,31,-1,26,31,22,-1,22,31,20,-1,14,16,29,-1,29,16,20,-1,29,20,32,-1,32,20,31,-1,6,27,4,-1,4,27,18,-1,18,27,25,-1,25,23,18,-1,18,23,21,-1,18,21,19,-1,2,17,8,-1,8,17,28,-1,28,17,15,-1,15,13,28,-1,28,13,9,-1,28,9,11,-1,
        ]
    }
}
Shape{
    appearance Appearance {
        material  Material {
            diffuseColor 0.9490196078431372 0.7607843137254902 0.1803921568627451
            specularColor 0.7607843137254902 0.6078431372549019 0.1450980392156863
            ambientIntensity 0.7509
            transparency 0.0
            shininess 0.5
        }
    }
    geometry IndexedFaceSet {
        ccw TRUE
        solid FALSE
        coord DEF co Coordinate {
            point [
                1.5984 -0.0984 3.3465, 1.5984 0.0984 3.3465, 1.4016 -0.0984 3.3465, 1.4016 0.0984 3.3465, 1.6378 0.1378 3.189, 1.6378 0.1378 0.9843, 1.3622 0.1378 3.189, 1.3622 0.1378 0.9843, 1.3622 -0.1378 3.189, 1.3622 -0.1378 0.9843, 1.6378 -0.1378 3.189, 1.6378 -0.1378 0.9843, 1.6378 -0.1378 0.1969, 1.3622 -0.1378 0.1969, 1.6378 -0.1378 -0.5562, 1.3622 -0.1378 -1.0236, 1.6378 -0.1378 -1.0236, 1.3622 0.1378 -1.0236, 1.3622 0.1378 0.1969, 1.6378 0.1378 0.1969, 1.6378 0.1378 -0.5562, 1.6378 0.1378 -1.0236, 1.5984 0.0984 -1.1811, 1.5984 -0.0984 -1.1811, 1.4016 0.0984 -1.1811, 1.4016 -0.0984 -1.1811, 1.6378 -0.0428 -1.0236
            ]
        }
        coordIndex [
            0,1,2,-1,2,1,3,-1,4,5,6,-1,6,5,7,-1,6,7,8,-1,8,7,9,-1,8,9,10,-1,10,9,11,-1,10,11,4,-1,4,11,5,-1,12,13,14,-1,14,13,15,-1,14,15,16,-1,15,13,17,-1,17,13,18,-1,18,19,17,-1,17,19,20,-1,17,20,21,-1,22,23,24,-1,24,23,25,-1,23,16,25,-1,25,16,15,-1,16,23,26,-1,26,23,22,-1,26,22,21,-1,17,24,15,-1,15,24,25,-1,24,17,22,-1,22,17,21,-1,6,3,4,-1,4,3,1,-1,8,2,6,-1,6,2,3,-1,0,10,1,-1,1,10,4,-1,10,0,8,-1,8,0,2,-1,
        ]
    }
}
Shape{
    appearance Appearance {
        material  Material {
            diffuseColor 0.0 0.0 0.0
            specularColor 0.0 0.0 0.0
            ambientIntensity 0.0
            transparency 0.0
            shininess 0.5
        }
    }
    geometry IndexedFaceSet {
        ccw TRUE
        solid FALSE
        coord DEF co Coordinate {
            point [
                1.6339 0.0562 -0.7026, 1.6339 -0.0422 -0.741, 1.6378 0.0562 -0.7026, 1.6378 -0.0422 -0.741, 1.6339 -0.0422 -0.7266, 1.6378 -0.0422 -0.7266, 1.6339 -0.0146 -0.7167, 1.6378 -0.0146 -0.7167, 1.6339 -0.0146 -0.676, 1.6378 -0.0146 -0.676, 1.6339 -0.0422 -0.6666, 1.6378 -0.0422 -0.6666, 1.6339 -0.0422 -0.6522, 1.6378 -0.0422 -0.6522, 1.6339 0.0562 -0.6894, 1.6378 0.0562 -0.6894, 1.6339 -0.0038 -0.6793, 1.6339 -0.0038 -0.7123, 1.6339 0.0373 -0.694, 1.6339 0.0407 -0.695, 1.6339 0.0442 -0.6956, 1.6339 0.0442 -0.6959, 1.6339 0.0407 -0.6966, 1.6339 0.0373 -0.6974, 1.6378 -0.0038 -0.6793, 1.6378 -0.0038 -0.7123, 1.6378 0.0373 -0.694, 1.6378 0.0407 -0.695, 1.6378 0.0442 -0.6956, 1.6378 0.0442 -0.6959, 1.6378 0.0407 -0.6966, 1.6378 0.0373 -0.6974, 1.6339 -0.0422 -0.5926, 1.6339 -0.0422 -0.5658, 1.6378 -0.0422 -0.5926, 1.6378 -0.0422 -0.5658, 1.6339 0.0562 -0.5658, 1.6378 0.0562 -0.5658, 1.6339 0.0562 -0.5936, 1.6378 0.0562 -0.5936, 1.6339 0.0082 -0.645, 1.6378 0.0082 -0.645, 1.6378 0.0175 -0.6443, 1.6339 0.0175 -0.6443, 1.6378 0.0272 -0.6417, 1.6339 0.0272 -0.6417, 1.6378 0.0357 -0.6371, 1.6339 0.0357 -0.6371, 1.6378 0.0434 -0.6301, 1.6339 0.0434 -0.6301, 1.6378 0.0435 -0.63, 1.6339 0.0435 -0.63, 1.6378 0.0506 -0.6193, 1.6339 0.0506 -0.6193, 1.6378 0.0547 -0.6078, 1.6339 0.0547 -0.6078, 1.6378 -0.0412 -0.6047, 1.6339 -0.0412 -0.6047, 1.6378 -0.0378 -0.6161, 1.6339 -0.0378 -0.6161, 1.6378 -0.0318 -0.6264, 1.6339 -0.0318 -0.6264, 1.6378 -0.024 -0.6345, 1.6339 -0.024 -0.6345, 1.6378 -0.0152 -0.6401, 1.6339 -0.0152 -0.6401, 1.6378 -0.0049 -0.6436, 1.6339 -0.0049 -0.6436, 1.6339 0.0316 -0.6253, 1.6339 0.0367 -0.6205, 1.6339 0.0413 -0.6133, 1.6339 0.0442 -0.6052, 1.6339 0.0454 -0.5935, 1.6339 0.0454 -0.579, 1.6339 -0.0314 -0.579, 1.6339 -0.0314 -0.593, 1.6339 -0.0304 -0.6034, 1.6339 -0.0279 -0.6116, 1.6339 -0.0239 -0.6184, 1.6339 -0.0184 -0.6239, 1.6339 -0.0116 -0.628, 1.6339 -0.0024 -0.6309, 1.6339 0.008 -0.6318, 1.6339 0.0177 -0.631, 1.6339 0.0255 -0.6287, 1.6378 0.0454 -0.5935, 1.6378 0.0454 -0.579, 1.6378 0.0442 -0.6052, 1.6378 0.0413 -0.6133, 1.6378 0.0367 -0.6205, 1.6378 0.0316 -0.6253, 1.6378 0.0255 -0.6287, 1.6378 0.0177 -0.631, 1.6378 0.008 -0.6318, 1.6378 -0.0024 -0.6309, 1.6378 -0.0116 -0.628, 1.6378 -0.0184 -0.6239, 1.6378 -0.0239 -0.6184, 1.6378 -0.0279 -0.6116, 1.6378 -0.0304 -0.6034, 1.6378 -0.0314 -0.593, 1.6378 -0.0314 -0.579, 1.6339 -0.0314 -0.5466, 1.6339 -0.0422 -0.5466, 1.6378 -0.0314 -0.5466, 1.6378 -0.0422 -0.5466, 1.6339 -0.0422 -0.4938, 1.6378 -0.0422 -0.4938, 1.6339 0.0562 -0.4938, 1.6378 0.0562 -0.4938, 1.6339 0.0562 -0.5442, 1.6378 0.0562 -0.5442, 1.6339 0.0454 -0.5442, 1.6378 0.0454 -0.5442, 1.6339 0.0454 -0.507, 1.6378 0.0454 -0.507, 1.6339 0.013 -0.507, 1.6378 0.013 -0.507, 1.6339 0.013 -0.5418, 1.6378 0.013 -0.5418, 1.6339 0.0022 -0.5418, 1.6378 0.0022 -0.5418, 1.6339 0.0022 -0.507, 1.6378 0.0022 -0.507, 1.6339 -0.0314 -0.507, 1.6378 -0.0314 -0.507, 1.6339 -0.0263 -0.4746, 1.6339 -0.0371 -0.4746, 1.6378 -0.0263 -0.4746, 1.6378 -0.0371 -0.4746, 1.6339 -0.0414 -0.4641, 1.6339 -0.0434 -0.4475, 1.6378 -0.0434 -0.4475, 1.6378 -0.0434 -0.4502, 1.6339 -0.0434 -0.4502, 1.6378 -0.0428 -0.4541, 1.6378 -0.0414 -0.4641, 1.6339 0.0051 -0.4014, 1.6378 0.0051 -0.4014, 1.6378 -0.0063 -0.4023, 1.6339 -0.0063 -0.4023, 1.6378 -0.0167 -0.4053, 1.6339 -0.0167 -0.4053, 1.6378 -0.026 -0.4105, 1.6339 -0.026 -0.4105, 1.6378 -0.0338 -0.4179, 1.6339 -0.0338 -0.4179, 1.6378 -0.0389 -0.4258, 1.6339 -0.0389 -0.4258, 1.6378 -0.0422 -0.4354, 1.6339 -0.0422 -0.4354, 1.6378 -0.0428 -0.4417, 1.6339 0.0574 -0.4514, 1.6378 0.0574 -0.4514, 1.6378 0.0566 -0.4415, 1.6339 0.0566 -0.4415, 1.6378 0.0534 -0.4306, 1.6339 0.0534 -0.4306, 1.6378 0.048 -0.4212, 1.6339 0.048 -0.4212, 1.6378 0.0395 -0.4123, 1.6339 0.0395 -0.4123, 1.6378 0.0303 -0.4066, 1.6339 0.0303 -0.4066, 1.6378 0.0191 -0.4028, 1.6339 0.0191 -0.4028, 1.6339 0.0535 -0.4746, 1.6378 0.0535 -0.4746, 1.6378 0.0566 -0.4632, 1.6339 0.0566 -0.4632, 1.6339 0.0403 -0.4746, 1.6378 0.0403 -0.4746, 1.6339 0.0466 -0.4515, 1.6378 0.0466 -0.4515, 1.6378 0.0451 -0.4635, 1.6339 0.0451 -0.4635, 1.6339 0.0059 -0.4146, 1.6378 0.0059 -0.4146, 1.6378 0.0136 -0.415, 1.6339 0.0136 -0.415, 1.6378 0.0241 -0.4177, 1.6339 0.0241 -0.4177, 1.6378 0.0317 -0.4217, 1.6339 0.0317 -0.4217, 1.6378 0.0383 -0.4277, 1.6339 0.0383 -0.4277, 1.6378 0.0429 -0.4345, 1.6339 0.0429 -0.4345, 1.6378 0.0455 -0.4418, 1.6339 0.0455 -0.4418, 1.6339 -0.0326 -0.4493, 1.6378 -0.0326 -0.4493, 1.6378 -0.0316 -0.4401, 1.6339 -0.0316 -0.4401, 1.6378 -0.0289 -0.433, 1.6339 -0.0289 -0.433, 1.6378 -0.0249 -0.4269, 1.6339 -0.0249 -0.4269, 1.6378 -0.02 -0.4223, 1.6339 -0.02 -0.4223, 1.6378 -0.0132 -0.4182, 1.6339 -0.0132 -0.4182, 1.6378 -0.0047 -0.4156, 1.6339 -0.0047 -0.4156, 1.6378 -0.0273 -0.4728, 1.6339 -0.0273 -0.4728, 1.6378 -0.0312 -0.4624, 1.6339 -0.0312 -0.4624, 1.6339 -0.0314 -0.393, 1.6339 -0.0422 -0.393, 1.6378 -0.0314 -0.393, 1.6378 -0.0422 -0.393, 1.6339 -0.0422 -0.3425, 1.6378 -0.0422 -0.3425, 1.6339 0.0562 -0.3425, 1.6378 0.0562 -0.3425, 1.6339 0.0562 -0.3557, 1.6378 0.0562 -0.3557, 1.6339 -0.0314 -0.3557, 1.6378 -0.0314 -0.3557
            ]
        }
        coordIndex [
            0,1,2,-1,2,1,3,-1,1,4,3,-1,3,4,5,-1,4,6,5,-1,5,6,7,-1,6,8,7,-1,7,8,9,-1,8,10,9,-1,9,10,11,-1,10,12,11,-1,11,12,13,-1,12,14,13,-1,13,14,15,-1,14,0,15,-1,15,0,2,-1,16,8,17,-1,17,8,6,-1,18,14,16,-1,16,14,12,-1,16,12,8,-1,8,12,10,-1,18,19,14,-1,14,19,20,-1,14,20,0,-1,0,20,21,-1,0,21,22,-1,22,23,0,-1,0,23,17,-1,0,17,1,-1,1,17,6,-1,1,6,4,-1,16,17,24,-1,24,17,25,-1,18,16,26,-1,26,16,24,-1,18,26,27,-1,18,27,19,-1,19,27,28,-1,19,28,20,-1,21,20,29,-1,29,20,28,-1,21,29,30,-1,21,30,22,-1,22,30,31,-1,22,31,23,-1,17,23,25,-1,25,23,31,-1,32,33,34,-1,34,33,35,-1,33,36,35,-1,35,36,37,-1,36,38,37,-1,37,38,39,-1,40,41,42,-1,40,42,43,-1,43,42,44,-1,43,44,45,-1,45,44,46,-1,45,46,47,-1,47,46,48,-1,47,48,49,-1,49,48,50,-1,49,50,51,-1,51,50,52,-1,51,52,53,-1,53,52,54,-1,53,54,55,-1,55,54,39,-1,55,39,38,-1,32,34,56,-1,32,56,57,-1,57,56,58,-1,57,58,59,-1,59,58,60,-1,59,60,61,-1,61,60,62,-1,61,62,63,-1,63,62,64,-1,63,64,65,-1,65,64,66,-1,65,66,67,-1,67,66,41,-1,67,41,40,-1,45,47,68,-1,68,47,49,-1,68,49,69,-1,69,49,51,-1,69,51,70,-1,70,51,53,-1,70,53,71,-1,71,53,55,-1,71,55,72,-1,72,55,38,-1,72,38,73,-1,73,38,36,-1,73,36,74,-1,74,36,33,-1,74,33,75,-1,75,33,32,-1,75,32,76,-1,76,32,57,-1,76,57,77,-1,77,57,59,-1,77,59,78,-1,78,59,61,-1,78,61,79,-1,79,61,63,-1,79,63,80,-1,80,63,65,-1,80,65,81,-1,81,65,67,-1,81,67,82,-1,82,67,40,-1,82,40,83,-1,83,40,43,-1,83,43,84,-1,84,43,45,-1,84,45,68,-1,72,73,85,-1,85,73,86,-1,72,85,87,-1,72,87,71,-1,71,87,88,-1,71,88,70,-1,70,88,89,-1,70,89,69,-1,69,89,90,-1,69,90,68,-1,68,90,91,-1,68,91,84,-1,84,91,92,-1,84,92,83,-1,83,92,93,-1,83,93,82,-1,82,93,94,-1,82,94,81,-1,81,94,95,-1,81,95,80,-1,80,95,96,-1,80,96,79,-1,79,96,97,-1,79,97,78,-1,78,97,98,-1,78,98,77,-1,77,98,99,-1,77,99,76,-1,76,99,100,-1,76,100,75,-1,74,75,101,-1,101,75,100,-1,73,74,86,-1,86,74,101,-1,102,103,104,-1,104,103,105,-1,103,106,105,-1,105,106,107,-1,106,108,107,-1,107,108,109,-1,108,110,109,-1,109,110,111,-1,110,112,111,-1,111,112,113,-1,112,114,113,-1,113,114,115,-1,114,116,115,-1,115,116,117,-1,116,118,117,-1,117,118,119,-1,118,120,119,-1,119,120,121,-1,120,122,121,-1,121,122,123,-1,122,124,123,-1,123,124,125,-1,124,102,125,-1,125,102,104,-1,106,103,102,-1,102,124,106,-1,106,124,122,-1,106,122,108,-1,112,110,114,-1,114,110,108,-1,114,108,116,-1,116,108,122,-1,116,122,118,-1,118,122,120,-1,126,127,128,-1,128,127,129,-1,129,127,130,-1,131,132,133,-1,131,133,134,-1,134,133,135,-1,134,135,130,-1,130,135,136,-1,130,136,129,-1,137,138,139,-1,137,139,140,-1,140,139,141,-1,140,141,142,-1,142,141,143,-1,142,143,144,-1,144,143,145,-1,144,145,146,-1,146,145,147,-1,146,147,148,-1,148,147,149,-1,148,149,150,-1,150,149,131,-1,131,149,151,-1,131,151,132,-1,152,153,154,-1,152,154,155,-1,155,154,156,-1,155,156,157,-1,157,156,158,-1,157,158,159,-1,159,158,160,-1,159,160,161,-1,161,160,162,-1,161,162,163,-1,163,162,164,-1,163,164,165,-1,165,164,138,-1,165,138,137,-1,166,167,168,-1,166,168,169,-1,169,168,153,-1,169,153,152,-1,166,170,167,-1,167,170,171,-1,172,173,174,-1,172,174,175,-1,175,174,171,-1,175,171,170,-1,176,177,178,-1,176,178,179,-1,179,178,180,-1,179,180,181,-1,181,180,182,-1,181,182,183,-1,183,182,184,-1,183,184,185,-1,185,184,186,-1,185,186,187,-1,187,186,188,-1,187,188,189,-1,189,188,173,-1,189,173,172,-1,190,191,192,-1,190,192,193,-1,193,192,194,-1,193,194,195,-1,195,194,196,-1,195,196,197,-1,197,196,198,-1,197,198,199,-1,199,198,200,-1,199,200,201,-1,201,200,202,-1,201,202,203,-1,203,202,177,-1,203,177,176,-1,126,128,204,-1,126,204,205,-1,205,204,206,-1,205,206,207,-1,207,206,191,-1,207,191,190,-1,193,131,190,-1,190,131,134,-1,190,134,207,-1,207,134,130,-1,207,130,205,-1,205,130,127,-1,205,127,126,-1,170,166,175,-1,175,166,169,-1,175,169,172,-1,172,169,152,-1,172,152,189,-1,189,152,155,-1,189,155,187,-1,187,155,157,-1,187,157,185,-1,185,157,159,-1,185,159,183,-1,183,159,161,-1,183,161,181,-1,181,161,163,-1,181,163,179,-1,179,163,165,-1,179,165,176,-1,176,165,137,-1,176,137,203,-1,203,137,140,-1,203,140,201,-1,201,140,142,-1,201,142,199,-1,199,142,144,-1,199,144,197,-1,197,144,146,-1,197,146,195,-1,195,146,148,-1,195,148,193,-1,193,148,150,-1,193,150,131,-1,208,209,210,-1,210,209,211,-1,209,212,211,-1,211,212,213,-1,212,214,213,-1,213,214,215,-1,214,216,215,-1,215,216,217,-1,216,218,217,-1,217,218,219,-1,218,208,219,-1,219,208,210,-1,216,214,218,-1,218,214,212,-1,218,212,208,-1,208,212,209,-1,
        ]
    }
}
Shape{
    appearance Appearance {
        material  Material {
            diffuseColor 0.9490196078431372 0.7607843137254902 0.1803921568627451
            specularColor 0.7607843137254902 0.6078431372549019 0.1450980392156863
            ambientIntensity 0.7509
            transparency 0.0
            shininess 0.5
        }
    }
    geometry IndexedFaceSet {
        ccw TRUE
        solid FALSE
        coord DEF co Coordinate {
            point [
                1.6378 -0.0038 -0.6793, 1.6378 -0.0038 -0.7123, 1.6378 0.0373 -0.694, 1.6378 0.0373 -0.6974, 1.6378 0.0407 -0.695, 1.6378 0.0407 -0.6966, 1.6378 0.0442 -0.6956, 1.6378 0.0442 -0.6959, 1.6378 0.0454 -0.579, 1.6378 -0.0314 -0.579, 1.6378 0.0454 -0.5935, 1.6378 -0.0314 -0.593, 1.6378 -0.0304 -0.6034, 1.6378 0.008 -0.6318, 1.6378 0.0177 -0.631, 1.6378 0.0255 -0.6287, 1.6378 0.0442 -0.6052, 1.6378 -0.0279 -0.6116, 1.6378 -0.0239 -0.6184, 1.6378 -0.0184 -0.6239, 1.6378 -0.0116 -0.628, 1.6378 -0.0024 -0.6309, 1.6378 0.0316 -0.6253, 1.6378 0.0367 -0.6205, 1.6378 0.0413 -0.6133, 0.6378 0.0466 -0.4515, 0.6378 0.0455 -0.4418, 0.6378 -0.0273 -0.4728, 0.6378 0.0574 -0.4514, 0.6378 0.0566 -0.4632, 0.6378 0.0562 -0.4938, 0.6378 -0.0338 -0.4179, 0.6378 -0.026 -0.4105, 0.6378 -0.0422 -0.393, 0.6378 -0.0428 -0.4417, 0.6378 -0.0422 -0.3425, 0.6378 0.0451 -0.4635, 0.6378 -0.0263 -0.4746, 0.6378 0.0403 -0.4746, 0.6378 0.0022 -0.5418, 0.6378 -0.0428 -0.5562, 0.6378 0.013 -0.5418, 0.6378 0.0454 -0.5442, 0.6378 0.013 -0.507, 0.6378 0.0454 -0.507, 0.6378 0.1378 0.1969, 0.6378 0.0562 -0.3425, 0.6378 0.0562 -0.3557, 0.6378 0.0303 -0.4066, 0.6378 0.0395 -0.4123, 0.6378 0.048 -0.4212, 0.6378 0.0534 -0.4306, 0.6378 0.0535 -0.4746, 0.6378 -0.0422 -0.4938, 0.6378 -0.0371 -0.4746, 0.6378 -0.0314 -0.393, 0.6378 -0.0167 -0.4053, 0.6378 -0.0314 -0.3557, 0.6378 0.0562 -0.5442, 0.6378 0.1378 -0.5562, 0.6378 0.0566 -0.4415, 0.6378 -0.0422 -0.4354, 0.6378 -0.0389 -0.4258, 0.6378 0.0429 -0.4345, 0.6378 0.0383 -0.4277, 0.6378 0.0317 -0.4217, 0.6378 0.0059 -0.4146, 0.6378 -0.0047 -0.4156, 0.6378 -0.0132 -0.4182, 0.6378 -0.0316 -0.4401, 0.6378 -0.0326 -0.4493, 0.6378 -0.0289 -0.433, 0.6378 -0.0249 -0.4269, 0.6378 -0.02 -0.4223, 0.6378 -0.0312 -0.4624, 0.6378 0.0022 -0.507, 0.6378 -0.0314 -0.507, 0.6378 -0.0314 -0.5466, 0.6378 -0.0422 -0.5466, 0.6378 -0.0063 -0.4023, 0.6378 0.0051 -0.4014, 0.6378 0.0191 -0.4028, 0.6378 0.0241 -0.4177, 0.6378 0.0136 -0.415, 0.6378 -0.0428 -0.4541, 0.6378 -0.0434 -0.4502, 0.6378 -0.1378 -0.5562, 0.6378 -0.0434 -0.4475, 0.6378 -0.0428 0.1969, 0.6378 -0.1378 0.1969, 0.6378 0.0562 -0.6894, 0.6378 0.0562 -0.7026, 0.6378 -0.0422 -0.5926, 0.6378 -0.0422 -0.5658, 0.6378 0.0562 -0.5658, 0.6378 -0.0422 -0.7266, 0.6378 -0.0422 -0.741, 0.6378 -0.0428 -1.0236, 0.6378 0.1378 -1.0236, 0.6378 0.0562 -0.5936, 0.6378 0.0547 -0.6078, 0.6378 0.0506 -0.6193, 0.6378 0.0435 -0.63, 0.6378 -0.0422 -0.6522, 0.6378 -0.0152 -0.6401, 0.6378 -0.024 -0.6345, 0.6378 0.0434 -0.6301, 0.6378 0.0357 -0.6371, 0.6378 0.0272 -0.6417, 0.6378 -0.0318 -0.6264, 0.6378 -0.0378 -0.6161, 0.6378 -0.0412 -0.6047, 0.6378 -0.0422 -0.6666, 0.6378 -0.0146 -0.676, 0.6378 -0.0146 -0.7167, 0.6378 0.0175 -0.6443, 0.6378 0.0082 -0.645, 0.6378 -0.0049 -0.6436, 0.6378 -0.0414 -0.4641, 0.6378 -0.1378 -1.0236
            ]
        }
        coordIndex [
            0,1,2,-1,2,1,3,-1,2,3,4,-1,4,3,5,-1,4,5,6,-1,6,5,7,-1,8,9,10,-1,10,9,11,-1,10,11,12,-1,13,14,10,-1,10,14,15,-1,10,15,16,-1,12,17,10,-1,10,17,18,-1,10,18,19,-1,19,20,10,-1,10,20,21,-1,10,21,13,-1,22,23,15,-1,15,23,24,-1,15,24,16,-1,25,26,27,-1,28,29,30,-1,31,32,33,-1,34,33,35,-1,25,27,36,-1,36,27,37,-1,36,37,38,-1,39,40,41,-1,41,40,42,-1,41,42,43,-1,43,42,44,-1,45,46,47,-1,48,49,47,-1,47,49,50,-1,47,50,51,-1,29,52,30,-1,30,52,38,-1,30,38,53,-1,53,38,37,-1,53,37,54,-1,33,32,55,-1,55,32,56,-1,55,56,57,-1,58,59,30,-1,30,59,45,-1,30,45,28,-1,28,45,47,-1,28,47,60,-1,60,47,51,-1,34,61,33,-1,33,61,62,-1,33,62,31,-1,26,63,27,-1,27,63,64,-1,27,64,65,-1,66,67,27,-1,27,67,68,-1,69,70,71,-1,71,70,72,-1,68,73,27,-1,27,73,72,-1,27,72,74,-1,74,72,70,-1,75,76,39,-1,39,76,77,-1,39,77,40,-1,40,77,78,-1,40,78,53,-1,56,79,57,-1,57,79,80,-1,57,80,47,-1,47,80,81,-1,47,81,48,-1,65,82,27,-1,27,82,83,-1,27,83,66,-1,84,85,86,-1,86,85,87,-1,86,87,34,-1,46,45,35,-1,35,45,88,-1,35,88,34,-1,34,88,89,-1,34,89,86,-1,59,90,91,-1,92,93,40,-1,58,42,59,-1,59,42,40,-1,59,40,94,-1,94,40,93,-1,95,40,96,-1,96,40,97,-1,96,97,91,-1,91,97,98,-1,91,98,59,-1,94,99,59,-1,59,99,100,-1,59,100,90,-1,90,100,101,-1,90,101,102,-1,103,104,105,-1,102,106,90,-1,90,106,107,-1,90,107,108,-1,105,109,103,-1,103,109,110,-1,103,110,111,-1,111,92,103,-1,103,92,40,-1,103,40,112,-1,112,40,95,-1,112,95,113,-1,113,95,114,-1,108,115,90,-1,90,115,116,-1,90,116,103,-1,103,116,117,-1,103,117,104,-1,54,118,53,-1,53,118,84,-1,53,84,40,-1,40,84,86,-1,40,86,97,-1,97,86,119,-1,
        ]
    }
}
Shape{
    appearance Appearance {
        material  Material {
            diffuseColor 0.17647058823529413 0.17647058823529413 0.17647058823529413
            specularColor 0.050980392156862744 0.050980392156862744 0.050980392156862744
            ambientIntensity 0.251
            transparency 0.0
            shininess 0.5
        }
    }
    geometry IndexedFaceSet {
        ccw TRUE
        solid FALSE
        coord DEF co Coordinate {
            point [
                0.3622 -0.1378 0.1969, 0.6378 -0.1378 0.1969, 1.0 -0.2638 0.1969, 0.6378 -0.0428 0.1969, 1.0 0.2638 0.1969, 0.6378 0.1378 0.1969, 0.0 0.2638 0.1969, 0.3622 0.1378 0.1969, 0.0 -0.2638 0.1969, 0.1181 -0.5 0.0118, 0.1181 -0.5 0.9843, 0.0 -0.3819 0.0118, 0.0 -0.3819 0.9843, 0.8819 -0.5 0.0118, 0.8819 -0.5 0.9843, 1.0 -0.3819 0.0118, 1.0 -0.3819 0.9843, 1.0 -0.2638 0.0118, 1.0 0.2638 0.0118, 1.0 0.3819 0.0118, 1.0 0.3819 0.9843, 0.8819 0.5 0.0118, 0.8819 0.5 0.9843, 0.1181 0.5 0.0118, 0.1181 0.5 0.9843, 0.0 0.3819 0.0118, 0.0 0.3819 0.9843, 0.0 0.2638 0.0118, 0.0 -0.2638 0.0118, 0.6378 -0.1378 0.9843, 0.3622 -0.1378 0.9843, 0.3622 0.1378 0.9843, 0.6378 0.1378 0.9843
            ]
        }
        coordIndex [
            0,1,2,-1,2,1,3,-1,2,3,4,-1,4,3,5,-1,4,5,6,-1,6,5,7,-1,6,7,8,-1,8,7,0,-1,8,0,2,-1,9,10,11,-1,11,10,12,-1,13,14,9,-1,9,14,10,-1,15,16,13,-1,13,16,14,-1,15,17,2,-1,18,19,4,-1,4,19,20,-1,4,20,2,-1,2,20,16,-1,2,16,15,-1,21,22,19,-1,19,22,20,-1,23,24,21,-1,21,24,22,-1,25,26,23,-1,23,26,24,-1,25,27,6,-1,28,11,8,-1,8,11,12,-1,8,12,6,-1,6,12,26,-1,6,26,25,-1,26,12,10,-1,22,24,26,-1,14,29,10,-1,10,29,30,-1,10,30,26,-1,26,30,31,-1,26,31,22,-1,22,31,20,-1,14,16,29,-1,29,16,20,-1,29,20,32,-1,32,20,31,-1,6,27,4,-1,4,27,18,-1,18,27,25,-1,25,23,18,-1,18,23,21,-1,18,21,19,-1,2,17,8,-1,8,17,28,-1,28,17,15,-1,15,13,28,-1,28,13,9,-1,28,9,11,-1,
        ]
    }
}
Shape{
    appearance Appearance {
        material  Material {
            diffuseColor 0.9490196078431372 0.7607843137254902 0.1803921568627451
            specularColor 0.7607843137254902 0.6078431372549019 0.1450980392156863
            ambientIntensity 0.7509
            transparency 0.0
            shininess 0.5
        }
    }
    geometry IndexedFaceSet {
        ccw TRUE
        solid FALSE
        coord DEF co Coordinate {
            point [
                0.5984 -0.0984 3.3465, 0.5984 0.0984 3.3465, 0.4016 -0.0984 3.3465, 0.4016 0.0984 3.3465, 0.6378 0.1378 3.189, 0.6378 0.1378 0.9843, 0.3622 0.1378 3.189, 0.3622 0.1378 0.9843, 0.3622 -0.1378 3.189, 0.3622 -0.1378 0.9843, 0.6378 -0.1378 3.189, 0.6378 -0.1378 0.9843, 0.6378 -0.1378 0.1969, 0.3622 -0.1378 0.1969, 0.6378 -0.1378 -0.5562, 0.3622 -0.1378 -1.0236, 0.6378 -0.1378 -1.0236, 0.3622 0.1378 -1.0236, 0.3622 0.1378 0.1969, 0.6378 0.1378 0.1969, 0.6378 0.1378 -0.5562, 0.6378 0.1378 -1.0236, 0.5984 0.0984 -1.1811, 0.5984 -0.0984 -1.1811, 0.4016 0.0984 -1.1811, 0.4016 -0.0984 -1.1811, 0.6378 -0.0428 -1.0236
            ]
        }
        coordIndex [
            0,1,2,-1,2,1,3,-1,4,5,6,-1,6,5,7,-1,6,7,8,-1,8,7,9,-1,8,9,10,-1,10,9,11,-1,10,11,4,-1,4,11,5,-1,12,13,14,-1,14,13,15,-1,14,15,16,-1,15,13,17,-1,17,13,18,-1,18,19,17,-1,17,19,20,-1,17,20,21,-1,22,23,24,-1,24,23,25,-1,23,16,25,-1,25,16,15,-1,16,23,26,-1,26,23,22,-1,26,22,21,-1,17,24,15,-1,15,24,25,-1,24,17,22,-1,22,17,21,-1,6,3,4,-1,4,3,1,-1,8,2,6,-1,6,2,3,-1,0,10,1,-1,1,10,4,-1,10,0,8,-1,8,0,2,-1,
        ]
    }
}
Shape{
    appearance Appearance {
        material  Material {
            diffuseColor 0.0 0.0 0.0
            specularColor 0.0 0.0 0.0
            ambientIntensity 0.0
            transparency 0.0
            shininess 0.5
        }
    }
    geometry IndexedFaceSet {
        ccw TRUE
        solid FALSE
        coord DEF co Coordinate {
            point [
                0.6339 0.0562 -0.7026, 0.6339 -0.0422 -0.741, 0.6378 0.0562 -0.7026, 0.6378 -0.0422 -0.741, 0.6339 -0.0422 -0.7266, 0.6378 -0.0422 -0.7266, 0.6339 -0.0146 -0.7167, 0.6378 -0.0146 -0.7167, 0.6339 -0.0146 -0.676, 0.6378 -0.0146 -0.676, 0.6339 -0.0422 -0.6666, 0.6378 -0.0422 -0.6666, 0.6339 -0.0422 -0.6522, 0.6378 -0.0422 -0.6522, 0.6339 0.0562 -0.6894, 0.6378 0.0562 -0.6894, 0.6339 -0.0038 -0.6793, 0.6339 -0.0038 -0.7123, 0.6339 0.0373 -0.694, 0.6339 0.0407 -0.695, 0.6339 0.0442 -0.6956, 0.6339 0.0442 -0.6959, 0.6339 0.0407 -0.6966, 0.6339 0.0373 -0.6974, 0.6378 -0.0038 -0.6793, 0.6378 -0.0038 -0.7123, 0.6378 0.0373 -0.694, 0.6378 0.0407 -0.695, 0.6378 0.0442 -0.6956, 0.6378 0.0442 -0.6959, 0.6378 0.0407 -0.6966, 0.6378 0.0373 -0.6974, 0.6339 -0.0422 -0.5926, 0.6339 -0.0422 -0.5658, 0.6378 -0.0422 -0.5926, 0.6378 -0.0422 -0.5658, 0.6339 0.0562 -0.5658, 0.6378 0.0562 -0.5658, 0.6339 0.0562 -0.5936, 0.6378 0.0562 -0.5936, 0.6339 0.0082 -0.645, 0.6378 0.0082 -0.645, 0.6378 0.0175 -0.6443, 0.6339 0.0175 -0.6443, 0.6378 0.0272 -0.6417, 0.6339 0.0272 -0.6417, 0.6378 0.0357 -0.6371, 0.6339 0.0357 -0.6371, 0.6378 0.0434 -0.6301, 0.6339 0.0434 -0.6301, 0.6378 0.0435 -0.63, 0.6339 0.0435 -0.63, 0.6378 0.0506 -0.6193, 0.6339 0.0506 -0.6193, 0.6378 0.0547 -0.6078, 0.6339 0.0547 -0.6078, 0.6378 -0.0412 -0.6047, 0.6339 -0.0412 -0.6047, 0.6378 -0.0378 -0.6161, 0.6339 -0.0378 -0.6161, 0.6378 -0.0318 -0.6264, 0.6339 -0.0318 -0.6264, 0.6378 -0.024 -0.6345, 0.6339 -0.024 -0.6345, 0.6378 -0.0152 -0.6401, 0.6339 -0.0152 -0.6401, 0.6378 -0.0049 -0.6436, 0.6339 -0.0049 -0.6436, 0.6339 0.0316 -0.6253, 0.6339 0.0367 -0.6205, 0.6339 0.0413 -0.6133, 0.6339 0.0442 -0.6052, 0.6339 0.0454 -0.5935, 0.6339 0.0454 -0.579, 0.6339 -0.0314 -0.579, 0.6339 -0.0314 -0.593, 0.6339 -0.0304 -0.6034, 0.6339 -0.0279 -0.6116, 0.6339 -0.0239 -0.6184, 0.6339 -0.0184 -0.6239, 0.6339 -0.0116 -0.628, 0.6339 -0.0024 -0.6309, 0.6339 0.008 -0.6318, 0.6339 0.0177 -0.631, 0.6339 0.0255 -0.6287, 0.6378 0.0454 -0.5935, 0.6378 0.0454 -0.579, 0.6378 0.0442 -0.6052, 0.6378 0.0413 -0.6133, 0.6378 0.0367 -0.6205, 0.6378 0.0316 -0.6253, 0.6378 0.0255 -0.6287, 0.6378 0.0177 -0.631, 0.6378 0.008 -0.6318, 0.6378 -0.0024 -0.6309, 0.6378 -0.0116 -0.628, 0.6378 -0.0184 -0.6239, 0.6378 -0.0239 -0.6184, 0.6378 -0.0279 -0.6116, 0.6378 -0.0304 -0.6034, 0.6378 -0.0314 -0.593, 0.6378 -0.0314 -0.579, 0.6339 -0.0314 -0.5466, 0.6339 -0.0422 -0.5466, 0.6378 -0.0314 -0.5466, 0.6378 -0.0422 -0.5466, 0.6339 -0.0422 -0.4938, 0.6378 -0.0422 -0.4938, 0.6339 0.0562 -0.4938, 0.6378 0.0562 -0.4938, 0.6339 0.0562 -0.5442, 0.6378 0.0562 -0.5442, 0.6339 0.0454 -0.5442, 0.6378 0.0454 -0.5442, 0.6339 0.0454 -0.507, 0.6378 0.0454 -0.507, 0.6339 0.013 -0.507, 0.6378 0.013 -0.507, 0.6339 0.013 -0.5418, 0.6378 0.013 -0.5418, 0.6339 0.0022 -0.5418, 0.6378 0.0022 -0.5418, 0.6339 0.0022 -0.507, 0.6378 0.0022 -0.507, 0.6339 -0.0314 -0.507, 0.6378 -0.0314 -0.507, 0.6339 -0.0263 -0.4746, 0.6339 -0.0371 -0.4746, 0.6378 -0.0263 -0.4746, 0.6378 -0.0371 -0.4746, 0.6339 -0.0414 -0.4641, 0.6339 -0.0434 -0.4475, 0.6378 -0.0434 -0.4475, 0.6378 -0.0434 -0.4502, 0.6339 -0.0434 -0.4502, 0.6378 -0.0428 -0.4541, 0.6378 -0.0414 -0.4641, 0.6339 0.0051 -0.4014, 0.6378 0.0051 -0.4014, 0.6378 -0.0063 -0.4023, 0.6339 -0.0063 -0.4023, 0.6378 -0.0167 -0.4053, 0.6339 -0.0167 -0.4053, 0.6378 -0.026 -0.4105, 0.6339 -0.026 -0.4105, 0.6378 -0.0338 -0.4179, 0.6339 -0.0338 -0.4179, 0.6378 -0.0389 -0.4258, 0.6339 -0.0389 -0.4258, 0.6378 -0.0422 -0.4354, 0.6339 -0.0422 -0.4354, 0.6378 -0.0428 -0.4417, 0.6339 0.0574 -0.4514, 0.6378 0.0574 -0.4514, 0.6378 0.0566 -0.4415, 0.6339 0.0566 -0.4415, 0.6378 0.0534 -0.4306, 0.6339 0.0534 -0.4306, 0.6378 0.048 -0.4212, 0.6339 0.048 -0.4212, 0.6378 0.0395 -0.4123, 0.6339 0.0395 -0.4123, 0.6378 0.0303 -0.4066, 0.6339 0.0303 -0.4066, 0.6378 0.0191 -0.4028, 0.6339 0.0191 -0.4028, 0.6339 0.0535 -0.4746, 0.6378 0.0535 -0.4746, 0.6378 0.0566 -0.4632, 0.6339 0.0566 -0.4632, 0.6339 0.0403 -0.4746, 0.6378 0.0403 -0.4746, 0.6339 0.0466 -0.4515, 0.6378 0.0466 -0.4515, 0.6378 0.0451 -0.4635, 0.6339 0.0451 -0.4635, 0.6339 0.0059 -0.4146, 0.6378 0.0059 -0.4146, 0.6378 0.0136 -0.415, 0.6339 0.0136 -0.415, 0.6378 0.0241 -0.4177, 0.6339 0.0241 -0.4177, 0.6378 0.0317 -0.4217, 0.6339 0.0317 -0.4217, 0.6378 0.0383 -0.4277, 0.6339 0.0383 -0.4277, 0.6378 0.0429 -0.4345, 0.6339 0.0429 -0.4345, 0.6378 0.0455 -0.4418, 0.6339 0.0455 -0.4418, 0.6339 -0.0326 -0.4493, 0.6378 -0.0326 -0.4493, 0.6378 -0.0316 -0.4401, 0.6339 -0.0316 -0.4401, 0.6378 -0.0289 -0.433, 0.6339 -0.0289 -0.433, 0.6378 -0.0249 -0.4269, 0.6339 -0.0249 -0.4269, 0.6378 -0.02 -0.4223, 0.6339 -0.02 -0.4223, 0.6378 -0.0132 -0.4182, 0.6339 -0.0132 -0.4182, 0.6378 -0.0047 -0.4156, 0.6339 -0.0047 -0.4156, 0.6378 -0.0273 -0.4728, 0.6339 -0.0273 -0.4728, 0.6378 -0.0312 -0.4624, 0.6339 -0.0312 -0.4624, 0.6339 -0.0314 -0.393, 0.6339 -0.0422 -0.393, 0.6378 -0.0314 -0.393, 0.6378 -0.0422 -0.393, 0.6339 -0.0422 -0.3425, 0.6378 -0.0422 -0.3425, 0.6339 0.0562 -0.3425, 0.6378 0.0562 -0.3425, 0.6339 0.0562 -0.3557, 0.6378 0.0562 -0.3557, 0.6339 -0.0314 -0.3557, 0.6378 -0.0314 -0.3557
            ]
        }
        coordIndex [
            0,1,2,-1,2,1,3,-1,1,4,3,-1,3,4,5,-1,4,6,5,-1,5,6,7,-1,6,8,7,-1,7,8,9,-1,8,10,9,-1,9,10,11,-1,10,12,11,-1,11,12,13,-1,12,14,13,-1,13,14,15,-1,14,0,15,-1,15,0,2,-1,16,8,17,-1,17,8,6,-1,18,14,16,-1,16,14,12,-1,16,12,8,-1,8,12,10,-1,18,19,14,-1,14,19,20,-1,14,20,0,-1,0,20,21,-1,0,21,22,-1,22,23,0,-1,0,23,17,-1,0,17,1,-1,1,17,6,-1,1,6,4,-1,16,17,24,-1,24,17,25,-1,18,16,26,-1,26,16,24,-1,18,26,27,-1,18,27,19,-1,19,27,28,-1,19,28,20,-1,21,20,29,-1,29,20,28,-1,21,29,30,-1,21,30,22,-1,22,30,31,-1,22,31,23,-1,17,23,25,-1,25,23,31,-1,32,33,34,-1,34,33,35,-1,33,36,35,-1,35,36,37,-1,36,38,37,-1,37,38,39,-1,40,41,42,-1,40,42,43,-1,43,42,44,-1,43,44,45,-1,45,44,46,-1,45,46,47,-1,47,46,48,-1,47,48,49,-1,49,48,50,-1,49,50,51,-1,51,50,52,-1,51,52,53,-1,53,52,54,-1,53,54,55,-1,55,54,39,-1,55,39,38,-1,32,34,56,-1,32,56,57,-1,57,56,58,-1,57,58,59,-1,59,58,60,-1,59,60,61,-1,61,60,62,-1,61,62,63,-1,63,62,64,-1,63,64,65,-1,65,64,66,-1,65,66,67,-1,67,66,41,-1,67,41,40,-1,45,47,68,-1,68,47,49,-1,68,49,69,-1,69,49,51,-1,69,51,70,-1,70,51,53,-1,70,53,71,-1,71,53,55,-1,71,55,72,-1,72,55,38,-1,72,38,73,-1,73,38,36,-1,73,36,74,-1,74,36,33,-1,74,33,75,-1,75,33,32,-1,75,32,76,-1,76,32,57,-1,76,57,77,-1,77,57,59,-1,77,59,78,-1,78,59,61,-1,78,61,79,-1,79,61,63,-1,79,63,80,-1,80,63,65,-1,80,65,81,-1,81,65,67,-1,81,67,82,-1,82,67,40,-1,82,40,83,-1,83,40,43,-1,83,43,84,-1,84,43,45,-1,84,45,68,-1,72,73,85,-1,85,73,86,-1,72,85,87,-1,72,87,71,-1,71,87,88,-1,71,88,70,-1,70,88,89,-1,70,89,69,-1,69,89,90,-1,69,90,68,-1,68,90,91,-1,68,91,84,-1,84,91,92,-1,84,92,83,-1,83,92,93,-1,83,93,82,-1,82,93,94,-1,82,94,81,-1,81,94,95,-1,81,95,80,-1,80,95,96,-1,80,96,79,-1,79,96,97,-1,79,97,78,-1,78,97,98,-1,78,98,77,-1,77,98,99,-1,77,99,76,-1,76,99,100,-1,76,100,75,-1,74,75,101,-1,101,75,100,-1,73,74,86,-1,86,74,101,-1,102,103,104,-1,104,103,105,-1,103,106,105,-1,105,106,107,-1,106,108,107,-1,107,108,109,-1,108,110,109,-1,109,110,111,-1,110,112,111,-1,111,112,113,-1,112,114,113,-1,113,114,115,-1,114,116,115,-1,115,116,117,-1,116,118,117,-1,117,118,119,-1,118,120,119,-1,119,120,121,-1,120,122,121,-1,121,122,123,-1,122,124,123,-1,123,124,125,-1,124,102,125,-1,125,102,104,-1,106,103,102,-1,102,124,106,-1,106,124,122,-1,106,122,108,-1,112,110,114,-1,114,110,108,-1,114,108,116,-1,116,108,122,-1,116,122,118,-1,118,122,120,-1,126,127,128,-1,128,127,129,-1,129,127,130,-1,131,132,133,-1,131,133,134,-1,134,133,135,-1,134,135,130,-1,130,135,136,-1,130,136,129,-1,137,138,139,-1,137,139,140,-1,140,139,141,-1,140,141,142,-1,142,141,143,-1,142,143,144,-1,144,143,145,-1,144,145,146,-1,146,145,147,-1,146,147,148,-1,148,147,149,-1,148,149,150,-1,150,149,131,-1,131,149,151,-1,131,151,132,-1,152,153,154,-1,152,154,155,-1,155,154,156,-1,155,156,157,-1,157,156,158,-1,157,158,159,-1,159,158,160,-1,159,160,161,-1,161,160,162,-1,161,162,163,-1,163,162,164,-1,163,164,165,-1,165,164,138,-1,165,138,137,-1,166,167,168,-1,166,168,169,-1,169,168,153,-1,169,153,152,-1,166,170,167,-1,167,170,171,-1,172,173,174,-1,172,174,175,-1,175,174,171,-1,175,171,170,-1,176,177,178,-1,176,178,179,-1,179,178,180,-1,179,180,181,-1,181,180,182,-1,181,182,183,-1,183,182,184,-1,183,184,185,-1,185,184,186,-1,185,186,187,-1,187,186,188,-1,187,188,189,-1,189,188,173,-1,189,173,172,-1,190,191,192,-1,190,192,193,-1,193,192,194,-1,193,194,195,-1,195,194,196,-1,195,196,197,-1,197,196,198,-1,197,198,199,-1,199,198,200,-1,199,200,201,-1,201,200,202,-1,201,202,203,-1,203,202,177,-1,203,177,176,-1,126,128,204,-1,126,204,205,-1,205,204,206,-1,205,206,207,-1,207,206,191,-1,207,191,190,-1,193,131,190,-1,190,131,134,-1,190,134,207,-1,207,134,130,-1,207,130,205,-1,205,130,127,-1,205,127,126,-1,170,166,175,-1,175,166,169,-1,175,169,172,-1,172,169,152,-1,172,152,189,-1,189,152,155,-1,189,155,187,-1,187,155,157,-1,187,157,185,-1,185,157,159,-1,185,159,183,-1,183,159,161,-1,183,161,181,-1,181,161,163,-1,181,163,179,-1,179,163,165,-1,179,165,176,-1,176,165,137,-1,176,137,203,-1,203,137,140,-1,203,140,201,-1,201,140,142,-1,201,142,199,-1,199,142,144,-1,199,144,197,-1,197,144,146,-1,197,146,195,-1,195,146,148,-1,195,148,193,-1,193,148,150,-1,193,150,131,-1,208,209,210,-1,210,209,211,-1,209,212,211,-1,211,212,213,-1,212,214,213,-1,213,214,215,-1,214,216,215,-1,215,216,217,-1,216,218,217,-1,217,218,219,-1,218,208,219,-1,219,208,210,-1,216,214,218,-1,218,214,212,-1,218,212,208,-1,208,212,209,-1,
        ]
    }
}
Shape{
    appearance Appearance {
        material  Material {
            diffuseColor 0.9490196078431372 0.7607843137254902 0.1803921568627451
            specularColor 0.7607843137254902 0.6078431372549019 0.1450980392156863
            ambientIntensity 0.7509
            transparency 0.0
            shininess 0.5
        }
    }
    geometry IndexedFaceSet {
        ccw TRUE
        solid FALSE
        coord DEF co Coordinate {
            point [
                0.6378 -0.0038 -0.6793, 0.6378 -0.0038 -0.7123, 0.6378 0.0373 -0.694, 0.6378 0.0373 -0.6974, 0.6378 0.0407 -0.695, 0.6378 0.0407 -0.6966, 0.6378 0.0442 -0.6956, 0.6378 0.0442 -0.6959, 0.6378 0.0454 -0.579, 0.6378 -0.0314 -0.579, 0.6378 0.0454 -0.5935, 0.6378 -0.0314 -0.593, 0.6378 -0.0304 -0.6034, 0.6378 0.008 -0.6318, 0.6378 0.0177 -0.631, 0.6378 0.0255 -0.6287, 0.6378 0.0442 -0.6052, 0.6378 -0.0279 -0.6116, 0.6378 -0.0239 -0.6184, 0.6378 -0.0184 -0.6239, 0.6378 -0.0116 -0.628, 0.6378 -0.0024 -0.6309, 0.6378 0.0316 -0.6253, 0.6378 0.0367 -0.6205, 0.6378 0.0413 -0.6133, -0.3622 0.0466 -0.4515, -0.3622 0.0455 -0.4418, -0.3622 -0.0273 -0.4728, -0.3622 0.0574 -0.4514, -0.3622 0.0566 -0.4632, -0.3622 0.0562 -0.4938, -0.3622 -0.0338 -0.4179, -0.3622 -0.026 -0.4105, -0.3622 -0.0422 -0.393, -0.3622 -0.0428 -0.4417, -0.3622 -0.0422 -0.3425, -0.3622 0.0451 -0.4635, -0.3622 -0.0263 -0.4746, -0.3622 0.0403 -0.4746, -0.3622 0.0022 -0.5418, -0.3622 -0.0428 -0.5562, -0.3622 0.013 -0.5418, -0.3622 0.0454 -0.5442, -0.3622 0.013 -0.507, -0.3622 0.0454 -0.507, -0.3622 0.1378 0.1969, -0.3622 0.0562 -0.3425, -0.3622 0.0562 -0.3557, -0.3622 0.0303 -0.4066, -0.3622 0.0395 -0.4123, -0.3622 0.048 -0.4212, -0.3622 0.0534 -0.4306, -0.3622 0.0535 -0.4746, -0.3622 -0.0422 -0.4938, -0.3622 -0.0371 -0.4746, -0.3622 -0.0314 -0.393, -0.3622 -0.0167 -0.4053, -0.3622 -0.0314 -0.3557, -0.3622 0.0562 -0.5442, -0.3622 0.1378 -0.5562, -0.3622 0.0566 -0.4415, -0.3622 -0.0422 -0.4354, -0.3622 -0.0389 -0.4258, -0.3622 0.0429 -0.4345, -0.3622 0.0383 -0.4277, -0.3622 0.0317 -0.4217, -0.3622 0.0059 -0.4146, -0.3622 -0.0047 -0.4156, -0.3622 -0.0132 -0.4182, -0.3622 -0.0316 -0.4401, -0.3622 -0.0326 -0.4493, -0.3622 -0.0289 -0.433, -0.3622 -0.0249 -0.4269, -0.3622 -0.02 -0.4223, -0.3622 -0.0312 -0.4624, -0.3622 0.0022 -0.507, -0.3622 -0.0314 -0.507, -0.3622 -0.0314 -0.5466, -0.3622 -0.0422 -0.5466, -0.3622 -0.0063 -0.4023, -0.3622 0.0051 -0.4014, -0.3622 0.0191 -0.4028, -0.3622 0.0241 -0.4177, -0.3622 0.0136 -0.415, -0.3622 -0.0428 -0.4541, -0.3622 -0.0434 -0.4502, -0.3622 -0.1378 -0.5562, -0.3622 -0.0434 -0.4475, -0.3622 -0.0428 0.1969, -0.3622 -0.1378 0.1969, -0.3622 0.0562 -0.6894, -0.3622 0.0562 -0.7026, -0.3622 -0.0422 -0.5926, -0.3622 -0.0422 -0.5658, -0.3622 0.0562 -0.5658, -0.3622 -0.0422 -0.7266, -0.3622 -0.0422 -0.741, -0.3622 -0.0428 -1.0236, -0.3622 0.1378 -1.0236, -0.3622 0.0562 -0.5936, -0.3622 0.0547 -0.6078, -0.3622 0.0506 -0.6193, -0.3622 0.0435 -0.63, -0.3622 -0.0422 -0.6522, -0.3622 -0.0152 -0.6401, -0.3622 -0.024 -0.6345, -0.3622 0.0434 -0.6301, -0.3622 0.0357 -0.6371, -0.3622 0.0272 -0.6417, -0.3622 -0.0318 -0.6264, -0.3622 -0.0378 -0.6161, -0.3622 -0.0412 -0.6047, -0.3622 -0.0422 -0.6666, -0.3622 -0.0146 -0.676, -0.3622 -0.0146 -0.7167, -0.3622 0.0175 -0.6443, -0.3622 0.0082 -0.645, -0.3622 -0.0049 -0.6436, -0.3622 -0.0414 -0.4641, -0.3622 -0.1378 -1.0236
            ]
        }
        coordIndex [
            0,1,2,-1,2,1,3,-1,2,3,4,-1,4,3,5,-1,4,5,6,-1,6,5,7,-1,8,9,10,-1,10,9,11,-1,10,11,12,-1,13,14,10,-1,10,14,15,-1,10,15,16,-1,12,17,10,-1,10,17,18,-1,10,18,19,-1,19,20,10,-1,10,20,21,-1,10,21,13,-1,22,23,15,-1,15,23,24,-1,15,24,16,-1,25,26,27,-1,28,29,30,-1,31,32,33,-1,34,33,35,-1,25,27,36,-1,36,27,37,-1,36,37,38,-1,39,40,41,-1,41,40,42,-1,41,42,43,-1,43,42,44,-1,45,46,47,-1,48,49,47,-1,47,49,50,-1,47,50,51,-1,29,52,30,-1,30,52,38,-1,30,38,53,-1,53,38,37,-1,53,37,54,-1,33,32,55,-1,55,32,56,-1,55,56,57,-1,58,59,30,-1,30,59,45,-1,30,45,28,-1,28,45,47,-1,28,47,60,-1,60,47,51,-1,34,61,33,-1,33,61,62,-1,33,62,31,-1,26,63,27,-1,27,63,64,-1,27,64,65,-1,66,67,27,-1,27,67,68,-1,69,70,71,-1,71,70,72,-1,68,73,27,-1,27,73,72,-1,27,72,74,-1,74,72,70,-1,75,76,39,-1,39,76,77,-1,39,77,40,-1,40,77,78,-1,40,78,53,-1,56,79,57,-1,57,79,80,-1,57,80,47,-1,47,80,81,-1,47,81,48,-1,65,82,27,-1,27,82,83,-1,27,83,66,-1,84,85,86,-1,86,85,87,-1,86,87,34,-1,46,45,35,-1,35,45,88,-1,35,88,34,-1,34,88,89,-1,34,89,86,-1,59,90,91,-1,92,93,40,-1,58,42,59,-1,59,42,40,-1,59,40,94,-1,94,40,93,-1,95,40,96,-1,96,40,97,-1,96,97,91,-1,91,97,98,-1,91,98,59,-1,94,99,59,-1,59,99,100,-1,59,100,90,-1,90,100,101,-1,90,101,102,-1,103,104,105,-1,102,106,90,-1,90,106,107,-1,90,107,108,-1,105,109,103,-1,103,109,110,-1,103,110,111,-1,111,92,103,-1,103,92,40,-1,103,40,112,-1,112,40,95,-1,112,95,113,-1,113,95,114,-1,108,115,90,-1,90,115,116,-1,90,116,103,-1,103,116,117,-1,103,117,104,-1,54,118,53,-1,53,118,84,-1,53,84,40,-1,40,84,86,-1,40,86,97,-1,97,86,119,-1,
        ]
    }
}
Shape{
    appearance Appearance {
        material  Material {
            diffuseColor 0.17647058823529413 0.17647058823529413 0.17647058823529413
            specularColor 0.050980392156862744 0.050980392156862744 0.050980392156862744
            ambientIntensity 0.251
            transparency 0.0
            shininess 0.5
        }
    }
    geometry IndexedFaceSet {
        ccw TRUE
        solid FALSE
        coord DEF co Coordinate {
            point [
                -0.6378 -0.1378 0.1969, -0.3622 -0.1378 0.1969, 0.0 -0.2638 0.1969, -0.3622 -0.0428 0.1969, 0.0 0.2638 0.1969, -0.3622 0.1378 0.1969, -1.0 0.2638 0.1969, -0.6378 0.1378 0.1969, -1.0 -0.2638 0.1969, -0.8819 -0.5 0.0118, -0.8819 -0.5 0.9843, -1.0 -0.3819 0.0118, -1.0 -0.3819 0.9843, -0.1181 -0.5 0.0118, -0.1181 -0.5 0.9843, 0.0 -0.3819 0.0118, 0.0 -0.3819 0.9843, 0.0 -0.2638 0.0118, 0.0 0.2638 0.0118, 0.0 0.3819 0.0118, 0.0 0.3819 0.9843, -0.1181 0.5 0.0118, -0.1181 0.5 0.9843, -0.8819 0.5 0.0118, -0.8819 0.5 0.9843, -1.0 0.3819 0.0118, -1.0 0.3819 0.9843, -1.0 0.2638 0.0118, -1.0 -0.2638 0.0118, -0.3622 -0.1378 0.9843, -0.6378 -0.1378 0.9843, -0.6378 0.1378 0.9843, -0.3622 0.1378 0.9843
            ]
        }
        coordIndex [
            0,1,2,-1,2,1,3,-1,2,3,4,-1,4,3,5,-1,4,5,6,-1,6,5,7,-1,6,7,8,-1,8,7,0,-1,8,0,2,-1,9,10,11,-1,11,10,12,-1,13,14,9,-1,9,14,10,-1,15,16,13,-1,13,16,14,-1,15,17,2,-1,18,19,4,-1,4,19,20,-1,4,20,2,-1,2,20,16,-1,2,16,15,-1,21,22,19,-1,19,22,20,-1,23,24,21,-1,21,24,22,-1,25,26,23,-1,23,26,24,-1,25,27,6,-1,28,11,8,-1,8,11,12,-1,8,12,6,-1,6,12,26,-1,6,26,25,-1,26,12,10,-1,22,24,26,-1,14,29,10,-1,10,29,30,-1,10,30,26,-1,26,30,31,-1,26,31,22,-1,22,31,20,-1,14,16,29,-1,29,16,20,-1,29,20,32,-1,32,20,31,-1,6,27,4,-1,4,27,18,-1,18,27,25,-1,25,23,18,-1,18,23,21,-1,18,21,19,-1,2,17,8,-1,8,17,28,-1,28,17,15,-1,15,13,28,-1,28,13,9,-1,28,9,11,-1,
        ]
    }
}
Shape{
    appearance Appearance {
        material  Material {
            diffuseColor 0.9490196078431372 0.7607843137254902 0.1803921568627451
            specularColor 0.7607843137254902 0.6078431372549019 0.1450980392156863
            ambientIntensity 0.7509
            transparency 0.0
            shininess 0.5
        }
    }
    geometry IndexedFaceSet {
        ccw TRUE
        solid FALSE
        coord DEF co Coordinate {
            point [
                -0.4016 -0.0984 3.3465, -0.4016 0.0984 3.3465, -0.5984 -0.0984 3.3465, -0.5984 0.0984 3.3465, -0.3622 0.1378 3.189, -0.3622 0.1378 0.9843, -0.6378 0.1378 3.189, -0.6378 0.1378 0.9843, -0.6378 -0.1378 3.189, -0.6378 -0.1378 0.9843, -0.3622 -0.1378 3.189, -0.3622 -0.1378 0.9843, -0.3622 -0.1378 0.1969, -0.6378 -0.1378 0.1969, -0.3622 -0.1378 -0.5562, -0.6378 -0.1378 -1.0236, -0.3622 -0.1378 -1.0236, -0.6378 0.1378 -1.0236, -0.6378 0.1378 0.1969, -0.3622 0.1378 0.1969, -0.3622 0.1378 -0.5562, -0.3622 0.1378 -1.0236, -0.4016 0.0984 -1.1811, -0.4016 -0.0984 -1.1811, -0.5984 0.0984 -1.1811, -0.5984 -0.0984 -1.1811, -0.3622 -0.0428 -1.0236
            ]
        }
        coordIndex [
            0,1,2,-1,2,1,3,-1,4,5,6,-1,6,5,7,-1,6,7,8,-1,8,7,9,-1,8,9,10,-1,10,9,11,-1,10,11,4,-1,4,11,5,-1,12,13,14,-1,14,13,15,-1,14,15,16,-1,15,13,17,-1,17,13,18,-1,18,19,17,-1,17,19,20,-1,17,20,21,-1,22,23,24,-1,24,23,25,-1,23,16,25,-1,25,16,15,-1,16,23,26,-1,26,23,22,-1,26,22,21,-1,17,24,15,-1,15,24,25,-1,24,17,22,-1,22,17,21,-1,6,3,4,-1,4,3,1,-1,8,2,6,-1,6,2,3,-1,0,10,1,-1,1,10,4,-1,10,0,8,-1,8,0,2,-1,
        ]
    }
}
Shape{
    appearance Appearance {
        material  Material {
            diffuseColor 0.0 0.0 0.0
            specularColor 0.0 0.0 0.0
            ambientIntensity 0.0
            transparency 0.0
            shininess 0.5
        }
    }
    geometry IndexedFaceSet {
        ccw TRUE
        solid FALSE
        coord DEF co Coordinate {
            point [
                -0.3661 0.0562 -0.7026, -0.3661 -0.0422 -0.741, -0.3622 0.0562 -0.7026, -0.3622 -0.0422 -0.741, -0.3661 -0.0422 -0.7266, -0.3622 -0.0422 -0.7266, -0.3661 -0.0146 -0.7167, -0.3622 -0.0146 -0.7167, -0.3661 -0.0146 -0.676, -0.3622 -0.0146 -0.676, -0.3661 -0.0422 -0.6666, -0.3622 -0.0422 -0.6666, -0.3661 -0.0422 -0.6522, -0.3622 -0.0422 -0.6522, -0.3661 0.0562 -0.6894, -0.3622 0.0562 -0.6894, -0.3661 -0.0038 -0.6793, -0.3661 -0.0038 -0.7123, -0.3661 0.0373 -0.694, -0.3661 0.0407 -0.695, -0.3661 0.0442 -0.6956, -0.3661 0.0442 -0.6959, -0.3661 0.0407 -0.6966, -0.3661 0.0373 -0.6974, -0.3622 -0.0038 -0.6793, -0.3622 -0.0038 -0.7123, -0.3622 0.0373 -0.694, -0.3622 0.0407 -0.695, -0.3622 0.0442 -0.6956, -0.3622 0.0442 -0.6959, -0.3622 0.0407 -0.6966, -0.3622 0.0373 -0.6974, -0.3661 -0.0422 -0.5926, -0.3661 -0.0422 -0.5658, -0.3622 -0.0422 -0.5926, -0.3622 -0.0422 -0.5658, -0.3661 0.0562 -0.5658, -0.3622 0.0562 -0.5658, -0.3661 0.0562 -0.5936, -0.3622 0.0562 -0.5936, -0.3661 0.0082 -0.645, -0.3622 0.0082 -0.645, -0.3622 0.0175 -0.6443, -0.3661 0.0175 -0.6443, -0.3622 0.0272 -0.6417, -0.3661 0.0272 -0.6417, -0.3622 0.0357 -0.6371, -0.3661 0.0357 -0.6371, -0.3622 0.0434 -0.6301, -0.3661 0.0434 -0.6301, -0.3622 0.0435 -0.63, -0.3661 0.0435 -0.63, -0.3622 0.0506 -0.6193, -0.3661 0.0506 -0.6193, -0.3622 0.0547 -0.6078, -0.3661 0.0547 -0.6078, -0.3622 -0.0412 -0.6047, -0.3661 -0.0412 -0.6047, -0.3622 -0.0378 -0.6161, -0.3661 -0.0378 -0.6161, -0.3622 -0.0318 -0.6264, -0.3661 -0.0318 -0.6264, -0.3622 -0.024 -0.6345, -0.3661 -0.024 -0.6345, -0.3622 -0.0152 -0.6401, -0.3661 -0.0152 -0.6401, -0.3622 -0.0049 -0.6436, -0.3661 -0.0049 -0.6436, -0.3661 0.0316 -0.6253, -0.3661 0.0367 -0.6205, -0.3661 0.0413 -0.6133, -0.3661 0.0442 -0.6052, -0.3661 0.0454 -0.5935, -0.3661 0.0454 -0.579, -0.3661 -0.0314 -0.579, -0.3661 -0.0314 -0.593, -0.3661 -0.0304 -0.6034, -0.3661 -0.0279 -0.6116, -0.3661 -0.0239 -0.6184, -0.3661 -0.0184 -0.6239, -0.3661 -0.0116 -0.628, -0.3661 -0.0024 -0.6309, -0.3661 0.008 -0.6318, -0.3661 0.0177 -0.631, -0.3661 0.0255 -0.6287, -0.3622 0.0454 -0.5935, -0.3622 0.0454 -0.579, -0.3622 0.0442 -0.6052, -0.3622 0.0413 -0.6133, -0.3622 0.0367 -0.6205, -0.3622 0.0316 -0.6253, -0.3622 0.0255 -0.6287, -0.3622 0.0177 -0.631, -0.3622 0.008 -0.6318, -0.3622 -0.0024 -0.6309, -0.3622 -0.0116 -0.628, -0.3622 -0.0184 -0.6239, -0.3622 -0.0239 -0.6184, -0.3622 -0.0279 -0.6116, -0.3622 -0.0304 -0.6034, -0.3622 -0.0314 -0.593, -0.3622 -0.0314 -0.579, -0.3661 -0.0314 -0.5466, -0.3661 -0.0422 -0.5466, -0.3622 -0.0314 -0.5466, -0.3622 -0.0422 -0.5466, -0.3661 -0.0422 -0.4938, -0.3622 -0.0422 -0.4938, -0.3661 0.0562 -0.4938, -0.3622 0.0562 -0.4938, -0.3661 0.0562 -0.5442, -0.3622 0.0562 -0.5442, -0.3661 0.0454 -0.5442, -0.3622 0.0454 -0.5442, -0.3661 0.0454 -0.507, -0.3622 0.0454 -0.507, -0.3661 0.013 -0.507, -0.3622 0.013 -0.507, -0.3661 0.013 -0.5418, -0.3622 0.013 -0.5418, -0.3661 0.0022 -0.5418, -0.3622 0.0022 -0.5418, -0.3661 0.0022 -0.507, -0.3622 0.0022 -0.507, -0.3661 -0.0314 -0.507, -0.3622 -0.0314 -0.507, -0.3661 -0.0263 -0.4746, -0.3661 -0.0371 -0.4746, -0.3622 -0.0263 -0.4746, -0.3622 -0.0371 -0.4746, -0.3661 -0.0414 -0.4641, -0.3661 -0.0434 -0.4475, -0.3622 -0.0434 -0.4475, -0.3622 -0.0434 -0.4502, -0.3661 -0.0434 -0.4502, -0.3622 -0.0428 -0.4541, -0.3622 -0.0414 -0.4641, -0.3661 0.0051 -0.4014, -0.3622 0.0051 -0.4014, -0.3622 -0.0063 -0.4023, -0.3661 -0.0063 -0.4023, -0.3622 -0.0167 -0.4053, -0.3661 -0.0167 -0.4053, -0.3622 -0.026 -0.4105, -0.3661 -0.026 -0.4105, -0.3622 -0.0338 -0.4179, -0.3661 -0.0338 -0.4179, -0.3622 -0.0389 -0.4258, -0.3661 -0.0389 -0.4258, -0.3622 -0.0422 -0.4354, -0.3661 -0.0422 -0.4354, -0.3622 -0.0428 -0.4417, -0.3661 0.0574 -0.4514, -0.3622 0.0574 -0.4514, -0.3622 0.0566 -0.4415, -0.3661 0.0566 -0.4415, -0.3622 0.0534 -0.4306, -0.3661 0.0534 -0.4306, -0.3622 0.048 -0.4212, -0.3661 0.048 -0.4212, -0.3622 0.0395 -0.4123, -0.3661 0.0395 -0.4123, -0.3622 0.0303 -0.4066, -0.3661 0.0303 -0.4066, -0.3622 0.0191 -0.4028, -0.3661 0.0191 -0.4028, -0.3661 0.0535 -0.4746, -0.3622 0.0535 -0.4746, -0.3622 0.0566 -0.4632, -0.3661 0.0566 -0.4632, -0.3661 0.0403 -0.4746, -0.3622 0.0403 -0.4746, -0.3661 0.0466 -0.4515, -0.3622 0.0466 -0.4515, -0.3622 0.0451 -0.4635, -0.3661 0.0451 -0.4635, -0.3661 0.0059 -0.4146, -0.3622 0.0059 -0.4146, -0.3622 0.0136 -0.415, -0.3661 0.0136 -0.415, -0.3622 0.0241 -0.4177, -0.3661 0.0241 -0.4177, -0.3622 0.0317 -0.4217, -0.3661 0.0317 -0.4217, -0.3622 0.0383 -0.4277, -0.3661 0.0383 -0.4277, -0.3622 0.0429 -0.4345, -0.3661 0.0429 -0.4345, -0.3622 0.0455 -0.4418, -0.3661 0.0455 -0.4418, -0.3661 -0.0326 -0.4493, -0.3622 -0.0326 -0.4493, -0.3622 -0.0316 -0.4401, -0.3661 -0.0316 -0.4401, -0.3622 -0.0289 -0.433, -0.3661 -0.0289 -0.433, -0.3622 -0.0249 -0.4269, -0.3661 -0.0249 -0.4269, -0.3622 -0.02 -0.4223, -0.3661 -0.02 -0.4223, -0.3622 -0.0132 -0.4182, -0.3661 -0.0132 -0.4182, -0.3622 -0.0047 -0.4156, -0.3661 -0.0047 -0.4156, -0.3622 -0.0273 -0.4728, -0.3661 -0.0273 -0.4728, -0.3622 -0.0312 -0.4624, -0.3661 -0.0312 -0.4624, -0.3661 -0.0314 -0.393, -0.3661 -0.0422 -0.393, -0.3622 -0.0314 -0.393, -0.3622 -0.0422 -0.393, -0.3661 -0.0422 -0.3425, -0.3622 -0.0422 -0.3425, -0.3661 0.0562 -0.3425, -0.3622 0.0562 -0.3425, -0.3661 0.0562 -0.3557, -0.3622 0.0562 -0.3557, -0.3661 -0.0314 -0.3557, -0.3622 -0.0314 -0.3557
            ]
        }
        coordIndex [
            0,1,2,-1,2,1,3,-1,1,4,3,-1,3,4,5,-1,4,6,5,-1,5,6,7,-1,6,8,7,-1,7,8,9,-1,8,10,9,-1,9,10,11,-1,10,12,11,-1,11,12,13,-1,12,14,13,-1,13,14,15,-1,14,0,15,-1,15,0,2,-1,16,8,17,-1,17,8,6,-1,18,14,16,-1,16,14,12,-1,16,12,8,-1,8,12,10,-1,18,19,14,-1,14,19,20,-1,14,20,0,-1,0,20,21,-1,0,21,22,-1,22,23,0,-1,0,23,17,-1,0,17,1,-1,1,17,6,-1,1,6,4,-1,16,17,24,-1,24,17,25,-1,18,16,26,-1,26,16,24,-1,18,26,27,-1,18,27,19,-1,19,27,28,-1,19,28,20,-1,21,20,29,-1,29,20,28,-1,21,29,30,-1,21,30,22,-1,22,30,31,-1,22,31,23,-1,17,23,25,-1,25,23,31,-1,32,33,34,-1,34,33,35,-1,33,36,35,-1,35,36,37,-1,36,38,37,-1,37,38,39,-1,40,41,42,-1,40,42,43,-1,43,42,44,-1,43,44,45,-1,45,44,46,-1,45,46,47,-1,47,46,48,-1,47,48,49,-1,49,48,50,-1,49,50,51,-1,51,50,52,-1,51,52,53,-1,53,52,54,-1,53,54,55,-1,55,54,39,-1,55,39,38,-1,32,34,56,-1,32,56,57,-1,57,56,58,-1,57,58,59,-1,59,58,60,-1,59,60,61,-1,61,60,62,-1,61,62,63,-1,63,62,64,-1,63,64,65,-1,65,64,66,-1,65,66,67,-1,67,66,41,-1,67,41,40,-1,45,47,68,-1,68,47,49,-1,68,49,69,-1,69,49,51,-1,69,51,70,-1,70,51,53,-1,70,53,71,-1,71,53,55,-1,71,55,72,-1,72,55,38,-1,72,38,73,-1,73,38,36,-1,73,36,74,-1,74,36,33,-1,74,33,75,-1,75,33,32,-1,75,32,76,-1,76,32,57,-1,76,57,77,-1,77,57,59,-1,77,59,78,-1,78,59,61,-1,78,61,79,-1,79,61,63,-1,79,63,80,-1,80,63,65,-1,80,65,81,-1,81,65,67,-1,81,67,82,-1,82,67,40,-1,82,40,83,-1,83,40,43,-1,83,43,84,-1,84,43,45,-1,84,45,68,-1,72,73,85,-1,85,73,86,-1,72,85,87,-1,72,87,71,-1,71,87,88,-1,71,88,70,-1,70,88,89,-1,70,89,69,-1,69,89,90,-1,69,90,68,-1,68,90,91,-1,68,91,84,-1,84,91,92,-1,84,92,83,-1,83,92,93,-1,83,93,82,-1,82,93,94,-1,82,94,81,-1,81,94,95,-1,81,95,80,-1,80,95,96,-1,80,96,79,-1,79,96,97,-1,79,97,78,-1,78,97,98,-1,78,98,77,-1,77,98,99,-1,77,99,76,-1,76,99,100,-1,76,100,75,-1,74,75,101,-1,101,75,100,-1,73,74,86,-1,86,74,101,-1,102,103,104,-1,104,103,105,-1,103,106,105,-1,105,106,107,-1,106,108,107,-1,107,108,109,-1,108,110,109,-1,109,110,111,-1,110,112,111,-1,111,112,113,-1,112,114,113,-1,113,114,115,-1,114,116,115,-1,115,116,117,-1,116,118,117,-1,117,118,119,-1,118,120,119,-1,119,120,121,-1,120,122,121,-1,121,122,123,-1,122,124,123,-1,123,124,125,-1,124,102,125,-1,125,102,104,-1,106,103,102,-1,102,124,106,-1,106,124,122,-1,106,122,108,-1,112,110,114,-1,114,110,108,-1,114,108,116,-1,116,108,122,-1,116,122,118,-1,118,122,120,-1,126,127,128,-1,128,127,129,-1,129,127,130,-1,131,132,133,-1,131,133,134,-1,134,133,135,-1,134,135,130,-1,130,135,136,-1,130,136,129,-1,137,138,139,-1,137,139,140,-1,140,139,141,-1,140,141,142,-1,142,141,143,-1,142,143,144,-1,144,143,145,-1,144,145,146,-1,146,145,147,-1,146,147,148,-1,148,147,149,-1,148,149,150,-1,150,149,131,-1,131,149,151,-1,131,151,132,-1,152,153,154,-1,152,154,155,-1,155,154,156,-1,155,156,157,-1,157,156,158,-1,157,158,159,-1,159,158,160,-1,159,160,161,-1,161,160,162,-1,161,162,163,-1,163,162,164,-1,163,164,165,-1,165,164,138,-1,165,138,137,-1,166,167,168,-1,166,168,169,-1,169,168,153,-1,169,153,152,-1,166,170,167,-1,167,170,171,-1,172,173,174,-1,172,174,175,-1,175,174,171,-1,175,171,170,-1,176,177,178,-1,176,178,179,-1,179,178,180,-1,179,180,181,-1,181,180,182,-1,181,182,183,-1,183,182,184,-1,183,184,185,-1,185,184,186,-1,185,186,187,-1,187,186,188,-1,187,188,189,-1,189,188,173,-1,189,173,172,-1,190,191,192,-1,190,192,193,-1,193,192,194,-1,193,194,195,-1,195,194,196,-1,195,196,197,-1,197,196,198,-1,197,198,199,-1,199,198,200,-1,199,200,201,-1,201,200,202,-1,201,202,203,-1,203,202,177,-1,203,177,176,-1,126,128,204,-1,126,204,205,-1,205,204,206,-1,205,206,207,-1,207,206,191,-1,207,191,190,-1,193,131,190,-1,190,131,134,-1,190,134,207,-1,207,134,130,-1,207,130,205,-1,205,130,127,-1,205,127,126,-1,170,166,175,-1,175,166,169,-1,175,169,172,-1,172,169,152,-1,172,152,189,-1,189,152,155,-1,189,155,187,-1,187,155,157,-1,187,157,185,-1,185,157,159,-1,185,159,183,-1,183,159,161,-1,183,161,181,-1,181,161,163,-1,181,163,179,-1,179,163,165,-1,179,165,176,-1,176,165,137,-1,176,137,203,-1,203,137,140,-1,203,140,201,-1,201,140,142,-1,201,142,199,-1,199,142,144,-1,199,144,197,-1,197,144,146,-1,197,146,195,-1,195,146,148,-1,195,148,193,-1,193,148,150,-1,193,150,131,-1,208,209,210,-1,210,209,211,-1,209,212,211,-1,211,212,213,-1,212,214,213,-1,213,214,215,-1,214,216,215,-1,215,216,217,-1,216,218,217,-1,217,218,219,-1,218,208,219,-1,219,208,210,-1,216,214,218,-1,218,214,212,-1,218,212,208,-1,208,212,209,-1,
        ]
    }
}
Shape{
    appearance Appearance {
        material  Material {
            diffuseColor 0.9490196078431372 0.7607843137254902 0.1803921568627451
            specularColor 0.7607843137254902 0.6078431372549019 0.1450980392156863
            ambientIntensity 0.7509
            transparency 0.0
            shininess 0.5
        }
    }
    geometry IndexedFaceSet {
        ccw TRUE
        solid FALSE
        coord DEF co Coordinate {
            point [
                -0.3622 -0.0038 -0.6793, -0.3622 -0.0038 -0.7123, -0.3622 0.0373 -0.694, -0.3622 0.0373 -0.6974, -0.3622 0.0407 -0.695, -0.3622 0.0407 -0.6966, -0.3622 0.0442 -0.6956, -0.3622 0.0442 -0.6959, -0.3622 0.0454 -0.579, -0.3622 -0.0314 -0.579, -0.3622 0.0454 -0.5935, -0.3622 -0.0314 -0.593, -0.3622 -0.0304 -0.6034, -0.3622 0.008 -0.6318, -0.3622 0.0177 -0.631, -0.3622 0.0255 -0.6287, -0.3622 0.0442 -0.6052, -0.3622 -0.0279 -0.6116, -0.3622 -0.0239 -0.6184, -0.3622 -0.0184 -0.6239, -0.3622 -0.0116 -0.628, -0.3622 -0.0024 -0.6309, -0.3622 0.0316 -0.6253, -0.3622 0.0367 -0.6205, -0.3622 0.0413 -0.6133, -1.3622 0.0466 -0.4515, -1.3622 0.0455 -0.4418, -1.3622 -0.0273 -0.4728, -1.3622 0.0574 -0.4514, -1.3622 0.0566 -0.4632, -1.3622 0.0562 -0.4938, -1.3622 -0.0338 -0.4179, -1.3622 -0.026 -0.4105, -1.3622 -0.0422 -0.393, -1.3622 -0.0428 -0.4417, -1.3622 -0.0422 -0.3425, -1.3622 0.0451 -0.4635, -1.3622 -0.0263 -0.4746, -1.3622 0.0403 -0.4746, -1.3622 0.0022 -0.5418, -1.3622 -0.0428 -0.5562, -1.3622 0.013 -0.5418, -1.3622 0.0454 -0.5442, -1.3622 0.013 -0.507, -1.3622 0.0454 -0.507, -1.3622 0.1378 0.1969, -1.3622 0.0562 -0.3425, -1.3622 0.0562 -0.3557, -1.3622 0.0303 -0.4066, -1.3622 0.0395 -0.4123, -1.3622 0.048 -0.4212, -1.3622 0.0534 -0.4306, -1.3622 0.0535 -0.4746, -1.3622 -0.0422 -0.4938, -1.3622 -0.0371 -0.4746, -1.3622 -0.0314 -0.393, -1.3622 -0.0167 -0.4053, -1.3622 -0.0314 -0.3557, -1.3622 0.0562 -0.5442, -1.3622 0.1378 -0.5562, -1.3622 0.0566 -0.4415, -1.3622 -0.0422 -0.4354, -1.3622 -0.0389 -0.4258, -1.3622 0.0429 -0.4345, -1.3622 0.0383 -0.4277, -1.3622 0.0317 -0.4217, -1.3622 0.0059 -0.4146, -1.3622 -0.0047 -0.4156, -1.3622 -0.0132 -0.4182, -1.3622 -0.0316 -0.4401, -1.3622 -0.0326 -0.4493, -1.3622 -0.0289 -0.433, -1.3622 -0.0249 -0.4269, -1.3622 -0.02 -0.4223, -1.3622 -0.0312 -0.4624, -1.3622 0.0022 -0.507, -1.3622 -0.0314 -0.507, -1.3622 -0.0314 -0.5466, -1.3622 -0.0422 -0.5466, -1.3622 -0.0063 -0.4023, -1.3622 0.0051 -0.4014, -1.3622 0.0191 -0.4028, -1.3622 0.0241 -0.4177, -1.3622 0.0136 -0.415, -1.3622 -0.0428 -0.4541, -1.3622 -0.0434 -0.4502, -1.3622 -0.1378 -0.5562, -1.3622 -0.0434 -0.4475, -1.3622 -0.0428 0.1969, -1.3622 -0.1378 0.1969, -1.3622 0.0562 -0.6894, -1.3622 0.0562 -0.7026, -1.3622 -0.0422 -0.5926, -1.3622 -0.0422 -0.5658, -1.3622 0.0562 -0.5658, -1.3622 -0.0422 -0.7266, -1.3622 -0.0422 -0.741, -1.3622 -0.0428 -1.0236, -1.3622 0.1378 -1.0236, -1.3622 0.0562 -0.5936, -1.3622 0.0547 -0.6078, -1.3622 0.0506 -0.6193, -1.3622 0.0435 -0.63, -1.3622 -0.0422 -0.6522, -1.3622 -0.0152 -0.6401, -1.3622 -0.024 -0.6345, -1.3622 0.0434 -0.6301, -1.3622 0.0357 -0.6371, -1.3622 0.0272 -0.6417, -1.3622 -0.0318 -0.6264, -1.3622 -0.0378 -0.6161, -1.3622 -0.0412 -0.6047, -1.3622 -0.0422 -0.6666, -1.3622 -0.0146 -0.676, -1.3622 -0.0146 -0.7167, -1.3622 0.0175 -0.6443, -1.3622 0.0082 -0.645, -1.3622 -0.0049 -0.6436, -1.3622 -0.0414 -0.4641, -1.3622 -0.1378 -1.0236
            ]
        }
        coordIndex [
            0,1,2,-1,2,1,3,-1,2,3,4,-1,4,3,5,-1,4,5,6,-1,6,5,7,-1,8,9,10,-1,10,9,11,-1,10,11,12,-1,13,14,10,-1,10,14,15,-1,10,15,16,-1,12,17,10,-1,10,17,18,-1,10,18,19,-1,19,20,10,-1,10,20,21,-1,10,21,13,-1,22,23,15,-1,15,23,24,-1,15,24,16,-1,25,26,27,-1,28,29,30,-1,31,32,33,-1,34,33,35,-1,25,27,36,-1,36,27,37,-1,36,37,38,-1,39,40,41,-1,41,40,42,-1,41,42,43,-1,43,42,44,-1,45,46,47,-1,48,49,47,-1,47,49,50,-1,47,50,51,-1,29,52,30,-1,30,52,38,-1,30,38,53,-1,53,38,37,-1,53,37,54,-1,33,32,55,-1,55,32,56,-1,55,56,57,-1,58,59,30,-1,30,59,45,-1,30,45,28,-1,28,45,47,-1,28,47,60,-1,60,47,51,-1,34,61,33,-1,33,61,62,-1,33,62,31,-1,26,63,27,-1,27,63,64,-1,27,64,65,-1,66,67,27,-1,27,67,68,-1,69,70,71,-1,71,70,72,-1,68,73,27,-1,27,73,72,-1,27,72,74,-1,74,72,70,-1,75,76,39,-1,39,76,77,-1,39,77,40,-1,40,77,78,-1,40,78,53,-1,56,79,57,-1,57,79,80,-1,57,80,47,-1,47,80,81,-1,47,81,48,-1,65,82,27,-1,27,82,83,-1,27,83,66,-1,84,85,86,-1,86,85,87,-1,86,87,34,-1,46,45,35,-1,35,45,88,-1,35,88,34,-1,34,88,89,-1,34,89,86,-1,59,90,91,-1,92,93,40,-1,58,42,59,-1,59,42,40,-1,59,40,94,-1,94,40,93,-1,95,40,96,-1,96,40,97,-1,96,97,91,-1,91,97,98,-1,91,98,59,-1,94,99,59,-1,59,99,100,-1,59,100,90,-1,90,100,101,-1,90,101,102,-1,103,104,105,-1,102,106,90,-1,90,106,107,-1,90,107,108,-1,105,109,103,-1,103,109,110,-1,103,110,111,-1,111,92,103,-1,103,92,40,-1,103,40,112,-1,112,40,95,-1,112,95,113,-1,113,95,114,-1,108,115,90,-1,90,115,116,-1,90,116,103,-1,103,116,117,-1,103,117,104,-1,54,118,53,-1,53,118,84,-1,53,84,40,-1,40,84,86,-1,40,86,97,-1,97,86,119,-1,
        ]
    }
}
Shape{
    appearance Appearance {
        material  Material {
            diffuseColor 0.17647058823529413 0.17647058823529413 0.17647058823529413
            specularColor 0.050980392156862744 0.050980392156862744 0.050980392156862744
            ambientIntensity 0.251
            transparency 0.0
            shininess 0.5
        }
    }
    geometry IndexedFaceSet {
        ccw TRUE
        solid FALSE
        coord DEF co Coordinate {
            point [
                -1.6378 -0.1378 0.1969, -1.3622 -0.1378 0.1969, -1.0 -0.2638 0.1969, -1.3622 -0.0428 0.1969, -1.0 0.2638 0.1969, -1.3622 0.1378 0.1969, -2.0 0.2638 0.1969, -1.6378 0.1378 0.1969, -2.0 -0.2638 0.1969, -1.8819 -0.5 0.0118, -1.8819 -0.5 0.9843, -2.0 -0.3819 0.0118, -2.0 -0.3819 0.9843, -1.1181 -0.5 0.0118, -1.1181 -0.5 0.9843, -1.0 -0.3819 0.0118, -1.0 -0.3819 0.9843, -1.0 -0.2638 0.0118, -1.0 0.2638 0.0118, -1.0 0.3819 0.0118, -1.0 0.3819 0.9843, -1.1181 0.5 0.0118, -1.1181 0.5 0.9843, -1.8819 0.5 0.0118, -1.8819 0.5 0.9843, -2.0 0.3819 0.0118, -2.0 0.3819 0.9843, -2.0 0.2638 0.0118, -2.0 -0.2638 0.0118, -1.3622 -0.1378 0.9843, -1.6378 -0.1378 0.9843, -1.6378 0.1378 0.9843, -1.3622 0.1378 0.9843
            ]
        }
        coordIndex [
            0,1,2,-1,2,1,3,-1,2,3,4,-1,4,3,5,-1,4,5,6,-1,6,5,7,-1,6,7,8,-1,8,7,0,-1,8,0,2,-1,9,10,11,-1,11,10,12,-1,13,14,9,-1,9,14,10,-1,15,16,13,-1,13,16,14,-1,15,17,2,-1,18,19,4,-1,4,19,20,-1,4,20,2,-1,2,20,16,-1,2,16,15,-1,21,22,19,-1,19,22,20,-1,23,24,21,-1,21,24,22,-1,25,26,23,-1,23,26,24,-1,25,27,6,-1,28,11,8,-1,8,11,12,-1,8,12,6,-1,6,12,26,-1,6,26,25,-1,26,12,10,-1,22,24,26,-1,14,29,10,-1,10,29,30,-1,10,30,26,-1,26,30,31,-1,26,31,22,-1,22,31,20,-1,14,16,29,-1,29,16,20,-1,29,20,32,-1,32,20,31,-1,6,27,4,-1,4,27,18,-1,18,27,25,-1,25,23,18,-1,18,23,21,-1,18,21,19,-1,2,17,8,-1,8,17,28,-1,28,17,15,-1,15,13,28,-1,28,13,9,-1,28,9,11,-1,
        ]
    }
}
Shape{
    appearance Appearance {
        material  Material {
            diffuseColor 0.9490196078431372 0.7607843137254902 0.1803921568627451
            specularColor 0.7607843137254902 0.6078431372549019 0.1450980392156863
            ambientIntensity 0.7509
            transparency 0.0
            shininess 0.5
        }
    }
    geometry IndexedFaceSet {
        ccw TRUE
        solid FALSE
        coord DEF co Coordinate {
            point [
                -1.4016 -0.0984 3.3465, -1.4016 0.0984 3.3465, -1.5984 -0.0984 3.3465, -1.5984 0.0984 3.3465, -1.3622 0.1378 3.189, -1.3622 0.1378 0.9843, -1.6378 0.1378 3.189, -1.6378 0.1378 0.9843, -1.6378 -0.1378 3.189, -1.6378 -0.1378 0.9843, -1.3622 -0.1378 3.189, -1.3622 -0.1378 0.9843, -1.3622 -0.1378 0.1969, -1.6378 -0.1378 0.1969, -1.3622 -0.1378 -0.5562, -1.6378 -0.1378 -1.0236, -1.3622 -0.1378 -1.0236, -1.6378 0.1378 -1.0236, -1.6378 0.1378 0.1969, -1.3622 0.1378 0.1969, -1.3622 0.1378 -0.5562, -1.3622 0.1378 -1.0236, -1.4016 0.0984 -1.1811, -1.4016 -0.0984 -1.1811, -1.5984 0.0984 -1.1811, -1.5984 -0.0984 -1.1811, -1.3622 -0.0428 -1.0236
            ]
        }
        coordIndex [
            0,1,2,-1,2,1,3,-1,4,5,6,-1,6,5,7,-1,6,7,8,-1,8,7,9,-1,8,9,10,-1,10,9,11,-1,10,11,4,-1,4,11,5,-1,12,13,14,-1,14,13,15,-1,14,15,16,-1,15,13,17,-1,17,13,18,-1,18,19,17,-1,17,19,20,-1,17,20,21,-1,22,23,24,-1,24,23,25,-1,23,16,25,-1,25,16,15,-1,16,23,26,-1,26,23,22,-1,26,22,21,-1,17,24,15,-1,15,24,25,-1,24,17,22,-1,22,17,21,-1,6,3,4,-1,4,3,1,-1,8,2,6,-1,6,2,3,-1,0,10,1,-1,1,10,4,-1,10,0,8,-1,8,0,2,-1,
        ]
    }
}
Shape{
    appearance Appearance {
        material  Material {
            diffuseColor 0.0 0.0 0.0
            specularColor 0.0 0.0 0.0
            ambientIntensity 0.0
            transparency 0.0
            shininess 0.5
        }
    }
    geometry IndexedFaceSet {
        ccw TRUE
        solid FALSE
        coord DEF co Coordinate {
            point [
                -1.3661 0.0562 -0.7026, -1.3661 -0.0422 -0.741, -1.3622 0.0562 -0.7026, -1.3622 -0.0422 -0.741, -1.3661 -0.0422 -0.7266, -1.3622 -0.0422 -0.7266, -1.3661 -0.0146 -0.7167, -1.3622 -0.0146 -0.7167, -1.3661 -0.0146 -0.676, -1.3622 -0.0146 -0.676, -1.3661 -0.0422 -0.6666, -1.3622 -0.0422 -0.6666, -1.3661 -0.0422 -0.6522, -1.3622 -0.0422 -0.6522, -1.3661 0.0562 -0.6894, -1.3622 0.0562 -0.6894, -1.3661 -0.0038 -0.6793, -1.3661 -0.0038 -0.7123, -1.3661 0.0373 -0.694, -1.3661 0.0407 -0.695, -1.3661 0.0442 -0.6956, -1.3661 0.0442 -0.6959, -1.3661 0.0407 -0.6966, -1.3661 0.0373 -0.6974, -1.3622 -0.0038 -0.6793, -1.3622 -0.0038 -0.7123, -1.3622 0.0373 -0.694, -1.3622 0.0407 -0.695, -1.3622 0.0442 -0.6956, -1.3622 0.0442 -0.6959, -1.3622 0.0407 -0.6966, -1.3622 0.0373 -0.6974, -1.3661 -0.0422 -0.5926, -1.3661 -0.0422 -0.5658, -1.3622 -0.0422 -0.5926, -1.3622 -0.0422 -0.5658, -1.3661 0.0562 -0.5658, -1.3622 0.0562 -0.5658, -1.3661 0.0562 -0.5936, -1.3622 0.0562 -0.5936, -1.3661 0.0082 -0.645, -1.3622 0.0082 -0.645, -1.3622 0.0175 -0.6443, -1.3661 0.0175 -0.6443, -1.3622 0.0272 -0.6417, -1.3661 0.0272 -0.6417, -1.3622 0.0357 -0.6371, -1.3661 0.0357 -0.6371, -1.3622 0.0434 -0.6301, -1.3661 0.0434 -0.6301, -1.3622 0.0435 -0.63, -1.3661 0.0435 -0.63, -1.3622 0.0506 -0.6193, -1.3661 0.0506 -0.6193, -1.3622 0.0547 -0.6078, -1.3661 0.0547 -0.6078, -1.3622 -0.0412 -0.6047, -1.3661 -0.0412 -0.6047, -1.3622 -0.0378 -0.6161, -1.3661 -0.0378 -0.6161, -1.3622 -0.0318 -0.6264, -1.3661 -0.0318 -0.6264, -1.3622 -0.024 -0.6345, -1.3661 -0.024 -0.6345, -1.3622 -0.0152 -0.6401, -1.3661 -0.0152 -0.6401, -1.3622 -0.0049 -0.6436, -1.3661 -0.0049 -0.6436, -1.3661 0.0316 -0.6253, -1.3661 0.0367 -0.6205, -1.3661 0.0413 -0.6133, -1.3661 0.0442 -0.6052, -1.3661 0.0454 -0.5935, -1.3661 0.0454 -0.579, -1.3661 -0.0314 -0.579, -1.3661 -0.0314 -0.593, -1.3661 -0.0304 -0.6034, -1.3661 -0.0279 -0.6116, -1.3661 -0.0239 -0.6184, -1.3661 -0.0184 -0.6239, -1.3661 -0.0116 -0.628, -1.3661 -0.0024 -0.6309, -1.3661 0.008 -0.6318, -1.3661 0.0177 -0.631, -1.3661 0.0255 -0.6287, -1.3622 0.0454 -0.5935, -1.3622 0.0454 -0.579, -1.3622 0.0442 -0.6052, -1.3622 0.0413 -0.6133, -1.3622 0.0367 -0.6205, -1.3622 0.0316 -0.6253, -1.3622 0.0255 -0.6287, -1.3622 0.0177 -0.631, -1.3622 0.008 -0.6318, -1.3622 -0.0024 -0.6309, -1.3622 -0.0116 -0.628, -1.3622 -0.0184 -0.6239, -1.3622 -0.0239 -0.6184, -1.3622 -0.0279 -0.6116, -1.3622 -0.0304 -0.6034, -1.3622 -0.0314 -0.593, -1.3622 -0.0314 -0.579, -1.3661 -0.0314 -0.5466, -1.3661 -0.0422 -0.5466, -1.3622 -0.0314 -0.5466, -1.3622 -0.0422 -0.5466, -1.3661 -0.0422 -0.4938, -1.3622 -0.0422 -0.4938, -1.3661 0.0562 -0.4938, -1.3622 0.0562 -0.4938, -1.3661 0.0562 -0.5442, -1.3622 0.0562 -0.5442, -1.3661 0.0454 -0.5442, -1.3622 0.0454 -0.5442, -1.3661 0.0454 -0.507, -1.3622 0.0454 -0.507, -1.3661 0.013 -0.507, -1.3622 0.013 -0.507, -1.3661 0.013 -0.5418, -1.3622 0.013 -0.5418, -1.3661 0.0022 -0.5418, -1.3622 0.0022 -0.5418, -1.3661 0.0022 -0.507, -1.3622 0.0022 -0.507, -1.3661 -0.0314 -0.507, -1.3622 -0.0314 -0.507, -1.3661 -0.0263 -0.4746, -1.3661 -0.0371 -0.4746, -1.3622 -0.0263 -0.4746, -1.3622 -0.0371 -0.4746, -1.3661 -0.0414 -0.4641, -1.3661 -0.0434 -0.4475, -1.3622 -0.0434 -0.4475, -1.3622 -0.0434 -0.4502, -1.3661 -0.0434 -0.4502, -1.3622 -0.0428 -0.4541, -1.3622 -0.0414 -0.4641, -1.3661 0.0051 -0.4014, -1.3622 0.0051 -0.4014, -1.3622 -0.0063 -0.4023, -1.3661 -0.0063 -0.4023, -1.3622 -0.0167 -0.4053, -1.3661 -0.0167 -0.4053, -1.3622 -0.026 -0.4105, -1.3661 -0.026 -0.4105, -1.3622 -0.0338 -0.4179, -1.3661 -0.0338 -0.4179, -1.3622 -0.0389 -0.4258, -1.3661 -0.0389 -0.4258, -1.3622 -0.0422 -0.4354, -1.3661 -0.0422 -0.4354, -1.3622 -0.0428 -0.4417, -1.3661 0.0574 -0.4514, -1.3622 0.0574 -0.4514, -1.3622 0.0566 -0.4415, -1.3661 0.0566 -0.4415, -1.3622 0.0534 -0.4306, -1.3661 0.0534 -0.4306, -1.3622 0.048 -0.4212, -1.3661 0.048 -0.4212, -1.3622 0.0395 -0.4123, -1.3661 0.0395 -0.4123, -1.3622 0.0303 -0.4066, -1.3661 0.0303 -0.4066, -1.3622 0.0191 -0.4028, -1.3661 0.0191 -0.4028, -1.3661 0.0535 -0.4746, -1.3622 0.0535 -0.4746, -1.3622 0.0566 -0.4632, -1.3661 0.0566 -0.4632, -1.3661 0.0403 -0.4746, -1.3622 0.0403 -0.4746, -1.3661 0.0466 -0.4515, -1.3622 0.0466 -0.4515, -1.3622 0.0451 -0.4635, -1.3661 0.0451 -0.4635, -1.3661 0.0059 -0.4146, -1.3622 0.0059 -0.4146, -1.3622 0.0136 -0.415, -1.3661 0.0136 -0.415, -1.3622 0.0241 -0.4177, -1.3661 0.0241 -0.4177, -1.3622 0.0317 -0.4217, -1.3661 0.0317 -0.4217, -1.3622 0.0383 -0.4277, -1.3661 0.0383 -0.4277, -1.3622 0.0429 -0.4345, -1.3661 0.0429 -0.4345, -1.3622 0.0455 -0.4418, -1.3661 0.0455 -0.4418, -1.3661 -0.0326 -0.4493, -1.3622 -0.0326 -0.4493, -1.3622 -0.0316 -0.4401, -1.3661 -0.0316 -0.4401, -1.3622 -0.0289 -0.433, -1.3661 -0.0289 -0.433, -1.3622 -0.0249 -0.4269, -1.3661 -0.0249 -0.4269, -1.3622 -0.02 -0.4223, -1.3661 -0.02 -0.4223, -1.3622 -0.0132 -0.4182, -1.3661 -0.0132 -0.4182, -1.3622 -0.0047 -0.4156, -1.3661 -0.0047 -0.4156, -1.3622 -0.0273 -0.4728, -1.3661 -0.0273 -0.4728, -1.3622 -0.0312 -0.4624, -1.3661 -0.0312 -0.4624, -1.3661 -0.0314 -0.393, -1.3661 -0.0422 -0.393, -1.3622 -0.0314 -0.393, -1.3622 -0.0422 -0.393, -1.3661 -0.0422 -0.3425, -1.3622 -0.0422 -0.3425, -1.3661 0.0562 -0.3425, -1.3622 0.0562 -0.3425, -1.3661 0.0562 -0.3557, -1.3622 0.0562 -0.3557, -1.3661 -0.0314 -0.3557, -1.3622 -0.0314 -0.3557
            ]
        }
        coordIndex [
            0,1,2,-1,2,1,3,-1,1,4,3,-1,3,4,5,-1,4,6,5,-1,5,6,7,-1,6,8,7,-1,7,8,9,-1,8,10,9,-1,9,10,11,-1,10,12,11,-1,11,12,13,-1,12,14,13,-1,13,14,15,-1,14,0,15,-1,15,0,2,-1,16,8,17,-1,17,8,6,-1,18,14,16,-1,16,14,12,-1,16,12,8,-1,8,12,10,-1,18,19,14,-1,14,19,20,-1,14,20,0,-1,0,20,21,-1,0,21,22,-1,22,23,0,-1,0,23,17,-1,0,17,1,-1,1,17,6,-1,1,6,4,-1,16,17,24,-1,24,17,25,-1,18,16,26,-1,26,16,24,-1,18,26,27,-1,18,27,19,-1,19,27,28,-1,19,28,20,-1,21,20,29,-1,29,20,28,-1,21,29,30,-1,21,30,22,-1,22,30,31,-1,22,31,23,-1,17,23,25,-1,25,23,31,-1,32,33,34,-1,34,33,35,-1,33,36,35,-1,35,36,37,-1,36,38,37,-1,37,38,39,-1,40,41,42,-1,40,42,43,-1,43,42,44,-1,43,44,45,-1,45,44,46,-1,45,46,47,-1,47,46,48,-1,47,48,49,-1,49,48,50,-1,49,50,51,-1,51,50,52,-1,51,52,53,-1,53,52,54,-1,53,54,55,-1,55,54,39,-1,55,39,38,-1,32,34,56,-1,32,56,57,-1,57,56,58,-1,57,58,59,-1,59,58,60,-1,59,60,61,-1,61,60,62,-1,61,62,63,-1,63,62,64,-1,63,64,65,-1,65,64,66,-1,65,66,67,-1,67,66,41,-1,67,41,40,-1,45,47,68,-1,68,47,49,-1,68,49,69,-1,69,49,51,-1,69,51,70,-1,70,51,53,-1,70,53,71,-1,71,53,55,-1,71,55,72,-1,72,55,38,-1,72,38,73,-1,73,38,36,-1,73,36,74,-1,74,36,33,-1,74,33,75,-1,75,33,32,-1,75,32,76,-1,76,32,57,-1,76,57,77,-1,77,57,59,-1,77,59,78,-1,78,59,61,-1,78,61,79,-1,79,61,63,-1,79,63,80,-1,80,63,65,-1,80,65,81,-1,81,65,67,-1,81,67,82,-1,82,67,40,-1,82,40,83,-1,83,40,43,-1,83,43,84,-1,84,43,45,-1,84,45,68,-1,72,73,85,-1,85,73,86,-1,72,85,87,-1,72,87,71,-1,71,87,88,-1,71,88,70,-1,70,88,89,-1,70,89,69,-1,69,89,90,-1,69,90,68,-1,68,90,91,-1,68,91,84,-1,84,91,92,-1,84,92,83,-1,83,92,93,-1,83,93,82,-1,82,93,94,-1,82,94,81,-1,81,94,95,-1,81,95,80,-1,80,95,96,-1,80,96,79,-1,79,96,97,-1,79,97,78,-1,78,97,98,-1,78,98,77,-1,77,98,99,-1,77,99,76,-1,76,99,100,-1,76,100,75,-1,74,75,101,-1,101,75,100,-1,73,74,86,-1,86,74,101,-1,102,103,104,-1,104,103,105,-1,103,106,105,-1,105,106,107,-1,106,108,107,-1,107,108,109,-1,108,110,109,-1,109,110,111,-1,110,112,111,-1,111,112,113,-1,112,114,113,-1,113,114,115,-1,114,116,115,-1,115,116,117,-1,116,118,117,-1,117,118,119,-1,118,120,119,-1,119,120,121,-1,120,122,121,-1,121,122,123,-1,122,124,123,-1,123,124,125,-1,124,102,125,-1,125,102,104,-1,106,103,102,-1,102,124,106,-1,106,124,122,-1,106,122,108,-1,112,110,114,-1,114,110,108,-1,114,108,116,-1,116,108,122,-1,116,122,118,-1,118,122,120,-1,126,127,128,-1,128,127,129,-1,129,127,130,-1,131,132,133,-1,131,133,134,-1,134,133,135,-1,134,135,130,-1,130,135,136,-1,130,136,129,-1,137,138,139,-1,137,139,140,-1,140,139,141,-1,140,141,142,-1,142,141,143,-1,142,143,144,-1,144,143,145,-1,144,145,146,-1,146,145,147,-1,146,147,148,-1,148,147,149,-1,148,149,150,-1,150,149,131,-1,131,149,151,-1,131,151,132,-1,152,153,154,-1,152,154,155,-1,155,154,156,-1,155,156,157,-1,157,156,158,-1,157,158,159,-1,159,158,160,-1,159,160,161,-1,161,160,162,-1,161,162,163,-1,163,162,164,-1,163,164,165,-1,165,164,138,-1,165,138,137,-1,166,167,168,-1,166,168,169,-1,169,168,153,-1,169,153,152,-1,166,170,167,-1,167,170,171,-1,172,173,174,-1,172,174,175,-1,175,174,171,-1,175,171,170,-1,176,177,178,-1,176,178,179,-1,179,178,180,-1,179,180,181,-1,181,180,182,-1,181,182,183,-1,183,182,184,-1,183,184,185,-1,185,184,186,-1,185,186,187,-1,187,186,188,-1,187,188,189,-1,189,188,173,-1,189,173,172,-1,190,191,192,-1,190,192,193,-1,193,192,194,-1,193,194,195,-1,195,194,196,-1,195,196,197,-1,197,196,198,-1,197,198,199,-1,199,198,200,-1,199,200,201,-1,201,200,202,-1,201,202,203,-1,203,202,177,-1,203,177,176,-1,126,128,204,-1,126,204,205,-1,205,204,206,-1,205,206,207,-1,207,206,191,-1,207,191,190,-1,193,131,190,-1,190,131,134,-1,190,134,207,-1,207,134,130,-1,207,130,205,-1,205,130,127,-1,205,127,126,-1,170,166,175,-1,175,166,169,-1,175,169,172,-1,172,169,152,-1,172,152,189,-1,189,152,155,-1,189,155,187,-1,187,155,157,-1,187,157,185,-1,185,157,159,-1,185,159,183,-1,183,159,161,-1,183,161,181,-1,181,161,163,-1,181,163,179,-1,179,163,165,-1,179,165,176,-1,176,165,137,-1,176,137,203,-1,203,137,140,-1,203,140,201,-1,201,140,142,-1,201,142,199,-1,199,142,144,-1,199,144,197,-1,197,144,146,-1,197,146,195,-1,195,146,148,-1,195,148,193,-1,193,148,150,-1,193,150,131,-1,208,209,210,-1,210,209,211,-1,209,212,211,-1,211,212,213,-1,212,214,213,-1,213,214,215,-1,214,216,215,-1,215,216,217,-1,216,218,217,-1,217,218,219,-1,218,208,219,-1,219,208,210,-1,216,214,218,-1,218,214,212,-1,218,212,208,-1,208,212,209,-1,
        ]
    }
}
Shape{
    appearance Appearance {
        material  Material {
            diffuseColor 0.9490196078431372 0.7607843137254902 0.1803921568627451
            specularColor 0.7607843137254902 0.6078431372549019 0.1450980392156863
            ambientIntensity 0.7509
            transparency 0.0
            shininess 0.5
        }
    }
    geometry IndexedFaceSet {
        ccw TRUE
        solid FALSE
        coord DEF co Coordinate {
            point [
                -1.3622 -0.0038 -0.6793, -1.3622 -0.0038 -0.7123, -1.3622 0.0373 -0.694, -1.3622 0.0373 -0.6974, -1.3622 0.0407 -0.695, -1.3622 0.0407 -0.6966, -1.3622 0.0442 -0.6956, -1.3622 0.0442 -0.6959, -1.3622 0.0454 -0.579, -1.3622 -0.0314 -0.579, -1.3622 0.0454 -0.5935, -1.3622 -0.0314 -0.593, -1.3622 -0.0304 -0.6034, -1.3622 0.008 -0.6318, -1.3622 0.0177 -0.631, -1.3622 0.0255 -0.6287, -1.3622 0.0442 -0.6052, -1.3622 -0.0279 -0.6116, -1.3622 -0.0239 -0.6184, -1.3622 -0.0184 -0.6239, -1.3622 -0.0116 -0.628, -1.3622 -0.0024 -0.6309, -1.3622 0.0316 -0.6253, -1.3622 0.0367 -0.6205, -1.3622 0.0413 -0.6133, -2.3622 0.0466 -0.4515, -2.3622 0.0455 -0.4418, -2.3622 -0.0273 -0.4728, -2.3622 0.0574 -0.4514, -2.3622 0.0566 -0.4632, -2.3622 0.0562 -0.4938, -2.3622 -0.0338 -0.4179, -2.3622 -0.026 -0.4105, -2.3622 -0.0422 -0.393, -2.3622 -0.0428 -0.4417, -2.3622 -0.0422 -0.3425, -2.3622 0.0451 -0.4635, -2.3622 -0.0263 -0.4746, -2.3622 0.0403 -0.4746, -2.3622 0.0022 -0.5418, -2.3622 -0.0428 -0.5562, -2.3622 0.013 -0.5418, -2.3622 0.0454 -0.5442, -2.3622 0.013 -0.507, -2.3622 0.0454 -0.507, -2.3622 0.1378 0.1969, -2.3622 0.0562 -0.3425, -2.3622 0.0562 -0.3557, -2.3622 0.0303 -0.4066, -2.3622 0.0395 -0.4123, -2.3622 0.048 -0.4212, -2.3622 0.0534 -0.4306, -2.3622 0.0535 -0.4746, -2.3622 -0.0422 -0.4938, -2.3622 -0.0371 -0.4746, -2.3622 -0.0314 -0.393, -2.3622 -0.0167 -0.4053, -2.3622 -0.0314 -0.3557, -2.3622 0.0562 -0.5442, -2.3622 0.1378 -0.5562, -2.3622 0.0566 -0.4415, -2.3622 -0.0422 -0.4354, -2.3622 -0.0389 -0.4258, -2.3622 0.0429 -0.4345, -2.3622 0.0383 -0.4277, -2.3622 0.0317 -0.4217, -2.3622 0.0059 -0.4146, -2.3622 -0.0047 -0.4156, -2.3622 -0.0132 -0.4182, -2.3622 -0.0316 -0.4401, -2.3622 -0.0326 -0.4493, -2.3622 -0.0289 -0.433, -2.3622 -0.0249 -0.4269, -2.3622 -0.02 -0.4223, -2.3622 -0.0312 -0.4624, -2.3622 0.0022 -0.507, -2.3622 -0.0314 -0.507, -2.3622 -0.0314 -0.5466, -2.3622 -0.0422 -0.5466, -2.3622 -0.0063 -0.4023, -2.3622 0.0051 -0.4014, -2.3622 0.0191 -0.4028, -2.3622 0.0241 -0.4177, -2.3622 0.0136 -0.415, -2.3622 -0.0428 -0.4541, -2.3622 -0.0434 -0.4502, -2.3622 -0.1378 -0.5562, -2.3622 -0.0434 -0.4475, -2.3622 -0.0428 0.1969, -2.3622 -0.1378 0.1969, -2.3622 0.0562 -0.6894, -2.3622 0.0562 -0.7026, -2.3622 -0.0422 -0.5926, -2.3622 -0.0422 -0.5658, -2.3622 0.0562 -0.5658, -2.3622 -0.0422 -0.7266, -2.3622 -0.0422 -0.741, -2.3622 -0.0428 -1.0236, -2.3622 0.1378 -1.0236, -2.3622 0.0562 -0.5936, -2.3622 0.0547 -0.6078, -2.3622 0.0506 -0.6193, -2.3622 0.0435 -0.63, -2.3622 -0.0422 -0.6522, -2.3622 -0.0152 -0.6401, -2.3622 -0.024 -0.6345, -2.3622 0.0434 -0.6301, -2.3622 0.0357 -0.6371, -2.3622 0.0272 -0.6417, -2.3622 -0.0318 -0.6264, -2.3622 -0.0378 -0.6161, -2.3622 -0.0412 -0.6047, -2.3622 -0.0422 -0.6666, -2.3622 -0.0146 -0.676, -2.3622 -0.0146 -0.7167, -2.3622 0.0175 -0.6443, -2.3622 0.0082 -0.645, -2.3622 -0.0049 -0.6436, -2.3622 -0.0414 -0.4641, -2.3622 -0.1378 -1.0236
            ]
        }
        coordIndex [
            0,1,2,-1,2,1,3,-1,2,3,4,-1,4,3,5,-1,4,5,6,-1,6,5,7,-1,8,9,10,-1,10,9,11,-1,10,11,12,-1,13,14,10,-1,10,14,15,-1,10,15,16,-1,12,17,10,-1,10,17,18,-1,10,18,19,-1,19,20,10,-1,10,20,21,-1,10,21,13,-1,22,23,15,-1,15,23,24,-1,15,24,16,-1,25,26,27,-1,28,29,30,-1,31,32,33,-1,34,33,35,-1,25,27,36,-1,36,27,37,-1,36,37,38,-1,39,40,41,-1,41,40,42,-1,41,42,43,-1,43,42,44,-1,45,46,47,-1,48,49,47,-1,47,49,50,-1,47,50,51,-1,29,52,30,-1,30,52,38,-1,30,38,53,-1,53,38,37,-1,53,37,54,-1,33,32,55,-1,55,32,56,-1,55,56,57,-1,58,59,30,-1,30,59,45,-1,30,45,28,-1,28,45,47,-1,28,47,60,-1,60,47,51,-1,34,61,33,-1,33,61,62,-1,33,62,31,-1,26,63,27,-1,27,63,64,-1,27,64,65,-1,66,67,27,-1,27,67,68,-1,69,70,71,-1,71,70,72,-1,68,73,27,-1,27,73,72,-1,27,72,74,-1,74,72,70,-1,75,76,39,-1,39,76,77,-1,39,77,40,-1,40,77,78,-1,40,78,53,-1,56,79,57,-1,57,79,80,-1,57,80,47,-1,47,80,81,-1,47,81,48,-1,65,82,27,-1,27,82,83,-1,27,83,66,-1,84,85,86,-1,86,85,87,-1,86,87,34,-1,46,45,35,-1,35,45,88,-1,35,88,34,-1,34,88,89,-1,34,89,86,-1,59,90,91,-1,92,93,40,-1,58,42,59,-1,59,42,40,-1,59,40,94,-1,94,40,93,-1,95,40,96,-1,96,40,97,-1,96,97,91,-1,91,97,98,-1,91,98,59,-1,94,99,59,-1,59,99,100,-1,59,100,90,-1,90,100,101,-1,90,101,102,-1,103,104,105,-1,102,106,90,-1,90,106,107,-1,90,107,108,-1,105,109,103,-1,103,109,110,-1,103,110,111,-1,111,92,103,-1,103,92,40,-1,103,40,112,-1,112,40,95,-1,112,95,113,-1,113,95,114,-1,108,115,90,-1,90,115,116,-1,90,116,103,-1,103,116,117,-1,103,117,104,-1,54,118,53,-1,53,118,84,-1,53,84,40,-1,40,84,86,-1,40,86,97,-1,97,86,119,-1,
        ]
    }
}
Shape{
    appearance Appearance {
        material  Material {
            diffuseColor 0.17647058823529413 0.17647058823529413 0.17647058823529413
            specularColor 0.050980392156862744 0.050980392156862744 0.050980392156862744
            ambientIntensity 0.251
            transparency 0.0
            shininess 0.5
        }
    }
    geometry IndexedFaceSet {
        ccw TRUE
        solid FALSE
        coord DEF co Coordinate {
            point [
                -2.6378 -0.1378 0.1969, -2.3622 -0.1378 0.1969, -2.0 -0.2638 0.1969, -2.3622 -0.0428 0.1969, -2.0 0.2638 0.1969, -2.3622 0.1378 0.1969, -3.0 0.2638 0.1969, -2.6378 0.1378 0.1969, -3.0 -0.2638 0.1969, -2.8819 -0.5 0.0118, -2.8819 -0.5 0.9843, -3.0 -0.3819 0.0118, -3.0 -0.3819 0.9843, -2.1181 -0.5 0.0118, -2.1181 -0.5 0.9843, -2.0 -0.3819 0.0118, -2.0 -0.3819 0.9843, -2.0 -0.2638 0.0118, -2.0 0.2638 0.0118, -2.0 0.3819 0.0118, -2.0 0.3819 0.9843, -2.1181 0.5 0.0118, -2.1181 0.5 0.9843, -2.8819 0.5 0.0118, -2.8819 0.5 0.9843, -3.0 0.3819 0.0118, -3.0 0.3819 0.9843, -3.0 0.2638 0.0118, -3.0 -0.2638 0.0118, -2.6378 0.1378 0.9843, -2.3622 0.1378 0.9843, -2.3622 -0.1378 0.9843, -2.6378 -0.1378 0.9843
            ]
        }
        coordIndex [
            0,1,2,-1,2,1,3,-1,2,3,4,-1,4,3,5,-1,4,5,6,-1,6,5,7,-1,6,7,8,-1,8,7,0,-1,8,0,2,-1,9,10,11,-1,11,10,12,-1,13,14,9,-1,9,14,10,-1,15,16,13,-1,13,16,14,-1,15,17,2,-1,18,19,4,-1,4,19,20,-1,4,20,2,-1,2,20,16,-1,2,16,15,-1,21,22,19,-1,19,22,20,-1,23,24,21,-1,21,24,22,-1,25,26,23,-1,23,26,24,-1,25,27,6,-1,28,11,8,-1,8,11,12,-1,8,12,6,-1,6,12,26,-1,6,26,25,-1,10,14,16,-1,26,12,10,-1,24,26,22,-1,22,26,29,-1,22,29,20,-1,20,29,30,-1,20,30,16,-1,16,30,31,-1,16,31,10,-1,10,31,32,-1,10,32,26,-1,26,32,29,-1,6,27,4,-1,4,27,18,-1,18,27,25,-1,25,23,18,-1,18,23,21,-1,18,21,19,-1,2,17,8,-1,8,17,28,-1,28,17,15,-1,15,13,28,-1,28,13,9,-1,28,9,11,-1,
        ]
    }
}
Shape{
    appearance Appearance {
        material  Material {
            diffuseColor 0.9490196078431372 0.7607843137254902 0.1803921568627451
            specularColor 0.7607843137254902 0.6078431372549019 0.1450980392156863
            ambientIntensity 0.7509
            transparency 0.0
            shininess 0.5
        }
    }
    geometry IndexedFaceSet {
        ccw TRUE
        solid FALSE
        coord DEF co Coordinate {
            point [
                -2.4016 -0.0984 3.3465, -2.4016 0.0984 3.3465, -2.5984 -0.0984 3.3465, -2.5984 0.0984 3.3465, -2.3622 0.1378 3.189, -2.3622 0.1378 0.9843, -2.6378 0.1378 3.189, -2.6378 0.1378 0.9843, -2.6378 -0.1378 3.189, -2.6378 -0.1378 0.9843, -2.3622 -0.1378 3.189, -2.3622 -0.1378 0.9843, -2.3622 -0.1378 0.1969, -2.6378 -0.1378 0.1969, -2.3622 -0.1378 -0.5562, -2.6378 -0.1378 -1.0236, -2.3622 -0.1378 -1.0236, -2.6378 0.1378 -1.0236, -2.6378 0.1378 0.1969, -2.3622 0.1378 0.1969, -2.3622 0.1378 -0.5562, -2.3622 0.1378 -1.0236, -2.4016 0.0984 -1.1811, -2.4016 -0.0984 -1.1811, -2.5984 0.0984 -1.1811, -2.5984 -0.0984 -1.1811, -2.3622 -0.0428 -1.0236
            ]
        }
        coordIndex [
            0,1,2,-1,2,1,3,-1,4,5,6,-1,6,5,7,-1,6,7,8,-1,8,7,9,-1,8,9,10,-1,10,9,11,-1,10,11,4,-1,4,11,5,-1,12,13,14,-1,14,13,15,-1,14,15,16,-1,15,13,17,-1,17,13,18,-1,18,19,17,-1,17,19,20,-1,17,20,21,-1,22,23,24,-1,24,23,25,-1,23,16,25,-1,25,16,15,-1,16,23,26,-1,26,23,22,-1,26,22,21,-1,17,24,15,-1,15,24,25,-1,24,17,22,-1,22,17,21,-1,6,3,4,-1,4,3,1,-1,8,2,6,-1,6,2,3,-1,0,10,1,-1,1,10,4,-1,10,0,8,-1,8,0,2,-1,
        ]
    }
}
Shape{
    appearance Appearance {
        material  Material {
            diffuseColor 0.0 0.0 0.0
            specularColor 0.0 0.0 0.0
            ambientIntensity 0.0
            transparency 0.0
            shininess 0.5
        }
    }
    geometry IndexedFaceSet {
        ccw TRUE
        solid FALSE
        coord DEF co Coordinate {
            point [
                -2.3661 0.0562 -0.7026, -2.3661 -0.0422 -0.741, -2.3622 0.0562 -0.7026, -2.3622 -0.0422 -0.741, -2.3661 -0.0422 -0.7266, -2.3622 -0.0422 -0.7266, -2.3661 -0.0146 -0.7167, -2.3622 -0.0146 -0.7167, -2.3661 -0.0146 -0.676, -2.3622 -0.0146 -0.676, -2.3661 -0.0422 -0.6666, -2.3622 -0.0422 -0.6666, -2.3661 -0.0422 -0.6522, -2.3622 -0.0422 -0.6522, -2.3661 0.0562 -0.6894, -2.3622 0.0562 -0.6894, -2.3661 -0.0038 -0.6793, -2.3661 -0.0038 -0.7123, -2.3661 0.0373 -0.694, -2.3661 0.0407 -0.695, -2.3661 0.0442 -0.6956, -2.3661 0.0442 -0.6959, -2.3661 0.0407 -0.6966, -2.3661 0.0373 -0.6974, -2.3622 -0.0038 -0.6793, -2.3622 -0.0038 -0.7123, -2.3622 0.0373 -0.694, -2.3622 0.0407 -0.695, -2.3622 0.0442 -0.6956, -2.3622 0.0442 -0.6959, -2.3622 0.0407 -0.6966, -2.3622 0.0373 -0.6974, -2.3661 -0.0422 -0.5926, -2.3661 -0.0422 -0.5658, -2.3622 -0.0422 -0.5926, -2.3622 -0.0422 -0.5658, -2.3661 0.0562 -0.5658, -2.3622 0.0562 -0.5658, -2.3661 0.0562 -0.5936, -2.3622 0.0562 -0.5936, -2.3661 0.0082 -0.645, -2.3622 0.0082 -0.645, -2.3622 0.0175 -0.6443, -2.3661 0.0175 -0.6443, -2.3622 0.0272 -0.6417, -2.3661 0.0272 -0.6417, -2.3622 0.0357 -0.6371, -2.3661 0.0357 -0.6371, -2.3622 0.0434 -0.6301, -2.3661 0.0434 -0.6301, -2.3622 0.0435 -0.63, -2.3661 0.0435 -0.63, -2.3622 0.0506 -0.6193, -2.3661 0.0506 -0.6193, -2.3622 0.0547 -0.6078, -2.3661 0.0547 -0.6078, -2.3622 -0.0412 -0.6047, -2.3661 -0.0412 -0.6047, -2.3622 -0.0378 -0.6161, -2.3661 -0.0378 -0.6161, -2.3622 -0.0318 -0.6264, -2.3661 -0.0318 -0.6264, -2.3622 -0.024 -0.6345, -2.3661 -0.024 -0.6345, -2.3622 -0.0152 -0.6401, -2.3661 -0.0152 -0.6401, -2.3622 -0.0049 -0.6436, -2.3661 -0.0049 -0.6436, -2.3661 0.0316 -0.6253, -2.3661 0.0367 -0.6205, -2.3661 0.0413 -0.6133, -2.3661 0.0442 -0.6052, -2.3661 0.0454 -0.5935, -2.3661 0.0454 -0.579, -2.3661 -0.0314 -0.579, -2.3661 -0.0314 -0.593, -2.3661 -0.0304 -0.6034, -2.3661 -0.0279 -0.6116, -2.3661 -0.0239 -0.6184, -2.3661 -0.0184 -0.6239, -2.3661 -0.0116 -0.628, -2.3661 -0.0024 -0.6309, -2.3661 0.008 -0.6318, -2.3661 0.0177 -0.631, -2.3661 0.0255 -0.6287, -2.3622 0.0454 -0.5935, -2.3622 0.0454 -0.579, -2.3622 0.0442 -0.6052, -2.3622 0.0413 -0.6133, -2.3622 0.0367 -0.6205, -2.3622 0.0316 -0.6253, -2.3622 0.0255 -0.6287, -2.3622 0.0177 -0.631, -2.3622 0.008 -0.6318, -2.3622 -0.0024 -0.6309, -2.3622 -0.0116 -0.628, -2.3622 -0.0184 -0.6239, -2.3622 -0.0239 -0.6184, -2.3622 -0.0279 -0.6116, -2.3622 -0.0304 -0.6034, -2.3622 -0.0314 -0.593, -2.3622 -0.0314 -0.579, -2.3661 -0.0314 -0.5466, -2.3661 -0.0422 -0.5466, -2.3622 -0.0314 -0.5466, -2.3622 -0.0422 -0.5466, -2.3661 -0.0422 -0.4938, -2.3622 -0.0422 -0.4938, -2.3661 0.0562 -0.4938, -2.3622 0.0562 -0.4938, -2.3661 0.0562 -0.5442, -2.3622 0.0562 -0.5442, -2.3661 0.0454 -0.5442, -2.3622 0.0454 -0.5442, -2.3661 0.0454 -0.507, -2.3622 0.0454 -0.507, -2.3661 0.013 -0.507, -2.3622 0.013 -0.507, -2.3661 0.013 -0.5418, -2.3622 0.013 -0.5418, -2.3661 0.0022 -0.5418, -2.3622 0.0022 -0.5418, -2.3661 0.0022 -0.507, -2.3622 0.0022 -0.507, -2.3661 -0.0314 -0.507, -2.3622 -0.0314 -0.507, -2.3661 -0.0263 -0.4746, -2.3661 -0.0371 -0.4746, -2.3622 -0.0263 -0.4746, -2.3622 -0.0371 -0.4746, -2.3661 -0.0414 -0.4641, -2.3661 -0.0434 -0.4475, -2.3622 -0.0434 -0.4475, -2.3622 -0.0434 -0.4502, -2.3661 -0.0434 -0.4502, -2.3622 -0.0428 -0.4541, -2.3622 -0.0414 -0.4641, -2.3661 0.0051 -0.4014, -2.3622 0.0051 -0.4014, -2.3622 -0.0063 -0.4023, -2.3661 -0.0063 -0.4023, -2.3622 -0.0167 -0.4053, -2.3661 -0.0167 -0.4053, -2.3622 -0.026 -0.4105, -2.3661 -0.026 -0.4105, -2.3622 -0.0338 -0.4179, -2.3661 -0.0338 -0.4179, -2.3622 -0.0389 -0.4258, -2.3661 -0.0389 -0.4258, -2.3622 -0.0422 -0.4354, -2.3661 -0.0422 -0.4354, -2.3622 -0.0428 -0.4417, -2.3661 0.0574 -0.4514, -2.3622 0.0574 -0.4514, -2.3622 0.0566 -0.4415, -2.3661 0.0566 -0.4415, -2.3622 0.0534 -0.4306, -2.3661 0.0534 -0.4306, -2.3622 0.048 -0.4212, -2.3661 0.048 -0.4212, -2.3622 0.0395 -0.4123, -2.3661 0.0395 -0.4123, -2.3622 0.0303 -0.4066, -2.3661 0.0303 -0.4066, -2.3622 0.0191 -0.4028, -2.3661 0.0191 -0.4028, -2.3661 0.0535 -0.4746, -2.3622 0.0535 -0.4746, -2.3622 0.0566 -0.4632, -2.3661 0.0566 -0.4632, -2.3661 0.0403 -0.4746, -2.3622 0.0403 -0.4746, -2.3661 0.0466 -0.4515, -2.3622 0.0466 -0.4515, -2.3622 0.0451 -0.4635, -2.3661 0.0451 -0.4635, -2.3661 0.0059 -0.4146, -2.3622 0.0059 -0.4146, -2.3622 0.0136 -0.415, -2.3661 0.0136 -0.415, -2.3622 0.0241 -0.4177, -2.3661 0.0241 -0.4177, -2.3622 0.0317 -0.4217, -2.3661 0.0317 -0.4217, -2.3622 0.0383 -0.4277, -2.3661 0.0383 -0.4277, -2.3622 0.0429 -0.4345, -2.3661 0.0429 -0.4345, -2.3622 0.0455 -0.4418, -2.3661 0.0455 -0.4418, -2.3661 -0.0326 -0.4493, -2.3622 -0.0326 -0.4493, -2.3622 -0.0316 -0.4401, -2.3661 -0.0316 -0.4401, -2.3622 -0.0289 -0.433, -2.3661 -0.0289 -0.433, -2.3622 -0.0249 -0.4269, -2.3661 -0.0249 -0.4269, -2.3622 -0.02 -0.4223, -2.3661 -0.02 -0.4223, -2.3622 -0.0132 -0.4182, -2.3661 -0.0132 -0.4182, -2.3622 -0.0047 -0.4156, -2.3661 -0.0047 -0.4156, -2.3622 -0.0273 -0.4728, -2.3661 -0.0273 -0.4728, -2.3622 -0.0312 -0.4624, -2.3661 -0.0312 -0.4624, -2.3661 -0.0314 -0.393, -2.3661 -0.0422 -0.393, -2.3622 -0.0314 -0.393, -2.3622 -0.0422 -0.393, -2.3661 -0.0422 -0.3425, -2.3622 -0.0422 -0.3425, -2.3661 0.0562 -0.3425, -2.3622 0.0562 -0.3425, -2.3661 0.0562 -0.3557, -2.3622 0.0562 -0.3557, -2.3661 -0.0314 -0.3557, -2.3622 -0.0314 -0.3557
            ]
        }
        coordIndex [
            0,1,2,-1,2,1,3,-1,1,4,3,-1,3,4,5,-1,4,6,5,-1,5,6,7,-1,6,8,7,-1,7,8,9,-1,8,10,9,-1,9,10,11,-1,10,12,11,-1,11,12,13,-1,12,14,13,-1,13,14,15,-1,14,0,15,-1,15,0,2,-1,16,8,17,-1,17,8,6,-1,18,14,16,-1,16,14,12,-1,16,12,8,-1,8,12,10,-1,18,19,14,-1,14,19,20,-1,14,20,0,-1,0,20,21,-1,0,21,22,-1,22,23,0,-1,0,23,17,-1,0,17,1,-1,1,17,6,-1,1,6,4,-1,16,17,24,-1,24,17,25,-1,18,16,26,-1,26,16,24,-1,18,26,27,-1,18,27,19,-1,19,27,28,-1,19,28,20,-1,21,20,29,-1,29,20,28,-1,21,29,30,-1,21,30,22,-1,22,30,31,-1,22,31,23,-1,17,23,25,-1,25,23,31,-1,32,33,34,-1,34,33,35,-1,33,36,35,-1,35,36,37,-1,36,38,37,-1,37,38,39,-1,40,41,42,-1,40,42,43,-1,43,42,44,-1,43,44,45,-1,45,44,46,-1,45,46,47,-1,47,46,48,-1,47,48,49,-1,49,48,50,-1,49,50,51,-1,51,50,52,-1,51,52,53,-1,53,52,54,-1,53,54,55,-1,55,54,39,-1,55,39,38,-1,32,34,56,-1,32,56,57,-1,57,56,58,-1,57,58,59,-1,59,58,60,-1,59,60,61,-1,61,60,62,-1,61,62,63,-1,63,62,64,-1,63,64,65,-1,65,64,66,-1,65,66,67,-1,67,66,41,-1,67,41,40,-1,45,47,68,-1,68,47,49,-1,68,49,69,-1,69,49,51,-1,69,51,70,-1,70,51,53,-1,70,53,71,-1,71,53,55,-1,71,55,72,-1,72,55,38,-1,72,38,73,-1,73,38,36,-1,73,36,74,-1,74,36,33,-1,74,33,75,-1,75,33,32,-1,75,32,76,-1,76,32,57,-1,76,57,77,-1,77,57,59,-1,77,59,78,-1,78,59,61,-1,78,61,79,-1,79,61,63,-1,79,63,80,-1,80,63,65,-1,80,65,81,-1,81,65,67,-1,81,67,82,-1,82,67,40,-1,82,40,83,-1,83,40,43,-1,83,43,84,-1,84,43,45,-1,84,45,68,-1,72,73,85,-1,85,73,86,-1,72,85,87,-1,72,87,71,-1,71,87,88,-1,71,88,70,-1,70,88,89,-1,70,89,69,-1,69,89,90,-1,69,90,68,-1,68,90,91,-1,68,91,84,-1,84,91,92,-1,84,92,83,-1,83,92,93,-1,83,93,82,-1,82,93,94,-1,82,94,81,-1,81,94,95,-1,81,95,80,-1,80,95,96,-1,80,96,79,-1,79,96,97,-1,79,97,78,-1,78,97,98,-1,78,98,77,-1,77,98,99,-1,77,99,76,-1,76,99,100,-1,76,100,75,-1,74,75,101,-1,101,75,100,-1,73,74,86,-1,86,74,101,-1,102,103,104,-1,104,103,105,-1,103,106,105,-1,105,106,107,-1,106,108,107,-1,107,108,109,-1,108,110,109,-1,109,110,111,-1,110,112,111,-1,111,112,113,-1,112,114,113,-1,113,114,115,-1,114,116,115,-1,115,116,117,-1,116,118,117,-1,117,118,119,-1,118,120,119,-1,119,120,121,-1,120,122,121,-1,121,122,123,-1,122,124,123,-1,123,124,125,-1,124,102,125,-1,125,102,104,-1,106,103,102,-1,102,124,106,-1,106,124,122,-1,106,122,108,-1,112,110,114,-1,114,110,108,-1,114,108,116,-1,116,108,122,-1,116,122,118,-1,118,122,120,-1,126,127,128,-1,128,127,129,-1,129,127,130,-1,131,132,133,-1,131,133,134,-1,134,133,135,-1,134,135,130,-1,130,135,136,-1,130,136,129,-1,137,138,139,-1,137,139,140,-1,140,139,141,-1,140,141,142,-1,142,141,143,-1,142,143,144,-1,144,143,145,-1,144,145,146,-1,146,145,147,-1,146,147,148,-1,148,147,149,-1,148,149,150,-1,150,149,131,-1,131,149,151,-1,131,151,132,-1,152,153,154,-1,152,154,155,-1,155,154,156,-1,155,156,157,-1,157,156,158,-1,157,158,159,-1,159,158,160,-1,159,160,161,-1,161,160,162,-1,161,162,163,-1,163,162,164,-1,163,164,165,-1,165,164,138,-1,165,138,137,-1,166,167,168,-1,166,168,169,-1,169,168,153,-1,169,153,152,-1,166,170,167,-1,167,170,171,-1,172,173,174,-1,172,174,175,-1,175,174,171,-1,175,171,170,-1,176,177,178,-1,176,178,179,-1,179,178,180,-1,179,180,181,-1,181,180,182,-1,181,182,183,-1,183,182,184,-1,183,184,185,-1,185,184,186,-1,185,186,187,-1,187,186,188,-1,187,188,189,-1,189,188,173,-1,189,173,172,-1,190,191,192,-1,190,192,193,-1,193,192,194,-1,193,194,195,-1,195,194,196,-1,195,196,197,-1,197,196,198,-1,197,198,199,-1,199,198,200,-1,199,200,201,-1,201,200,202,-1,201,202,203,-1,203,202,177,-1,203,177,176,-1,126,128,204,-1,126,204,205,-1,205,204,206,-1,205,206,207,-1,207,206,191,-1,207,191,190,-1,193,131,190,-1,190,131,134,-1,190,134,207,-1,207,134,130,-1,207,130,205,-1,205,130,127,-1,205,127,126,-1,170,166,175,-1,175,166,169,-1,175,169,172,-1,172,169,152,-1,172,152,189,-1,189,152,155,-1,189,155,187,-1,187,155,157,-1,187,157,185,-1,185,157,159,-1,185,159,183,-1,183,159,161,-1,183,161,181,-1,181,161,163,-1,181,163,179,-1,179,163,165,-1,179,165,176,-1,176,165,137,-1,176,137,203,-1,203,137,140,-1,203,140,201,-1,201,140,142,-1,201,142,199,-1,199,142,144,-1,199,144,197,-1,197,144,146,-1,197,146,195,-1,195,146,148,-1,195,148,193,-1,193,148,150,-1,193,150,131,-1,208,209,210,-1,210,209,211,-1,209,212,211,-1,211,212,213,-1,212,214,213,-1,213,214,215,-1,214,216,215,-1,215,216,217,-1,216,218,217,-1,217,218,219,-1,218,208,219,-1,219,208,210,-1,216,214,218,-1,218,214,212,-1,218,212,208,-1,208,212,209,-1,
        ]
    }
}
Shape{
    appearance Appearance {
        material  Material {
            diffuseColor 0.9490196078431372 0.7607843137254902 0.1803921568627451
            specularColor 0.7607843137254902 0.6078431372549019 0.1450980392156863
            ambientIntensity 0.7509
            transparency 0.0
            shininess 0.5
        }
    }
    geometry IndexedFaceSet {
        ccw TRUE
        solid FALSE
        coord DEF co Coordinate {
            point [
                -2.3622 -0.0038 -0.6793, -2.3622 -0.0038 -0.7123, -2.3622 0.0373 -0.694, -2.3622 0.0373 -0.6974, -2.3622 0.0407 -0.695, -2.3622 0.0407 -0.6966, -2.3622 0.0442 -0.6956, -2.3622 0.0442 -0.6959, -2.3622 0.0454 -0.579, -2.3622 -0.0314 -0.579, -2.3622 0.0454 -0.5935, -2.3622 -0.0314 -0.593, -2.3622 -0.0304 -0.6034, -2.3622 0.008 -0.6318, -2.3622 0.0177 -0.631, -2.3622 0.0255 -0.6287, -2.3622 0.0442 -0.6052, -2.3622 -0.0279 -0.6116, -2.3622 -0.0239 -0.6184, -2.3622 -0.0184 -0.6239, -2.3622 -0.0116 -0.628, -2.3622 -0.0024 -0.6309, -2.3622 0.0316 -0.6253, -2.3622 0.0367 -0.6205, -2.3622 0.0413 -0.6133, -3.3622 0.0466 -0.4515, -3.3622 0.0455 -0.4418, -3.3622 -0.0273 -0.4728, -3.3622 0.0574 -0.4514, -3.3622 0.0566 -0.4632, -3.3622 0.0562 -0.4938, -3.3622 -0.0338 -0.4179, -3.3622 -0.026 -0.4105, -3.3622 -0.0422 -0.393, -3.3622 -0.0428 -0.4417, -3.3622 -0.0422 -0.3425, -3.3622 0.0451 -0.4635, -3.3622 -0.0263 -0.4746, -3.3622 0.0403 -0.4746, -3.3622 0.0022 -0.5418, -3.3622 -0.0428 -0.5562, -3.3622 0.013 -0.5418, -3.3622 0.0454 -0.5442, -3.3622 0.013 -0.507, -3.3622 0.0454 -0.507, -3.3622 0.1378 0.1969, -3.3622 0.0562 -0.3425, -3.3622 0.0562 -0.3557, -3.3622 0.0303 -0.4066, -3.3622 0.0395 -0.4123, -3.3622 0.048 -0.4212, -3.3622 0.0534 -0.4306, -3.3622 0.0535 -0.4746, -3.3622 -0.0422 -0.4938, -3.3622 -0.0371 -0.4746, -3.3622 -0.0314 -0.393, -3.3622 -0.0167 -0.4053, -3.3622 -0.0314 -0.3557, -3.3622 0.0562 -0.5442, -3.3622 0.1378 -0.5562, -3.3622 0.0566 -0.4415, -3.3622 -0.0422 -0.4354, -3.3622 -0.0389 -0.4258, -3.3622 0.0429 -0.4345, -3.3622 0.0383 -0.4277, -3.3622 0.0317 -0.4217, -3.3622 0.0059 -0.4146, -3.3622 -0.0047 -0.4156, -3.3622 -0.0132 -0.4182, -3.3622 -0.0316 -0.4401, -3.3622 -0.0326 -0.4493, -3.3622 -0.0289 -0.433, -3.3622 -0.0249 -0.4269, -3.3622 -0.02 -0.4223, -3.3622 -0.0312 -0.4624, -3.3622 0.0022 -0.507, -3.3622 -0.0314 -0.507, -3.3622 -0.0314 -0.5466, -3.3622 -0.0422 -0.5466, -3.3622 -0.0063 -0.4023, -3.3622 0.0051 -0.4014, -3.3622 0.0191 -0.4028, -3.3622 0.0241 -0.4177, -3.3622 0.0136 -0.415, -3.3622 -0.0428 -0.4541, -3.3622 -0.0434 -0.4502, -3.3622 -0.1378 -0.5562, -3.3622 -0.0434 -0.4475, -3.3622 -0.0428 0.1969, -3.3622 -0.1378 0.1969, -3.3622 0.0562 -0.6894, -3.3622 0.0562 -0.7026, -3.3622 -0.0422 -0.5926, -3.3622 -0.0422 -0.5658, -3.3622 0.0562 -0.5658, -3.3622 -0.0422 -0.7266, -3.3622 -0.0422 -0.741, -3.3622 -0.0428 -1.0236, -3.3622 0.1378 -1.0236, -3.3622 0.0562 -0.5936, -3.3622 0.0547 -0.6078, -3.3622 0.0506 -0.6193, -3.3622 0.0435 -0.63, -3.3622 -0.0422 -0.6522, -3.3622 -0.0152 -0.6401, -3.3622 -0.024 -0.6345, -3.3622 0.0434 -0.6301, -3.3622 0.0357 -0.6371, -3.3622 0.0272 -0.6417, -3.3622 -0.0318 -0.6264, -3.3622 -0.0378 -0.6161, -3.3622 -0.0412 -0.6047, -3.3622 -0.0422 -0.6666, -3.3622 -0.0146 -0.676, -3.3622 -0.0146 -0.7167, -3.3622 0.0175 -0.6443, -3.3622 0.0082 -0.645, -3.3622 -0.0049 -0.6436, -3.3622 -0.0414 -0.4641, -3.3622 -0.1378 -1.0236
            ]
        }
        coordIndex [
            0,1,2,-1,2,1,3,-1,2,3,4,-1,4,3,5,-1,4,5,6,-1,6,5,7,-1,8,9,10,-1,10,9,11,-1,10,11,12,-1,13,14,10,-1,10,14,15,-1,10,15,16,-1,12,17,10,-1,10,17,18,-1,10,18,19,-1,19,20,10,-1,10,20,21,-1,10,21,13,-1,22,23,15,-1,15,23,24,-1,15,24,16,-1,25,26,27,-1,28,29,30,-1,31,32,33,-1,34,33,35,-1,25,27,36,-1,36,27,37,-1,36,37,38,-1,39,40,41,-1,41,40,42,-1,41,42,43,-1,43,42,44,-1,45,46,47,-1,48,49,47,-1,47,49,50,-1,47,50,51,-1,29,52,30,-1,30,52,38,-1,30,38,53,-1,53,38,37,-1,53,37,54,-1,33,32,55,-1,55,32,56,-1,55,56,57,-1,58,59,30,-1,30,59,45,-1,30,45,28,-1,28,45,47,-1,28,47,60,-1,60,47,51,-1,34,61,33,-1,33,61,62,-1,33,62,31,-1,26,63,27,-1,27,63,64,-1,27,64,65,-1,66,67,27,-1,27,67,68,-1,69,70,71,-1,71,70,72,-1,68,73,27,-1,27,73,72,-1,27,72,74,-1,74,72,70,-1,75,76,39,-1,39,76,77,-1,39,77,40,-1,40,77,78,-1,40,78,53,-1,56,79,57,-1,57,79,80,-1,57,80,47,-1,47,80,81,-1,47,81,48,-1,65,82,27,-1,27,82,83,-1,27,83,66,-1,84,85,86,-1,86,85,87,-1,86,87,34,-1,46,45,35,-1,35,45,88,-1,35,88,34,-1,34,88,89,-1,34,89,86,-1,59,90,91,-1,92,93,40,-1,58,42,59,-1,59,42,40,-1,59,40,94,-1,94,40,93,-1,95,40,96,-1,96,40,97,-1,96,97,91,-1,91,97,98,-1,91,98,59,-1,94,99,59,-1,59,99,100,-1,59,100,90,-1,90,100,101,-1,90,101,102,-1,103,104,105,-1,102,106,90,-1,90,106,107,-1,90,107,108,-1,105,109,103,-1,103,109,110,-1,103,110,111,-1,111,92,103,-1,103,92,40,-1,103,40,112,-1,112,40,95,-1,112,95,113,-1,113,95,114,-1,108,115,90,-1,90,115,116,-1,90,116,103,-1,103,116,117,-1,103,117,104,-1,54,118,53,-1,53,118,84,-1,53,84,40,-1,40,84,86,-1,40,86,97,-1,97,86,119,-1,
        ]
    }
}
Shape{
    appearance Appearance {
        material  Material {
            diffuseColor 0.17647058823529413 0.17647058823529413 0.17647058823529413
            specularColor 0.050980392156862744 0.050980392156862744 0.050980392156862744
            ambientIntensity 0.251
            transparency 0.0
            shininess 0.5
        }
    }
    geometry IndexedFaceSet {
        ccw TRUE
        solid FALSE
        coord DEF co Coordinate {
            point [
                -3.6378 -0.1378 0.1969, -3.3622 -0.1378 0.1969, -3.0 -0.2638 0.1969, -3.3622 -0.0428 0.1969, -3.0 0.2638 0.1969, -3.3622 0.1378 0.1969, -4.0 0.2638 0.1969, -3.6378 0.1378 0.1969, -4.0 -0.2638 0.1969, -3.8819 -0.5 0.0118, -3.8819 -0.5 0.9843, -4.0 -0.3819 0.0118, -4.0 -0.3819 0.9843, -3.1181 -0.5 0.0118, -3.1181 -0.5 0.9843, -3.0 -0.3819 0.0118, -3.0 -0.3819 0.9843, -3.0 -0.2638 0.0118, -3.0 0.2638 0.0118, -3.0 0.3819 0.0118, -3.0 0.3819 0.9843, -3.1181 0.5 0.0118, -3.1181 0.5 0.9843, -3.8819 0.5 0.0118, -3.8819 0.5 0.9843, -4.0 0.3819 0.0118, -4.0 0.3819 0.9843, -4.0 0.2638 0.0118, -4.0 -0.2638 0.0118, -3.6378 0.1378 0.9843, -3.6378 -0.1378 0.9843, -3.3622 -0.1378 0.9843, -3.3622 0.1378 0.9843
            ]
        }
        coordIndex [
            0,1,2,-1,2,1,3,-1,2,3,4,-1,4,3,5,-1,4,5,6,-1,6,5,7,-1,6,7,8,-1,8,7,0,-1,8,0,2,-1,9,10,11,-1,11,10,12,-1,13,14,9,-1,9,14,10,-1,15,16,13,-1,13,16,14,-1,15,17,2,-1,18,19,4,-1,4,19,20,-1,4,20,2,-1,2,20,16,-1,2,16,15,-1,21,22,19,-1,19,22,20,-1,23,24,21,-1,21,24,22,-1,25,26,23,-1,23,26,24,-1,25,27,6,-1,28,11,8,-1,8,11,12,-1,8,12,6,-1,6,12,26,-1,6,26,25,-1,10,14,16,-1,29,26,30,-1,30,26,12,-1,30,12,31,-1,12,10,31,-1,31,10,16,-1,31,16,32,-1,32,16,20,-1,32,20,29,-1,29,20,22,-1,29,22,26,-1,26,22,24,-1,6,27,4,-1,4,27,18,-1,23,21,25,-1,25,21,19,-1,25,19,27,-1,27,19,18,-1,2,17,8,-1,8,17,28,-1,28,17,15,-1,15,13,28,-1,28,13,9,-1,28,9,11,-1,
        ]
    }
}
Shape{
    appearance Appearance {
        material  Material {
            diffuseColor 0.9490196078431372 0.7607843137254902 0.1803921568627451
            specularColor 0.7607843137254902 0.6078431372549019 0.1450980392156863
            ambientIntensity 0.7509
            transparency 0.0
            shininess 0.5
        }
    }
    geometry IndexedFaceSet {
        ccw TRUE
        solid FALSE
        coord DEF co Coordinate {
            point [
                -3.4016 -0.0984 3.3465, -3.4016 0.0984 3.3465, -3.5984 -0.0984 3.3465, -3.5984 0.0984 3.3465, -3.3622 0.1378 3.189, -3.3622 0.1378 0.9843, -3.6378 0.1378 3.189, -3.6378 0.1378 0.9843, -3.6378 -0.1378 3.189, -3.6378 -0.1378 0.9843, -3.3622 -0.1378 3.189, -3.3622 -0.1378 0.9843, -3.3622 -0.1378 0.1969, -3.6378 -0.1378 0.1969, -3.3622 -0.1378 -0.5562, -3.6378 -0.1378 -1.0236, -3.3622 -0.1378 -1.0236, -3.6378 0.1378 -1.0236, -3.6378 0.1378 0.1969, -3.3622 0.1378 0.1969, -3.3622 0.1378 -0.5562, -3.3622 0.1378 -1.0236, -3.4016 0.0984 -1.1811, -3.4016 -0.0984 -1.1811, -3.5984 0.0984 -1.1811, -3.5984 -0.0984 -1.1811, -3.3622 -0.0428 -1.0236
            ]
        }
        coordIndex [
            0,1,2,-1,2,1,3,-1,4,5,6,-1,6,5,7,-1,6,7,8,-1,8,7,9,-1,8,9,10,-1,10,9,11,-1,10,11,4,-1,4,11,5,-1,12,13,14,-1,14,13,15,-1,14,15,16,-1,15,13,17,-1,17,13,18,-1,18,19,17,-1,17,19,20,-1,17,20,21,-1,22,23,24,-1,24,23,25,-1,23,16,25,-1,25,16,15,-1,16,23,26,-1,26,23,22,-1,26,22,21,-1,17,24,15,-1,15,24,25,-1,24,17,22,-1,22,17,21,-1,6,3,4,-1,4,3,1,-1,8,2,6,-1,6,2,3,-1,0,10,1,-1,1,10,4,-1,10,0,8,-1,8,0,2,-1,
        ]
    }
}
Shape{
    appearance Appearance {
        material  Material {
            diffuseColor 0.0 0.0 0.0
            specularColor 0.0 0.0 0.0
            ambientIntensity 0.0
            transparency 0.0
            shininess 0.5
        }
    }
    geometry IndexedFaceSet {
        ccw TRUE
        solid FALSE
        coord DEF co Coordinate {
            point [
                -3.3661 0.0562 -0.7026, -3.3661 -0.0422 -0.741, -3.3622 0.0562 -0.7026, -3.3622 -0.0422 -0.741, -3.3661 -0.0422 -0.7266, -3.3622 -0.0422 -0.7266, -3.3661 -0.0146 -0.7167, -3.3622 -0.0146 -0.7167, -3.3661 -0.0146 -0.676, -3.3622 -0.0146 -0.676, -3.3661 -0.0422 -0.6666, -3.3622 -0.0422 -0.6666, -3.3661 -0.0422 -0.6522, -3.3622 -0.0422 -0.6522, -3.3661 0.0562 -0.6894, -3.3622 0.0562 -0.6894, -3.3661 -0.0038 -0.6793, -3.3661 -0.0038 -0.7123, -3.3661 0.0373 -0.694, -3.3661 0.0407 -0.695, -3.3661 0.0442 -0.6956, -3.3661 0.0442 -0.6959, -3.3661 0.0407 -0.6966, -3.3661 0.0373 -0.6974, -3.3622 -0.0038 -0.6793, -3.3622 -0.0038 -0.7123, -3.3622 0.0373 -0.694, -3.3622 0.0407 -0.695, -3.3622 0.0442 -0.6956, -3.3622 0.0442 -0.6959, -3.3622 0.0407 -0.6966, -3.3622 0.0373 -0.6974, -3.3661 -0.0422 -0.5926, -3.3661 -0.0422 -0.5658, -3.3622 -0.0422 -0.5926, -3.3622 -0.0422 -0.5658, -3.3661 0.0562 -0.5658, -3.3622 0.0562 -0.5658, -3.3661 0.0562 -0.5936, -3.3622 0.0562 -0.5936, -3.3661 0.0082 -0.645, -3.3622 0.0082 -0.645, -3.3622 0.0175 -0.6443, -3.3661 0.0175 -0.6443, -3.3622 0.0272 -0.6417, -3.3661 0.0272 -0.6417, -3.3622 0.0357 -0.6371, -3.3661 0.0357 -0.6371, -3.3622 0.0434 -0.6301, -3.3661 0.0434 -0.6301, -3.3622 0.0435 -0.63, -3.3661 0.0435 -0.63, -3.3622 0.0506 -0.6193, -3.3661 0.0506 -0.6193, -3.3622 0.0547 -0.6078, -3.3661 0.0547 -0.6078, -3.3622 -0.0412 -0.6047, -3.3661 -0.0412 -0.6047, -3.3622 -0.0378 -0.6161, -3.3661 -0.0378 -0.6161, -3.3622 -0.0318 -0.6264, -3.3661 -0.0318 -0.6264, -3.3622 -0.024 -0.6345, -3.3661 -0.024 -0.6345, -3.3622 -0.0152 -0.6401, -3.3661 -0.0152 -0.6401, -3.3622 -0.0049 -0.6436, -3.3661 -0.0049 -0.6436, -3.3661 0.0316 -0.6253, -3.3661 0.0367 -0.6205, -3.3661 0.0413 -0.6133, -3.3661 0.0442 -0.6052, -3.3661 0.0454 -0.5935, -3.3661 0.0454 -0.579, -3.3661 -0.0314 -0.579, -3.3661 -0.0314 -0.593, -3.3661 -0.0304 -0.6034, -3.3661 -0.0279 -0.6116, -3.3661 -0.0239 -0.6184, -3.3661 -0.0184 -0.6239, -3.3661 -0.0116 -0.628, -3.3661 -0.0024 -0.6309, -3.3661 0.008 -0.6318, -3.3661 0.0177 -0.631, -3.3661 0.0255 -0.6287, -3.3622 0.0454 -0.5935, -3.3622 0.0454 -0.579, -3.3622 0.0442 -0.6052, -3.3622 0.0413 -0.6133, -3.3622 0.0367 -0.6205, -3.3622 0.0316 -0.6253, -3.3622 0.0255 -0.6287, -3.3622 0.0177 -0.631, -3.3622 0.008 -0.6318, -3.3622 -0.0024 -0.6309, -3.3622 -0.0116 -0.628, -3.3622 -0.0184 -0.6239, -3.3622 -0.0239 -0.6184, -3.3622 -0.0279 -0.6116, -3.3622 -0.0304 -0.6034, -3.3622 -0.0314 -0.593, -3.3622 -0.0314 -0.579, -3.3661 -0.0314 -0.5466, -3.3661 -0.0422 -0.5466, -3.3622 -0.0314 -0.5466, -3.3622 -0.0422 -0.5466, -3.3661 -0.0422 -0.4938, -3.3622 -0.0422 -0.4938, -3.3661 0.0562 -0.4938, -3.3622 0.0562 -0.4938, -3.3661 0.0562 -0.5442, -3.3622 0.0562 -0.5442, -3.3661 0.0454 -0.5442, -3.3622 0.0454 -0.5442, -3.3661 0.0454 -0.507, -3.3622 0.0454 -0.507, -3.3661 0.013 -0.507, -3.3622 0.013 -0.507, -3.3661 0.013 -0.5418, -3.3622 0.013 -0.5418, -3.3661 0.0022 -0.5418, -3.3622 0.0022 -0.5418, -3.3661 0.0022 -0.507, -3.3622 0.0022 -0.507, -3.3661 -0.0314 -0.507, -3.3622 -0.0314 -0.507, -3.3661 -0.0263 -0.4746, -3.3661 -0.0371 -0.4746, -3.3622 -0.0263 -0.4746, -3.3622 -0.0371 -0.4746, -3.3661 -0.0414 -0.4641, -3.3661 -0.0434 -0.4475, -3.3622 -0.0434 -0.4475, -3.3622 -0.0434 -0.4502, -3.3661 -0.0434 -0.4502, -3.3622 -0.0428 -0.4541, -3.3622 -0.0414 -0.4641, -3.3661 0.0051 -0.4014, -3.3622 0.0051 -0.4014, -3.3622 -0.0063 -0.4023, -3.3661 -0.0063 -0.4023, -3.3622 -0.0167 -0.4053, -3.3661 -0.0167 -0.4053, -3.3622 -0.026 -0.4105, -3.3661 -0.026 -0.4105, -3.3622 -0.0338 -0.4179, -3.3661 -0.0338 -0.4179, -3.3622 -0.0389 -0.4258, -3.3661 -0.0389 -0.4258, -3.3622 -0.0422 -0.4354, -3.3661 -0.0422 -0.4354, -3.3622 -0.0428 -0.4417, -3.3661 0.0574 -0.4514, -3.3622 0.0574 -0.4514, -3.3622 0.0566 -0.4415, -3.3661 0.0566 -0.4415, -3.3622 0.0534 -0.4306, -3.3661 0.0534 -0.4306, -3.3622 0.048 -0.4212, -3.3661 0.048 -0.4212, -3.3622 0.0395 -0.4123, -3.3661 0.0395 -0.4123, -3.3622 0.0303 -0.4066, -3.3661 0.0303 -0.4066, -3.3622 0.0191 -0.4028, -3.3661 0.0191 -0.4028, -3.3661 0.0535 -0.4746, -3.3622 0.0535 -0.4746, -3.3622 0.0566 -0.4632, -3.3661 0.0566 -0.4632, -3.3661 0.0403 -0.4746, -3.3622 0.0403 -0.4746, -3.3661 0.0466 -0.4515, -3.3622 0.0466 -0.4515, -3.3622 0.0451 -0.4635, -3.3661 0.0451 -0.4635, -3.3661 0.0059 -0.4146, -3.3622 0.0059 -0.4146, -3.3622 0.0136 -0.415, -3.3661 0.0136 -0.415, -3.3622 0.0241 -0.4177, -3.3661 0.0241 -0.4177, -3.3622 0.0317 -0.4217, -3.3661 0.0317 -0.4217, -3.3622 0.0383 -0.4277, -3.3661 0.0383 -0.4277, -3.3622 0.0429 -0.4345, -3.3661 0.0429 -0.4345, -3.3622 0.0455 -0.4418, -3.3661 0.0455 -0.4418, -3.3661 -0.0326 -0.4493, -3.3622 -0.0326 -0.4493, -3.3622 -0.0316 -0.4401, -3.3661 -0.0316 -0.4401, -3.3622 -0.0289 -0.433, -3.3661 -0.0289 -0.433, -3.3622 -0.0249 -0.4269, -3.3661 -0.0249 -0.4269, -3.3622 -0.02 -0.4223, -3.3661 -0.02 -0.4223, -3.3622 -0.0132 -0.4182, -3.3661 -0.0132 -0.4182, -3.3622 -0.0047 -0.4156, -3.3661 -0.0047 -0.4156, -3.3622 -0.0273 -0.4728, -3.3661 -0.0273 -0.4728, -3.3622 -0.0312 -0.4624, -3.3661 -0.0312 -0.4624, -3.3661 -0.0314 -0.393, -3.3661 -0.0422 -0.393, -3.3622 -0.0314 -0.393, -3.3622 -0.0422 -0.393, -3.3661 -0.0422 -0.3425, -3.3622 -0.0422 -0.3425, -3.3661 0.0562 -0.3425, -3.3622 0.0562 -0.3425, -3.3661 0.0562 -0.3557, -3.3622 0.0562 -0.3557, -3.3661 -0.0314 -0.3557, -3.3622 -0.0314 -0.3557
            ]
        }
        coordIndex [
            0,1,2,-1,2,1,3,-1,1,4,3,-1,3,4,5,-1,4,6,5,-1,5,6,7,-1,6,8,7,-1,7,8,9,-1,8,10,9,-1,9,10,11,-1,10,12,11,-1,11,12,13,-1,12,14,13,-1,13,14,15,-1,14,0,15,-1,15,0,2,-1,16,8,17,-1,17,8,6,-1,18,14,16,-1,16,14,12,-1,16,12,8,-1,8,12,10,-1,18,19,14,-1,14,19,20,-1,14,20,0,-1,0,20,21,-1,0,21,22,-1,22,23,0,-1,0,23,17,-1,0,17,1,-1,1,17,6,-1,1,6,4,-1,16,17,24,-1,24,17,25,-1,18,16,26,-1,26,16,24,-1,18,26,27,-1,18,27,19,-1,19,27,28,-1,19,28,20,-1,21,20,29,-1,29,20,28,-1,21,29,30,-1,21,30,22,-1,22,30,31,-1,22,31,23,-1,17,23,25,-1,25,23,31,-1,32,33,34,-1,34,33,35,-1,33,36,35,-1,35,36,37,-1,36,38,37,-1,37,38,39,-1,40,41,42,-1,40,42,43,-1,43,42,44,-1,43,44,45,-1,45,44,46,-1,45,46,47,-1,47,46,48,-1,47,48,49,-1,49,48,50,-1,49,50,51,-1,51,50,52,-1,51,52,53,-1,53,52,54,-1,53,54,55,-1,55,54,39,-1,55,39,38,-1,32,34,56,-1,32,56,57,-1,57,56,58,-1,57,58,59,-1,59,58,60,-1,59,60,61,-1,61,60,62,-1,61,62,63,-1,63,62,64,-1,63,64,65,-1,65,64,66,-1,65,66,67,-1,67,66,41,-1,67,41,40,-1,45,47,68,-1,68,47,49,-1,68,49,69,-1,69,49,51,-1,69,51,70,-1,70,51,53,-1,70,53,71,-1,71,53,55,-1,71,55,72,-1,72,55,38,-1,72,38,73,-1,73,38,36,-1,73,36,74,-1,74,36,33,-1,74,33,75,-1,75,33,32,-1,75,32,76,-1,76,32,57,-1,76,57,77,-1,77,57,59,-1,77,59,78,-1,78,59,61,-1,78,61,79,-1,79,61,63,-1,79,63,80,-1,80,63,65,-1,80,65,81,-1,81,65,67,-1,81,67,82,-1,82,67,40,-1,82,40,83,-1,83,40,43,-1,83,43,84,-1,84,43,45,-1,84,45,68,-1,72,73,85,-1,85,73,86,-1,72,85,87,-1,72,87,71,-1,71,87,88,-1,71,88,70,-1,70,88,89,-1,70,89,69,-1,69,89,90,-1,69,90,68,-1,68,90,91,-1,68,91,84,-1,84,91,92,-1,84,92,83,-1,83,92,93,-1,83,93,82,-1,82,93,94,-1,82,94,81,-1,81,94,95,-1,81,95,80,-1,80,95,96,-1,80,96,79,-1,79,96,97,-1,79,97,78,-1,78,97,98,-1,78,98,77,-1,77,98,99,-1,77,99,76,-1,76,99,100,-1,76,100,75,-1,74,75,101,-1,101,75,100,-1,73,74,86,-1,86,74,101,-1,102,103,104,-1,104,103,105,-1,103,106,105,-1,105,106,107,-1,106,108,107,-1,107,108,109,-1,108,110,109,-1,109,110,111,-1,110,112,111,-1,111,112,113,-1,112,114,113,-1,113,114,115,-1,114,116,115,-1,115,116,117,-1,116,118,117,-1,117,118,119,-1,118,120,119,-1,119,120,121,-1,120,122,121,-1,121,122,123,-1,122,124,123,-1,123,124,125,-1,124,102,125,-1,125,102,104,-1,106,103,102,-1,102,124,106,-1,106,124,122,-1,106,122,108,-1,112,110,114,-1,114,110,108,-1,114,108,116,-1,116,108,122,-1,116,122,118,-1,118,122,120,-1,126,127,128,-1,128,127,129,-1,129,127,130,-1,131,132,133,-1,131,133,134,-1,134,133,135,-1,134,135,130,-1,130,135,136,-1,130,136,129,-1,137,138,139,-1,137,139,140,-1,140,139,141,-1,140,141,142,-1,142,141,143,-1,142,143,144,-1,144,143,145,-1,144,145,146,-1,146,145,147,-1,146,147,148,-1,148,147,149,-1,148,149,150,-1,150,149,131,-1,131,149,151,-1,131,151,132,-1,152,153,154,-1,152,154,155,-1,155,154,156,-1,155,156,157,-1,157,156,158,-1,157,158,159,-1,159,158,160,-1,159,160,161,-1,161,160,162,-1,161,162,163,-1,163,162,164,-1,163,164,165,-1,165,164,138,-1,165,138,137,-1,166,167,168,-1,166,168,169,-1,169,168,153,-1,169,153,152,-1,166,170,167,-1,167,170,171,-1,172,173,174,-1,172,174,175,-1,175,174,171,-1,175,171,170,-1,176,177,178,-1,176,178,179,-1,179,178,180,-1,179,180,181,-1,181,180,182,-1,181,182,183,-1,183,182,184,-1,183,184,185,-1,185,184,186,-1,185,186,187,-1,187,186,188,-1,187,188,189,-1,189,188,173,-1,189,173,172,-1,190,191,192,-1,190,192,193,-1,193,192,194,-1,193,194,195,-1,195,194,196,-1,195,196,197,-1,197,196,198,-1,197,198,199,-1,199,198,200,-1,199,200,201,-1,201,200,202,-1,201,202,203,-1,203,202,177,-1,203,177,176,-1,126,128,204,-1,126,204,205,-1,205,204,206,-1,205,206,207,-1,207,206,191,-1,207,191,190,-1,193,131,190,-1,190,131,134,-1,190,134,207,-1,207,134,130,-1,207,130,205,-1,205,130,127,-1,205,127,126,-1,170,166,175,-1,175,166,169,-1,175,169,172,-1,172,169,152,-1,172,152,189,-1,189,152,155,-1,189,155,187,-1,187,155,157,-1,187,157,185,-1,185,157,159,-1,185,159,183,-1,183,159,161,-1,183,161,181,-1,181,161,163,-1,181,163,179,-1,179,163,165,-1,179,165,176,-1,176,165,137,-1,176,137,203,-1,203,137,140,-1,203,140,201,-1,201,140,142,-1,201,142,199,-1,199,142,144,-1,199,144,197,-1,197,144,146,-1,197,146,195,-1,195,146,148,-1,195,148,193,-1,193,148,150,-1,193,150,131,-1,208,209,210,-1,210,209,211,-1,209,212,211,-1,211,212,213,-1,212,214,213,-1,213,214,215,-1,214,216,215,-1,215,216,217,-1,216,218,217,-1,217,218,219,-1,218,208,219,-1,219,208,210,-1,216,214,218,-1,218,214,212,-1,218,212,208,-1,208,212,209,-1,
        ]
    }
}
Shape{
    appearance Appearance {
        material  Material {
            diffuseColor 0.9490196078431372 0.7607843137254902 0.1803921568627451
            specularColor 0.7607843137254902 0.6078431372549019 0.1450980392156863
            ambientIntensity 0.7509
            transparency 0.0
            shininess 0.5
        }
    }
    geometry IndexedFaceSet {
        ccw TRUE
        solid FALSE
        coord DEF co Coordinate {
            point [
                -3.3622 -0.0038 -0.6793, -3.3622 -0.0038 -0.7123, -3.3622 0.0373 -0.694, -3.3622 0.0373 -0.6974, -3.3622 0.0407 -0.695, -3.3622 0.0407 -0.6966, -3.3622 0.0442 -0.6956, -3.3622 0.0442 -0.6959, -3.3622 0.0454 -0.579, -3.3622 -0.0314 -0.579, -3.3622 0.0454 -0.5935, -3.3622 -0.0314 -0.593, -3.3622 -0.0304 -0.6034, -3.3622 0.008 -0.6318, -3.3622 0.0177 -0.631, -3.3622 0.0255 -0.6287, -3.3622 0.0442 -0.6052, -3.3622 -0.0279 -0.6116, -3.3622 -0.0239 -0.6184, -3.3622 -0.0184 -0.6239, -3.3622 -0.0116 -0.628, -3.3622 -0.0024 -0.6309, -3.3622 0.0316 -0.6253, -3.3622 0.0367 -0.6205, -3.3622 0.0413 -0.6133, -4.3622 0.0466 -0.4515, -4.3622 0.0455 -0.4418, -4.3622 -0.0273 -0.4728, -4.3622 0.0574 -0.4514, -4.3622 0.0566 -0.4632, -4.3622 0.0562 -0.4938, -4.3622 -0.0338 -0.4179, -4.3622 -0.026 -0.4105, -4.3622 -0.0422 -0.393, -4.3622 -0.0428 -0.4417, -4.3622 -0.0422 -0.3425, -4.3622 0.0451 -0.4635, -4.3622 -0.0263 -0.4746, -4.3622 0.0403 -0.4746, -4.3622 0.0022 -0.5418, -4.3622 -0.0428 -0.5562, -4.3622 0.013 -0.5418, -4.3622 0.0454 -0.5442, -4.3622 0.013 -0.507, -4.3622 0.0454 -0.507, -4.3622 0.1378 0.1969, -4.3622 0.0562 -0.3425, -4.3622 0.0562 -0.3557, -4.3622 0.0303 -0.4066, -4.3622 0.0395 -0.4123, -4.3622 0.048 -0.4212, -4.3622 0.0534 -0.4306, -4.3622 0.0535 -0.4746, -4.3622 -0.0422 -0.4938, -4.3622 -0.0371 -0.4746, -4.3622 -0.0314 -0.393, -4.3622 -0.0167 -0.4053, -4.3622 -0.0314 -0.3557, -4.3622 0.0562 -0.5442, -4.3622 0.1378 -0.5562, -4.3622 0.0566 -0.4415, -4.3622 -0.0422 -0.4354, -4.3622 -0.0389 -0.4258, -4.3622 0.0429 -0.4345, -4.3622 0.0383 -0.4277, -4.3622 0.0317 -0.4217, -4.3622 0.0059 -0.4146, -4.3622 -0.0047 -0.4156, -4.3622 -0.0132 -0.4182, -4.3622 -0.0316 -0.4401, -4.3622 -0.0326 -0.4493, -4.3622 -0.0289 -0.433, -4.3622 -0.0249 -0.4269, -4.3622 -0.02 -0.4223, -4.3622 -0.0312 -0.4624, -4.3622 0.0022 -0.507, -4.3622 -0.0314 -0.507, -4.3622 -0.0314 -0.5466, -4.3622 -0.0422 -0.5466, -4.3622 -0.0063 -0.4023, -4.3622 0.0051 -0.4014, -4.3622 0.0191 -0.4028, -4.3622 0.0241 -0.4177, -4.3622 0.0136 -0.415, -4.3622 -0.0428 -0.4541, -4.3622 -0.0434 -0.4502, -4.3622 -0.1378 -0.5562, -4.3622 -0.0434 -0.4475, -4.3622 -0.0428 0.1969, -4.3622 -0.1378 0.1969, -4.3622 0.0562 -0.6894, -4.3622 0.0562 -0.7026, -4.3622 -0.0422 -0.5926, -4.3622 -0.0422 -0.5658, -4.3622 0.0562 -0.5658, -4.3622 -0.0422 -0.7266, -4.3622 -0.0422 -0.741, -4.3622 -0.0428 -1.0236, -4.3622 0.1378 -1.0236, -4.3622 0.0562 -0.5936, -4.3622 0.0547 -0.6078, -4.3622 0.0506 -0.6193, -4.3622 0.0435 -0.63, -4.3622 -0.0422 -0.6522, -4.3622 -0.0152 -0.6401, -4.3622 -0.024 -0.6345, -4.3622 0.0434 -0.6301, -4.3622 0.0357 -0.6371, -4.3622 0.0272 -0.6417, -4.3622 -0.0318 -0.6264, -4.3622 -0.0378 -0.6161, -4.3622 -0.0412 -0.6047, -4.3622 -0.0422 -0.6666, -4.3622 -0.0146 -0.676, -4.3622 -0.0146 -0.7167, -4.3622 0.0175 -0.6443, -4.3622 0.0082 -0.645, -4.3622 -0.0049 -0.6436, -4.3622 -0.0414 -0.4641, -4.3622 -0.1378 -1.0236
            ]
        }
        coordIndex [
            0,1,2,-1,2,1,3,-1,2,3,4,-1,4,3,5,-1,4,5,6,-1,6,5,7,-1,8,9,10,-1,10,9,11,-1,10,11,12,-1,13,14,10,-1,10,14,15,-1,10,15,16,-1,12,17,10,-1,10,17,18,-1,10,18,19,-1,19,20,10,-1,10,20,21,-1,10,21,13,-1,22,23,15,-1,15,23,24,-1,15,24,16,-1,25,26,27,-1,28,29,30,-1,31,32,33,-1,34,33,35,-1,25,27,36,-1,36,27,37,-1,36,37,38,-1,39,40,41,-1,41,40,42,-1,41,42,43,-1,43,42,44,-1,45,46,47,-1,48,49,47,-1,47,49,50,-1,47,50,51,-1,29,52,30,-1,30,52,38,-1,30,38,53,-1,53,38,37,-1,53,37,54,-1,33,32,55,-1,55,32,56,-1,55,56,57,-1,58,59,30,-1,30,59,45,-1,30,45,28,-1,28,45,47,-1,28,47,60,-1,60,47,51,-1,34,61,33,-1,33,61,62,-1,33,62,31,-1,26,63,27,-1,27,63,64,-1,27,64,65,-1,66,67,27,-1,27,67,68,-1,69,70,71,-1,71,70,72,-1,68,73,27,-1,27,73,72,-1,27,72,74,-1,74,72,70,-1,75,76,39,-1,39,76,77,-1,39,77,40,-1,40,77,78,-1,40,78,53,-1,56,79,57,-1,57,79,80,-1,57,80,47,-1,47,80,81,-1,47,81,48,-1,65,82,27,-1,27,82,83,-1,27,83,66,-1,84,85,86,-1,86,85,87,-1,86,87,34,-1,46,45,35,-1,35,45,88,-1,35,88,34,-1,34,88,89,-1,34,89,86,-1,59,90,91,-1,92,93,40,-1,58,42,59,-1,59,42,40,-1,59,40,94,-1,94,40,93,-1,95,40,96,-1,96,40,97,-1,96,97,91,-1,91,97,98,-1,91,98,59,-1,94,99,59,-1,59,99,100,-1,59,100,90,-1,90,100,101,-1,90,101,102,-1,103,104,105,-1,102,106,90,-1,90,106,107,-1,90,107,108,-1,105,109,103,-1,103,109,110,-1,103,110,111,-1,111,92,103,-1,103,92,40,-1,103,40,112,-1,112,40,95,-1,112,95,113,-1,113,95,114,-1,108,115,90,-1,90,115,116,-1,90,116,103,-1,103,116,117,-1,103,117,104,-1,54,118,53,-1,53,118,84,-1,53,84,40,-1,40,84,86,-1,40,86,97,-1,97,86,119,-1,
        ]
    }
}
Shape{
    appearance Appearance {
        material  Material {
            diffuseColor 0.17647058823529413 0.17647058823529413 0.17647058823529413
            specularColor 0.050980392156862744 0.050980392156862744 0.050980392156862744
            ambientIntensity 0.251
            transparency 0.0
            shininess 0.5
        }
    }
    geometry IndexedFaceSet {
        ccw TRUE
        solid FALSE
        coord DEF co Coordinate {
            point [
                -4.6378 -0.1378 0.1969, -4.3622 -0.1378 0.1969, -4.0 -0.2638 0.1969, -4.3622 -0.0428 0.1969, -4.0 0.2638 0.1969, -4.3622 0.1378 0.1969, -5.0 0.2638 0.1969, -4.6378 0.1378 0.1969, -5.0 -0.2638 0.1969, -4.8819 -0.5 0.0118, -4.8819 -0.5 0.9843, -5.0 -0.3819 0.0118, -5.0 -0.3819 0.9843, -4.1181 -0.5 0.0118, -4.1181 -0.5 0.9843, -4.0 -0.3819 0.0118, -4.0 -0.3819 0.9843, -4.0 -0.2638 0.0118, -4.0 0.2638 0.0118, -4.0 0.3819 0.0118, -4.0 0.3819 0.9843, -4.1181 0.5 0.0118, -4.1181 0.5 0.9843, -4.8819 0.5 0.0118, -4.8819 0.5 0.9843, -5.0 0.3819 0.0118, -5.0 0.3819 0.9843, -5.0 0.2638 0.0118, -5.0 -0.2638 0.0118, -4.6378 0.1378 0.9843, -4.6378 -0.1378 0.9843, -4.3622 -0.1378 0.9843, -4.3622 0.1378 0.9843
            ]
        }
        coordIndex [
            0,1,2,-1,2,1,3,-1,2,3,4,-1,4,3,5,-1,4,5,6,-1,6,5,7,-1,6,7,8,-1,8,7,0,-1,8,0,2,-1,9,10,11,-1,11,10,12,-1,13,14,9,-1,9,14,10,-1,15,16,13,-1,13,16,14,-1,15,17,2,-1,18,19,4,-1,4,19,20,-1,4,20,2,-1,2,20,16,-1,2,16,15,-1,21,22,19,-1,19,22,20,-1,23,24,21,-1,21,24,22,-1,25,26,23,-1,23,26,24,-1,25,27,6,-1,28,11,8,-1,8,11,12,-1,8,12,6,-1,6,12,26,-1,6,26,25,-1,10,14,16,-1,29,26,30,-1,30,26,12,-1,30,12,31,-1,12,10,31,-1,31,10,16,-1,31,16,32,-1,32,16,20,-1,32,20,29,-1,29,20,22,-1,29,22,26,-1,26,22,24,-1,6,27,4,-1,4,27,18,-1,23,21,25,-1,25,21,19,-1,25,19,27,-1,27,19,18,-1,2,17,8,-1,8,17,28,-1,28,17,15,-1,15,13,28,-1,28,13,9,-1,28,9,11,-1,
        ]
    }
}
Shape{
    appearance Appearance {
        material  Material {
            diffuseColor 0.9490196078431372 0.7607843137254902 0.1803921568627451
            specularColor 0.7607843137254902 0.6078431372549019 0.1450980392156863
            ambientIntensity 0.7509
            transparency 0.0
            shininess 0.5
        }
    }
    geometry IndexedFaceSet {
        ccw TRUE
        solid FALSE
        coord DEF co Coordinate {
            point [
                -4.4016 -0.0984 3.3465, -4.4016 0.0984 3.3465, -4.5984 -0.0984 3.3465, -4.5984 0.0984 3.3465, -4.3622 0.1378 3.189, -4.3622 0.1378 0.9843, -4.6378 0.1378 3.189, -4.6378 0.1378 0.9843, -4.6378 -0.1378 3.189, -4.6378 -0.1378 0.9843, -4.3622 -0.1378 3.189, -4.3622 -0.1378 0.9843, -4.3622 -0.1378 0.1969, -4.6378 -0.1378 0.1969, -4.3622 -0.1378 -0.5562, -4.6378 -0.1378 -1.0236, -4.3622 -0.1378 -1.0236, -4.6378 0.1378 -1.0236, -4.6378 0.1378 0.1969, -4.3622 0.1378 0.1969, -4.3622 0.1378 -0.5562, -4.3622 0.1378 -1.0236, -4.4016 0.0984 -1.1811, -4.4016 -0.0984 -1.1811, -4.5984 0.0984 -1.1811, -4.5984 -0.0984 -1.1811, -4.3622 -0.0428 -1.0236
            ]
        }
        coordIndex [
            0,1,2,-1,2,1,3,-1,4,5,6,-1,6,5,7,-1,6,7,8,-1,8,7,9,-1,8,9,10,-1,10,9,11,-1,10,11,4,-1,4,11,5,-1,12,13,14,-1,14,13,15,-1,14,15,16,-1,15,13,17,-1,17,13,18,-1,18,19,17,-1,17,19,20,-1,17,20,21,-1,22,23,24,-1,24,23,25,-1,23,16,25,-1,25,16,15,-1,16,23,26,-1,26,23,22,-1,26,22,21,-1,17,24,15,-1,15,24,25,-1,24,17,22,-1,22,17,21,-1,6,3,4,-1,4,3,1,-1,8,2,6,-1,6,2,3,-1,0,10,1,-1,1,10,4,-1,10,0,8,-1,8,0,2,-1,
        ]
    }
}
Shape{
    appearance Appearance {
        material  Material {
            diffuseColor 0.0 0.0 0.0
            specularColor 0.0 0.0 0.0
            ambientIntensity 0.0
            transparency 0.0
            shininess 0.5
        }
    }
    geometry IndexedFaceSet {
        ccw TRUE
        solid FALSE
        coord DEF co Coordinate {
            point [
                -4.3661 0.0562 -0.7026, -4.3661 -0.0422 -0.741, -4.3622 0.0562 -0.7026, -4.3622 -0.0422 -0.741, -4.3661 -0.0422 -0.7266, -4.3622 -0.0422 -0.7266, -4.3661 -0.0146 -0.7167, -4.3622 -0.0146 -0.7167, -4.3661 -0.0146 -0.676, -4.3622 -0.0146 -0.676, -4.3661 -0.0422 -0.6666, -4.3622 -0.0422 -0.6666, -4.3661 -0.0422 -0.6522, -4.3622 -0.0422 -0.6522, -4.3661 0.0562 -0.6894, -4.3622 0.0562 -0.6894, -4.3661 -0.0038 -0.6793, -4.3661 -0.0038 -0.7123, -4.3661 0.0373 -0.694, -4.3661 0.0407 -0.695, -4.3661 0.0442 -0.6956, -4.3661 0.0442 -0.6959, -4.3661 0.0407 -0.6966, -4.3661 0.0373 -0.6974, -4.3622 -0.0038 -0.6793, -4.3622 -0.0038 -0.7123, -4.3622 0.0373 -0.694, -4.3622 0.0407 -0.695, -4.3622 0.0442 -0.6956, -4.3622 0.0442 -0.6959, -4.3622 0.0407 -0.6966, -4.3622 0.0373 -0.6974, -4.3661 -0.0422 -0.5926, -4.3661 -0.0422 -0.5658, -4.3622 -0.0422 -0.5926, -4.3622 -0.0422 -0.5658, -4.3661 0.0562 -0.5658, -4.3622 0.0562 -0.5658, -4.3661 0.0562 -0.5936, -4.3622 0.0562 -0.5936, -4.3661 0.0082 -0.645, -4.3622 0.0082 -0.645, -4.3622 0.0175 -0.6443, -4.3661 0.0175 -0.6443, -4.3622 0.0272 -0.6417, -4.3661 0.0272 -0.6417, -4.3622 0.0357 -0.6371, -4.3661 0.0357 -0.6371, -4.3622 0.0434 -0.6301, -4.3661 0.0434 -0.6301, -4.3622 0.0435 -0.63, -4.3661 0.0435 -0.63, -4.3622 0.0506 -0.6193, -4.3661 0.0506 -0.6193, -4.3622 0.0547 -0.6078, -4.3661 0.0547 -0.6078, -4.3622 -0.0412 -0.6047, -4.3661 -0.0412 -0.6047, -4.3622 -0.0378 -0.6161, -4.3661 -0.0378 -0.6161, -4.3622 -0.0318 -0.6264, -4.3661 -0.0318 -0.6264, -4.3622 -0.024 -0.6345, -4.3661 -0.024 -0.6345, -4.3622 -0.0152 -0.6401, -4.3661 -0.0152 -0.6401, -4.3622 -0.0049 -0.6436, -4.3661 -0.0049 -0.6436, -4.3661 0.0316 -0.6253, -4.3661 0.0367 -0.6205, -4.3661 0.0413 -0.6133, -4.3661 0.0442 -0.6052, -4.3661 0.0454 -0.5935, -4.3661 0.0454 -0.579, -4.3661 -0.0314 -0.579, -4.3661 -0.0314 -0.593, -4.3661 -0.0304 -0.6034, -4.3661 -0.0279 -0.6116, -4.3661 -0.0239 -0.6184, -4.3661 -0.0184 -0.6239, -4.3661 -0.0116 -0.628, -4.3661 -0.0024 -0.6309, -4.3661 0.008 -0.6318, -4.3661 0.0177 -0.631, -4.3661 0.0255 -0.6287, -4.3622 0.0454 -0.5935, -4.3622 0.0454 -0.579, -4.3622 0.0442 -0.6052, -4.3622 0.0413 -0.6133, -4.3622 0.0367 -0.6205, -4.3622 0.0316 -0.6253, -4.3622 0.0255 -0.6287, -4.3622 0.0177 -0.631, -4.3622 0.008 -0.6318, -4.3622 -0.0024 -0.6309, -4.3622 -0.0116 -0.628, -4.3622 -0.0184 -0.6239, -4.3622 -0.0239 -0.6184, -4.3622 -0.0279 -0.6116, -4.3622 -0.0304 -0.6034, -4.3622 -0.0314 -0.593, -4.3622 -0.0314 -0.579, -4.3661 -0.0314 -0.5466, -4.3661 -0.0422 -0.5466, -4.3622 -0.0314 -0.5466, -4.3622 -0.0422 -0.5466, -4.3661 -0.0422 -0.4938, -4.3622 -0.0422 -0.4938, -4.3661 0.0562 -0.4938, -4.3622 0.0562 -0.4938, -4.3661 0.0562 -0.5442, -4.3622 0.0562 -0.5442, -4.3661 0.0454 -0.5442, -4.3622 0.0454 -0.5442, -4.3661 0.0454 -0.507, -4.3622 0.0454 -0.507, -4.3661 0.013 -0.507, -4.3622 0.013 -0.507, -4.3661 0.013 -0.5418, -4.3622 0.013 -0.5418, -4.3661 0.0022 -0.5418, -4.3622 0.0022 -0.5418, -4.3661 0.0022 -0.507, -4.3622 0.0022 -0.507, -4.3661 -0.0314 -0.507, -4.3622 -0.0314 -0.507, -4.3661 -0.0263 -0.4746, -4.3661 -0.0371 -0.4746, -4.3622 -0.0263 -0.4746, -4.3622 -0.0371 -0.4746, -4.3661 -0.0414 -0.4641, -4.3661 -0.0434 -0.4475, -4.3622 -0.0434 -0.4475, -4.3622 -0.0434 -0.4502, -4.3661 -0.0434 -0.4502, -4.3622 -0.0428 -0.4541, -4.3622 -0.0414 -0.4641, -4.3661 0.0051 -0.4014, -4.3622 0.0051 -0.4014, -4.3622 -0.0063 -0.4023, -4.3661 -0.0063 -0.4023, -4.3622 -0.0167 -0.4053, -4.3661 -0.0167 -0.4053, -4.3622 -0.026 -0.4105, -4.3661 -0.026 -0.4105, -4.3622 -0.0338 -0.4179, -4.3661 -0.0338 -0.4179, -4.3622 -0.0389 -0.4258, -4.3661 -0.0389 -0.4258, -4.3622 -0.0422 -0.4354, -4.3661 -0.0422 -0.4354, -4.3622 -0.0428 -0.4417, -4.3661 0.0574 -0.4514, -4.3622 0.0574 -0.4514, -4.3622 0.0566 -0.4415, -4.3661 0.0566 -0.4415, -4.3622 0.0534 -0.4306, -4.3661 0.0534 -0.4306, -4.3622 0.048 -0.4212, -4.3661 0.048 -0.4212, -4.3622 0.0395 -0.4123, -4.3661 0.0395 -0.4123, -4.3622 0.0303 -0.4066, -4.3661 0.0303 -0.4066, -4.3622 0.0191 -0.4028, -4.3661 0.0191 -0.4028, -4.3661 0.0535 -0.4746, -4.3622 0.0535 -0.4746, -4.3622 0.0566 -0.4632, -4.3661 0.0566 -0.4632, -4.3661 0.0403 -0.4746, -4.3622 0.0403 -0.4746, -4.3661 0.0466 -0.4515, -4.3622 0.0466 -0.4515, -4.3622 0.0451 -0.4635, -4.3661 0.0451 -0.4635, -4.3661 0.0059 -0.4146, -4.3622 0.0059 -0.4146, -4.3622 0.0136 -0.415, -4.3661 0.0136 -0.415, -4.3622 0.0241 -0.4177, -4.3661 0.0241 -0.4177, -4.3622 0.0317 -0.4217, -4.3661 0.0317 -0.4217, -4.3622 0.0383 -0.4277, -4.3661 0.0383 -0.4277, -4.3622 0.0429 -0.4345, -4.3661 0.0429 -0.4345, -4.3622 0.0455 -0.4418, -4.3661 0.0455 -0.4418, -4.3661 -0.0326 -0.4493, -4.3622 -0.0326 -0.4493, -4.3622 -0.0316 -0.4401, -4.3661 -0.0316 -0.4401, -4.3622 -0.0289 -0.433, -4.3661 -0.0289 -0.433, -4.3622 -0.0249 -0.4269, -4.3661 -0.0249 -0.4269, -4.3622 -0.02 -0.4223, -4.3661 -0.02 -0.4223, -4.3622 -0.0132 -0.4182, -4.3661 -0.0132 -0.4182, -4.3622 -0.0047 -0.4156, -4.3661 -0.0047 -0.4156, -4.3622 -0.0273 -0.4728, -4.3661 -0.0273 -0.4728, -4.3622 -0.0312 -0.4624, -4.3661 -0.0312 -0.4624, -4.3661 -0.0314 -0.393, -4.3661 -0.0422 -0.393, -4.3622 -0.0314 -0.393, -4.3622 -0.0422 -0.393, -4.3661 -0.0422 -0.3425, -4.3622 -0.0422 -0.3425, -4.3661 0.0562 -0.3425, -4.3622 0.0562 -0.3425, -4.3661 0.0562 -0.3557, -4.3622 0.0562 -0.3557, -4.3661 -0.0314 -0.3557, -4.3622 -0.0314 -0.3557
            ]
        }
        coordIndex [
            0,1,2,-1,2,1,3,-1,1,4,3,-1,3,4,5,-1,4,6,5,-1,5,6,7,-1,6,8,7,-1,7,8,9,-1,8,10,9,-1,9,10,11,-1,10,12,11,-1,11,12,13,-1,12,14,13,-1,13,14,15,-1,14,0,15,-1,15,0,2,-1,16,8,17,-1,17,8,6,-1,18,14,16,-1,16,14,12,-1,16,12,8,-1,8,12,10,-1,18,19,14,-1,14,19,20,-1,14,20,0,-1,0,20,21,-1,0,21,22,-1,22,23,0,-1,0,23,17,-1,0,17,1,-1,1,17,6,-1,1,6,4,-1,16,17,24,-1,24,17,25,-1,18,16,26,-1,26,16,24,-1,18,26,27,-1,18,27,19,-1,19,27,28,-1,19,28,20,-1,21,20,29,-1,29,20,28,-1,21,29,30,-1,21,30,22,-1,22,30,31,-1,22,31,23,-1,17,23,25,-1,25,23,31,-1,32,33,34,-1,34,33,35,-1,33,36,35,-1,35,36,37,-1,36,38,37,-1,37,38,39,-1,40,41,42,-1,40,42,43,-1,43,42,44,-1,43,44,45,-1,45,44,46,-1,45,46,47,-1,47,46,48,-1,47,48,49,-1,49,48,50,-1,49,50,51,-1,51,50,52,-1,51,52,53,-1,53,52,54,-1,53,54,55,-1,55,54,39,-1,55,39,38,-1,32,34,56,-1,32,56,57,-1,57,56,58,-1,57,58,59,-1,59,58,60,-1,59,60,61,-1,61,60,62,-1,61,62,63,-1,63,62,64,-1,63,64,65,-1,65,64,66,-1,65,66,67,-1,67,66,41,-1,67,41,40,-1,45,47,68,-1,68,47,49,-1,68,49,69,-1,69,49,51,-1,69,51,70,-1,70,51,53,-1,70,53,71,-1,71,53,55,-1,71,55,72,-1,72,55,38,-1,72,38,73,-1,73,38,36,-1,73,36,74,-1,74,36,33,-1,74,33,75,-1,75,33,32,-1,75,32,76,-1,76,32,57,-1,76,57,77,-1,77,57,59,-1,77,59,78,-1,78,59,61,-1,78,61,79,-1,79,61,63,-1,79,63,80,-1,80,63,65,-1,80,65,81,-1,81,65,67,-1,81,67,82,-1,82,67,40,-1,82,40,83,-1,83,40,43,-1,83,43,84,-1,84,43,45,-1,84,45,68,-1,72,73,85,-1,85,73,86,-1,72,85,87,-1,72,87,71,-1,71,87,88,-1,71,88,70,-1,70,88,89,-1,70,89,69,-1,69,89,90,-1,69,90,68,-1,68,90,91,-1,68,91,84,-1,84,91,92,-1,84,92,83,-1,83,92,93,-1,83,93,82,-1,82,93,94,-1,82,94,81,-1,81,94,95,-1,81,95,80,-1,80,95,96,-1,80,96,79,-1,79,96,97,-1,79,97,78,-1,78,97,98,-1,78,98,77,-1,77,98,99,-1,77,99,76,-1,76,99,100,-1,76,100,75,-1,74,75,101,-1,101,75,100,-1,73,74,86,-1,86,74,101,-1,102,103,104,-1,104,103,105,-1,103,106,105,-1,105,106,107,-1,106,108,107,-1,107,108,109,-1,108,110,109,-1,109,110,111,-1,110,112,111,-1,111,112,113,-1,112,114,113,-1,113,114,115,-1,114,116,115,-1,115,116,117,-1,116,118,117,-1,117,118,119,-1,118,120,119,-1,119,120,121,-1,120,122,121,-1,121,122,123,-1,122,124,123,-1,123,124,125,-1,124,102,125,-1,125,102,104,-1,106,103,102,-1,102,124,106,-1,106,124,122,-1,106,122,108,-1,112,110,114,-1,114,110,108,-1,114,108,116,-1,116,108,122,-1,116,122,118,-1,118,122,120,-1,126,127,128,-1,128,127,129,-1,129,127,130,-1,131,132,133,-1,131,133,134,-1,134,133,135,-1,134,135,130,-1,130,135,136,-1,130,136,129,-1,137,138,139,-1,137,139,140,-1,140,139,141,-1,140,141,142,-1,142,141,143,-1,142,143,144,-1,144,143,145,-1,144,145,146,-1,146,145,147,-1,146,147,148,-1,148,147,149,-1,148,149,150,-1,150,149,131,-1,131,149,151,-1,131,151,132,-1,152,153,154,-1,152,154,155,-1,155,154,156,-1,155,156,157,-1,157,156,158,-1,157,158,159,-1,159,158,160,-1,159,160,161,-1,161,160,162,-1,161,162,163,-1,163,162,164,-1,163,164,165,-1,165,164,138,-1,165,138,137,-1,166,167,168,-1,166,168,169,-1,169,168,153,-1,169,153,152,-1,166,170,167,-1,167,170,171,-1,172,173,174,-1,172,174,175,-1,175,174,171,-1,175,171,170,-1,176,177,178,-1,176,178,179,-1,179,178,180,-1,179,180,181,-1,181,180,182,-1,181,182,183,-1,183,182,184,-1,183,184,185,-1,185,184,186,-1,185,186,187,-1,187,186,188,-1,187,188,189,-1,189,188,173,-1,189,173,172,-1,190,191,192,-1,190,192,193,-1,193,192,194,-1,193,194,195,-1,195,194,196,-1,195,196,197,-1,197,196,198,-1,197,198,199,-1,199,198,200,-1,199,200,201,-1,201,200,202,-1,201,202,203,-1,203,202,177,-1,203,177,176,-1,126,128,204,-1,126,204,205,-1,205,204,206,-1,205,206,207,-1,207,206,191,-1,207,191,190,-1,193,131,190,-1,190,131,134,-1,190,134,207,-1,207,134,130,-1,207,130,205,-1,205,130,127,-1,205,127,126,-1,170,166,175,-1,175,166,169,-1,175,169,172,-1,172,169,152,-1,172,152,189,-1,189,152,155,-1,189,155,187,-1,187,155,157,-1,187,157,185,-1,185,157,159,-1,185,159,183,-1,183,159,161,-1,183,161,181,-1,181,161,163,-1,181,163,179,-1,179,163,165,-1,179,165,176,-1,176,165,137,-1,176,137,203,-1,203,137,140,-1,203,140,201,-1,201,140,142,-1,201,142,199,-1,199,142,144,-1,199,144,197,-1,197,144,146,-1,197,146,195,-1,195,146,148,-1,195,148,193,-1,193,148,150,-1,193,150,131,-1,208,209,210,-1,210,209,211,-1,209,212,211,-1,211,212,213,-1,212,214,213,-1,213,214,215,-1,214,216,215,-1,215,216,217,-1,216,218,217,-1,217,218,219,-1,218,208,219,-1,219,208,210,-1,216,214,218,-1,218,214,212,-1,218,212,208,-1,208,212,209,-1,
        ]
    }
}
Shape{
    appearance Appearance {
        material  Material {
            diffuseColor 0.9490196078431372 0.7607843137254902 0.1803921568627451
            specularColor 0.7607843137254902 0.6078431372549019 0.1450980392156863
            ambientIntensity 0.7509
            transparency 0.0
            shininess 0.5
        }
    }
    geometry IndexedFaceSet {
        ccw TRUE
        solid FALSE
        coord DEF co Coordinate {
            point [
                -4.3622 -0.0038 -0.6793, -4.3622 -0.0038 -0.7123, -4.3622 0.0373 -0.694, -4.3622 0.0373 -0.6974, -4.3622 0.0407 -0.695, -4.3622 0.0407 -0.6966, -4.3622 0.0442 -0.6956, -4.3622 0.0442 -0.6959, -4.3622 0.0454 -0.579, -4.3622 -0.0314 -0.579, -4.3622 0.0454 -0.5935, -4.3622 -0.0314 -0.593, -4.3622 -0.0304 -0.6034, -4.3622 0.008 -0.6318, -4.3622 0.0177 -0.631, -4.3622 0.0255 -0.6287, -4.3622 0.0442 -0.6052, -4.3622 -0.0279 -0.6116, -4.3622 -0.0239 -0.6184, -4.3622 -0.0184 -0.6239, -4.3622 -0.0116 -0.628, -4.3622 -0.0024 -0.6309, -4.3622 0.0316 -0.6253, -4.3622 0.0367 -0.6205, -4.3622 0.0413 -0.6133, -5.3622 0.0466 -0.4515, -5.3622 0.0455 -0.4418, -5.3622 -0.0273 -0.4728, -5.3622 0.0574 -0.4514, -5.3622 0.0566 -0.4632, -5.3622 0.0562 -0.4938, -5.3622 -0.0338 -0.4179, -5.3622 -0.026 -0.4105, -5.3622 -0.0422 -0.393, -5.3622 -0.0428 -0.4417, -5.3622 -0.0422 -0.3425, -5.3622 0.0451 -0.4635, -5.3622 -0.0263 -0.4746, -5.3622 0.0403 -0.4746, -5.3622 0.0022 -0.5418, -5.3622 -0.0428 -0.5562, -5.3622 0.013 -0.5418, -5.3622 0.0454 -0.5442, -5.3622 0.013 -0.507, -5.3622 0.0454 -0.507, -5.3622 0.1378 0.1969, -5.3622 0.0562 -0.3425, -5.3622 0.0562 -0.3557, -5.3622 0.0303 -0.4066, -5.3622 0.0395 -0.4123, -5.3622 0.048 -0.4212, -5.3622 0.0534 -0.4306, -5.3622 -0.0314 -0.393, -5.3622 -0.0167 -0.4053, -5.3622 -0.0314 -0.3557, -5.3622 0.0562 -0.5442, -5.3622 0.1378 -0.5562, -5.3622 0.0566 -0.4415, -5.3622 0.0535 -0.4746, -5.3622 -0.0422 -0.4938, -5.3622 -0.0371 -0.4746, -5.3622 -0.0422 -0.4354, -5.3622 -0.0389 -0.4258, -5.3622 0.0429 -0.4345, -5.3622 0.0383 -0.4277, -5.3622 0.0317 -0.4217, -5.3622 0.0059 -0.4146, -5.3622 -0.0047 -0.4156, -5.3622 -0.0132 -0.4182, -5.3622 -0.0316 -0.4401, -5.3622 -0.0326 -0.4493, -5.3622 -0.0289 -0.433, -5.3622 -0.0249 -0.4269, -5.3622 -0.02 -0.4223, -5.3622 -0.0312 -0.4624, -5.3622 -0.0063 -0.4023, -5.3622 0.0051 -0.4014, -5.3622 0.0191 -0.4028, -5.3622 0.0241 -0.4177, -5.3622 0.0136 -0.415, -5.3622 0.0022 -0.507, -5.3622 -0.0314 -0.507, -5.3622 -0.0314 -0.5466, -5.3622 -0.0422 -0.5466, -5.3622 -0.0428 -0.4541, -5.3622 -0.0434 -0.4502, -5.3622 -0.1378 -0.5562, -5.3622 -0.0434 -0.4475, -5.3622 -0.0428 0.1969, -5.3622 -0.1378 0.1969, -5.3622 0.0562 -0.6894, -5.3622 0.0562 -0.7026, -5.3622 -0.0422 -0.5926, -5.3622 -0.0422 -0.5658, -5.3622 0.0562 -0.5658, -5.3622 -0.0422 -0.7266, -5.3622 -0.0422 -0.741, -5.3622 -0.0428 -1.0236, -5.3622 0.1378 -1.0236, -5.3622 0.0562 -0.5936, -5.3622 0.0547 -0.6078, -5.3622 0.0506 -0.6193, -5.3622 0.0435 -0.63, -5.3622 -0.0422 -0.6522, -5.3622 -0.0152 -0.6401, -5.3622 -0.024 -0.6345, -5.3622 0.0434 -0.6301, -5.3622 0.0357 -0.6371, -5.3622 0.0272 -0.6417, -5.3622 -0.0318 -0.6264, -5.3622 -0.0378 -0.6161, -5.3622 -0.0412 -0.6047, -5.3622 -0.0422 -0.6666, -5.3622 -0.0146 -0.676, -5.3622 -0.0146 -0.7167, -5.3622 0.0175 -0.6443, -5.3622 0.0082 -0.645, -5.3622 -0.0049 -0.6436, -5.3622 -0.0414 -0.4641, -5.3622 -0.1378 -1.0236
            ]
        }
        coordIndex [
            0,1,2,-1,2,1,3,-1,2,3,4,-1,4,3,5,-1,4,5,6,-1,6,5,7,-1,8,9,10,-1,10,9,11,-1,10,11,12,-1,13,14,10,-1,10,14,15,-1,10,15,16,-1,12,17,10,-1,10,17,18,-1,10,18,19,-1,19,20,10,-1,10,20,21,-1,10,21,13,-1,22,23,15,-1,15,23,24,-1,15,24,16,-1,25,26,27,-1,28,29,30,-1,31,32,33,-1,34,33,35,-1,25,27,36,-1,36,27,37,-1,36,37,38,-1,39,40,41,-1,41,40,42,-1,41,42,43,-1,43,42,44,-1,45,46,47,-1,48,49,47,-1,47,49,50,-1,47,50,51,-1,33,32,52,-1,52,32,53,-1,52,53,54,-1,55,56,30,-1,30,56,45,-1,30,45,28,-1,28,45,47,-1,28,47,57,-1,57,47,51,-1,29,58,30,-1,30,58,38,-1,30,38,59,-1,59,38,37,-1,59,37,60,-1,34,61,33,-1,33,61,62,-1,33,62,31,-1,26,63,27,-1,27,63,64,-1,27,64,65,-1,66,67,27,-1,27,67,68,-1,69,70,71,-1,71,70,72,-1,68,73,27,-1,27,73,72,-1,27,72,74,-1,74,72,70,-1,53,75,54,-1,54,75,76,-1,54,76,47,-1,47,76,77,-1,47,77,48,-1,65,78,27,-1,27,78,79,-1,27,79,66,-1,80,81,39,-1,39,81,82,-1,39,82,40,-1,40,82,83,-1,40,83,59,-1,84,85,86,-1,86,85,87,-1,86,87,34,-1,46,45,35,-1,35,45,88,-1,35,88,34,-1,34,88,89,-1,34,89,86,-1,56,90,91,-1,92,93,40,-1,55,42,56,-1,56,42,40,-1,56,40,94,-1,94,40,93,-1,95,40,96,-1,96,40,97,-1,96,97,91,-1,91,97,98,-1,91,98,56,-1,94,99,56,-1,56,99,100,-1,56,100,90,-1,90,100,101,-1,90,101,102,-1,103,104,105,-1,102,106,90,-1,90,106,107,-1,90,107,108,-1,105,109,103,-1,103,109,110,-1,103,110,111,-1,111,92,103,-1,103,92,40,-1,103,40,112,-1,112,40,95,-1,112,95,113,-1,113,95,114,-1,108,115,90,-1,90,115,116,-1,90,116,103,-1,103,116,117,-1,103,117,104,-1,60,118,59,-1,59,118,84,-1,59,84,40,-1,40,84,86,-1,40,86,97,-1,97,86,119,-1,
        ]
    }
}
Shape{
    appearance Appearance {
        material  Material {
            diffuseColor 0.17647058823529413 0.17647058823529413 0.17647058823529413
            specularColor 0.050980392156862744 0.050980392156862744 0.050980392156862744
            ambientIntensity 0.251
            transparency 0.0
            shininess 0.5
        }
    }
    geometry IndexedFaceSet {
        ccw TRUE
        solid FALSE
        coord DEF co Coordinate {
            point [
                -5.6378 -0.1378 0.1969, -5.3622 -0.1378 0.1969, -5.0 -0.2638 0.1969, -5.3622 -0.0428 0.1969, -5.0 0.2638 0.1969, -5.3622 0.1378 0.1969, -6.0 0.2638 0.1969, -5.6378 0.1378 0.1969, -6.0 -0.2638 0.1969, -5.8819 -0.5 0.0118, -5.8819 -0.5 0.9843, -6.0 -0.3819 0.0118, -6.0 -0.3819 0.9843, -5.1181 -0.5 0.0118, -5.1181 -0.5 0.9843, -5.0 -0.3819 0.0118, -5.0 -0.3819 0.9843, -5.0 -0.2638 0.0118, -5.0 0.2638 0.0118, -5.0 0.3819 0.0118, -5.0 0.3819 0.9843, -5.1181 0.5 0.0118, -5.1181 0.5 0.9843, -5.8819 0.5 0.0118, -5.8819 0.5 0.9843, -6.0 0.3819 0.0118, -6.0 0.3819 0.9843, -6.0 0.2638 0.0118, -6.0 -0.2638 0.0118, -5.6378 0.1378 0.9843, -5.6378 -0.1378 0.9843, -5.3622 -0.1378 0.9843, -5.3622 0.1378 0.9843
            ]
        }
        coordIndex [
            0,1,2,-1,2,1,3,-1,2,3,4,-1,4,3,5,-1,4,5,6,-1,6,5,7,-1,6,7,8,-1,8,7,0,-1,8,0,2,-1,9,10,11,-1,11,10,12,-1,13,14,9,-1,9,14,10,-1,15,16,13,-1,13,16,14,-1,15,17,2,-1,18,19,4,-1,4,19,20,-1,4,20,2,-1,2,20,16,-1,2,16,15,-1,21,22,19,-1,19,22,20,-1,23,24,21,-1,21,24,22,-1,25,26,23,-1,23,26,24,-1,25,27,6,-1,28,11,8,-1,8,11,12,-1,8,12,6,-1,6,12,26,-1,6,26,25,-1,10,14,16,-1,29,26,30,-1,30,26,12,-1,30,12,31,-1,12,10,31,-1,31,10,16,-1,31,16,32,-1,32,16,20,-1,32,20,29,-1,29,20,22,-1,29,22,26,-1,26,22,24,-1,6,27,4,-1,4,27,18,-1,23,21,25,-1,25,21,19,-1,25,19,27,-1,27,19,18,-1,2,17,8,-1,8,17,28,-1,28,17,15,-1,15,13,28,-1,28,13,9,-1,28,9,11,-1,
        ]
    }
}
Shape{
    appearance Appearance {
        material  Material {
            diffuseColor 0.9490196078431372 0.7607843137254902 0.1803921568627451
            specularColor 0.7607843137254902 0.6078431372549019 0.1450980392156863
            ambientIntensity 0.7509
            transparency 0.0
            shininess 0.5
        }
    }
    geometry IndexedFaceSet {
        ccw TRUE
        solid FALSE
        coord DEF co Coordinate {
            point [
                -5.4016 -0.0984 3.3465, -5.4016 0.0984 3.3465, -5.5984 -0.0984 3.3465, -5.5984 0.0984 3.3465, -5.3622 0.1378 3.189, -5.3622 0.1378 0.9843, -5.6378 0.1378 3.189, -5.6378 0.1378 0.9843, -5.6378 -0.1378 3.189, -5.6378 -0.1378 0.9843, -5.3622 -0.1378 3.189, -5.3622 -0.1378 0.9843, -5.3622 -0.1378 0.1969, -5.6378 -0.1378 0.1969, -5.3622 -0.1378 -0.5562, -5.6378 -0.1378 -1.0236, -5.3622 -0.1378 -1.0236, -5.6378 0.1378 -1.0236, -5.6378 0.1378 0.1969, -5.3622 0.1378 0.1969, -5.3622 0.1378 -0.5562, -5.3622 0.1378 -1.0236, -5.4016 0.0984 -1.1811, -5.4016 -0.0984 -1.1811, -5.5984 0.0984 -1.1811, -5.5984 -0.0984 -1.1811, -5.3622 -0.0428 -1.0236
            ]
        }
        coordIndex [
            0,1,2,-1,2,1,3,-1,4,5,6,-1,6,5,7,-1,6,7,8,-1,8,7,9,-1,8,9,10,-1,10,9,11,-1,10,11,4,-1,4,11,5,-1,12,13,14,-1,14,13,15,-1,14,15,16,-1,15,13,17,-1,17,13,18,-1,18,19,17,-1,17,19,20,-1,17,20,21,-1,22,23,24,-1,24,23,25,-1,23,16,25,-1,25,16,15,-1,16,23,26,-1,26,23,22,-1,26,22,21,-1,17,24,15,-1,15,24,25,-1,24,17,22,-1,22,17,21,-1,6,3,4,-1,4,3,1,-1,8,2,6,-1,6,2,3,-1,0,10,1,-1,1,10,4,-1,10,0,8,-1,8,0,2,-1,
        ]
    }
}
Shape{
    appearance Appearance {
        material  Material {
            diffuseColor 0.0 0.0 0.0
            specularColor 0.0 0.0 0.0
            ambientIntensity 0.0
            transparency 0.0
            shininess 0.5
        }
    }
    geometry IndexedFaceSet {
        ccw TRUE
        solid FALSE
        coord DEF co Coordinate {
            point [
                -5.3661 0.0562 -0.7026, -5.3661 -0.0422 -0.741, -5.3622 0.0562 -0.7026, -5.3622 -0.0422 -0.741, -5.3661 -0.0422 -0.7266, -5.3622 -0.0422 -0.7266, -5.3661 -0.0146 -0.7167, -5.3622 -0.0146 -0.7167, -5.3661 -0.0146 -0.676, -5.3622 -0.0146 -0.676, -5.3661 -0.0422 -0.6666, -5.3622 -0.0422 -0.6666, -5.3661 -0.0422 -0.6522, -5.3622 -0.0422 -0.6522, -5.3661 0.0562 -0.6894, -5.3622 0.0562 -0.6894, -5.3661 -0.0038 -0.6793, -5.3661 -0.0038 -0.7123, -5.3661 0.0373 -0.694, -5.3661 0.0407 -0.695, -5.3661 0.0442 -0.6956, -5.3661 0.0442 -0.6959, -5.3661 0.0407 -0.6966, -5.3661 0.0373 -0.6974, -5.3622 -0.0038 -0.6793, -5.3622 -0.0038 -0.7123, -5.3622 0.0373 -0.694, -5.3622 0.0407 -0.695, -5.3622 0.0442 -0.6956, -5.3622 0.0442 -0.6959, -5.3622 0.0407 -0.6966, -5.3622 0.0373 -0.6974, -5.3661 -0.0422 -0.5926, -5.3661 -0.0422 -0.5658, -5.3622 -0.0422 -0.5926, -5.3622 -0.0422 -0.5658, -5.3661 0.0562 -0.5658, -5.3622 0.0562 -0.5658, -5.3661 0.0562 -0.5936, -5.3622 0.0562 -0.5936, -5.3661 0.0082 -0.645, -5.3622 0.0082 -0.645, -5.3622 0.0175 -0.6443, -5.3661 0.0175 -0.6443, -5.3622 0.0272 -0.6417, -5.3661 0.0272 -0.6417, -5.3622 0.0357 -0.6371, -5.3661 0.0357 -0.6371, -5.3622 0.0434 -0.6301, -5.3661 0.0434 -0.6301, -5.3622 0.0435 -0.63, -5.3661 0.0435 -0.63, -5.3622 0.0506 -0.6193, -5.3661 0.0506 -0.6193, -5.3622 0.0547 -0.6078, -5.3661 0.0547 -0.6078, -5.3622 -0.0412 -0.6047, -5.3661 -0.0412 -0.6047, -5.3622 -0.0378 -0.6161, -5.3661 -0.0378 -0.6161, -5.3622 -0.0318 -0.6264, -5.3661 -0.0318 -0.6264, -5.3622 -0.024 -0.6345, -5.3661 -0.024 -0.6345, -5.3622 -0.0152 -0.6401, -5.3661 -0.0152 -0.6401, -5.3622 -0.0049 -0.6436, -5.3661 -0.0049 -0.6436, -5.3661 0.0316 -0.6253, -5.3661 0.0367 -0.6205, -5.3661 0.0413 -0.6133, -5.3661 0.0442 -0.6052, -5.3661 0.0454 -0.5935, -5.3661 0.0454 -0.579, -5.3661 -0.0314 -0.579, -5.3661 -0.0314 -0.593, -5.3661 -0.0304 -0.6034, -5.3661 -0.0279 -0.6116, -5.3661 -0.0239 -0.6184, -5.3661 -0.0184 -0.6239, -5.3661 -0.0116 -0.628, -5.3661 -0.0024 -0.6309, -5.3661 0.008 -0.6318, -5.3661 0.0177 -0.631, -5.3661 0.0255 -0.6287, -5.3622 0.0454 -0.5935, -5.3622 0.0454 -0.579, -5.3622 0.0442 -0.6052, -5.3622 0.0413 -0.6133, -5.3622 0.0367 -0.6205, -5.3622 0.0316 -0.6253, -5.3622 0.0255 -0.6287, -5.3622 0.0177 -0.631, -5.3622 0.008 -0.6318, -5.3622 -0.0024 -0.6309, -5.3622 -0.0116 -0.628, -5.3622 -0.0184 -0.6239, -5.3622 -0.0239 -0.6184, -5.3622 -0.0279 -0.6116, -5.3622 -0.0304 -0.6034, -5.3622 -0.0314 -0.593, -5.3622 -0.0314 -0.579, -5.3661 -0.0314 -0.5466, -5.3661 -0.0422 -0.5466, -5.3622 -0.0314 -0.5466, -5.3622 -0.0422 -0.5466, -5.3661 -0.0422 -0.4938, -5.3622 -0.0422 -0.4938, -5.3661 0.0562 -0.4938, -5.3622 0.0562 -0.4938, -5.3661 0.0562 -0.5442, -5.3622 0.0562 -0.5442, -5.3661 0.0454 -0.5442, -5.3622 0.0454 -0.5442, -5.3661 0.0454 -0.507, -5.3622 0.0454 -0.507, -5.3661 0.013 -0.507, -5.3622 0.013 -0.507, -5.3661 0.013 -0.5418, -5.3622 0.013 -0.5418, -5.3661 0.0022 -0.5418, -5.3622 0.0022 -0.5418, -5.3661 0.0022 -0.507, -5.3622 0.0022 -0.507, -5.3661 -0.0314 -0.507, -5.3622 -0.0314 -0.507, -5.3661 -0.0263 -0.4746, -5.3661 -0.0371 -0.4746, -5.3622 -0.0263 -0.4746, -5.3622 -0.0371 -0.4746, -5.3661 -0.0414 -0.4641, -5.3661 -0.0434 -0.4475, -5.3622 -0.0434 -0.4475, -5.3622 -0.0434 -0.4502, -5.3661 -0.0434 -0.4502, -5.3622 -0.0428 -0.4541, -5.3622 -0.0414 -0.4641, -5.3661 0.0051 -0.4014, -5.3622 0.0051 -0.4014, -5.3622 -0.0063 -0.4023, -5.3661 -0.0063 -0.4023, -5.3622 -0.0167 -0.4053, -5.3661 -0.0167 -0.4053, -5.3622 -0.026 -0.4105, -5.3661 -0.026 -0.4105, -5.3622 -0.0338 -0.4179, -5.3661 -0.0338 -0.4179, -5.3622 -0.0389 -0.4258, -5.3661 -0.0389 -0.4258, -5.3622 -0.0422 -0.4354, -5.3661 -0.0422 -0.4354, -5.3622 -0.0428 -0.4417, -5.3661 0.0574 -0.4514, -5.3622 0.0574 -0.4514, -5.3622 0.0566 -0.4415, -5.3661 0.0566 -0.4415, -5.3622 0.0534 -0.4306, -5.3661 0.0534 -0.4306, -5.3622 0.048 -0.4212, -5.3661 0.048 -0.4212, -5.3622 0.0395 -0.4123, -5.3661 0.0395 -0.4123, -5.3622 0.0303 -0.4066, -5.3661 0.0303 -0.4066, -5.3622 0.0191 -0.4028, -5.3661 0.0191 -0.4028, -5.3661 0.0535 -0.4746, -5.3622 0.0535 -0.4746, -5.3622 0.0566 -0.4632, -5.3661 0.0566 -0.4632, -5.3661 0.0403 -0.4746, -5.3622 0.0403 -0.4746, -5.3661 0.0466 -0.4515, -5.3622 0.0466 -0.4515, -5.3622 0.0451 -0.4635, -5.3661 0.0451 -0.4635, -5.3661 0.0059 -0.4146, -5.3622 0.0059 -0.4146, -5.3622 0.0136 -0.415, -5.3661 0.0136 -0.415, -5.3622 0.0241 -0.4177, -5.3661 0.0241 -0.4177, -5.3622 0.0317 -0.4217, -5.3661 0.0317 -0.4217, -5.3622 0.0383 -0.4277, -5.3661 0.0383 -0.4277, -5.3622 0.0429 -0.4345, -5.3661 0.0429 -0.4345, -5.3622 0.0455 -0.4418, -5.3661 0.0455 -0.4418, -5.3661 -0.0326 -0.4493, -5.3622 -0.0326 -0.4493, -5.3622 -0.0316 -0.4401, -5.3661 -0.0316 -0.4401, -5.3622 -0.0289 -0.433, -5.3661 -0.0289 -0.433, -5.3622 -0.0249 -0.4269, -5.3661 -0.0249 -0.4269, -5.3622 -0.02 -0.4223, -5.3661 -0.02 -0.4223, -5.3622 -0.0132 -0.4182, -5.3661 -0.0132 -0.4182, -5.3622 -0.0047 -0.4156, -5.3661 -0.0047 -0.4156, -5.3622 -0.0273 -0.4728, -5.3661 -0.0273 -0.4728, -5.3622 -0.0312 -0.4624, -5.3661 -0.0312 -0.4624, -5.3661 -0.0314 -0.393, -5.3661 -0.0422 -0.393, -5.3622 -0.0314 -0.393, -5.3622 -0.0422 -0.393, -5.3661 -0.0422 -0.3425, -5.3622 -0.0422 -0.3425, -5.3661 0.0562 -0.3425, -5.3622 0.0562 -0.3425, -5.3661 0.0562 -0.3557, -5.3622 0.0562 -0.3557, -5.3661 -0.0314 -0.3557, -5.3622 -0.0314 -0.3557
            ]
        }
        coordIndex [
            0,1,2,-1,2,1,3,-1,1,4,3,-1,3,4,5,-1,4,6,5,-1,5,6,7,-1,6,8,7,-1,7,8,9,-1,8,10,9,-1,9,10,11,-1,10,12,11,-1,11,12,13,-1,12,14,13,-1,13,14,15,-1,14,0,15,-1,15,0,2,-1,16,8,17,-1,17,8,6,-1,18,14,16,-1,16,14,12,-1,16,12,8,-1,8,12,10,-1,18,19,14,-1,14,19,20,-1,14,20,0,-1,0,20,21,-1,0,21,22,-1,22,23,0,-1,0,23,17,-1,0,17,1,-1,1,17,6,-1,1,6,4,-1,16,17,24,-1,24,17,25,-1,18,16,26,-1,26,16,24,-1,18,26,27,-1,18,27,19,-1,19,27,28,-1,19,28,20,-1,21,20,29,-1,29,20,28,-1,21,29,30,-1,21,30,22,-1,22,30,31,-1,22,31,23,-1,17,23,25,-1,25,23,31,-1,32,33,34,-1,34,33,35,-1,33,36,35,-1,35,36,37,-1,36,38,37,-1,37,38,39,-1,40,41,42,-1,40,42,43,-1,43,42,44,-1,43,44,45,-1,45,44,46,-1,45,46,47,-1,47,46,48,-1,47,48,49,-1,49,48,50,-1,49,50,51,-1,51,50,52,-1,51,52,53,-1,53,52,54,-1,53,54,55,-1,55,54,39,-1,55,39,38,-1,32,34,56,-1,32,56,57,-1,57,56,58,-1,57,58,59,-1,59,58,60,-1,59,60,61,-1,61,60,62,-1,61,62,63,-1,63,62,64,-1,63,64,65,-1,65,64,66,-1,65,66,67,-1,67,66,41,-1,67,41,40,-1,45,47,68,-1,68,47,49,-1,68,49,69,-1,69,49,51,-1,69,51,70,-1,70,51,53,-1,70,53,71,-1,71,53,55,-1,71,55,72,-1,72,55,38,-1,72,38,73,-1,73,38,36,-1,73,36,74,-1,74,36,33,-1,74,33,75,-1,75,33,32,-1,75,32,76,-1,76,32,57,-1,76,57,77,-1,77,57,59,-1,77,59,78,-1,78,59,61,-1,78,61,79,-1,79,61,63,-1,79,63,80,-1,80,63,65,-1,80,65,81,-1,81,65,67,-1,81,67,82,-1,82,67,40,-1,82,40,83,-1,83,40,43,-1,83,43,84,-1,84,43,45,-1,84,45,68,-1,72,73,85,-1,85,73,86,-1,72,85,87,-1,72,87,71,-1,71,87,88,-1,71,88,70,-1,70,88,89,-1,70,89,69,-1,69,89,90,-1,69,90,68,-1,68,90,91,-1,68,91,84,-1,84,91,92,-1,84,92,83,-1,83,92,93,-1,83,93,82,-1,82,93,94,-1,82,94,81,-1,81,94,95,-1,81,95,80,-1,80,95,96,-1,80,96,79,-1,79,96,97,-1,79,97,78,-1,78,97,98,-1,78,98,77,-1,77,98,99,-1,77,99,76,-1,76,99,100,-1,76,100,75,-1,74,75,101,-1,101,75,100,-1,73,74,86,-1,86,74,101,-1,102,103,104,-1,104,103,105,-1,103,106,105,-1,105,106,107,-1,106,108,107,-1,107,108,109,-1,108,110,109,-1,109,110,111,-1,110,112,111,-1,111,112,113,-1,112,114,113,-1,113,114,115,-1,114,116,115,-1,115,116,117,-1,116,118,117,-1,117,118,119,-1,118,120,119,-1,119,120,121,-1,120,122,121,-1,121,122,123,-1,122,124,123,-1,123,124,125,-1,124,102,125,-1,125,102,104,-1,106,103,102,-1,102,124,106,-1,106,124,122,-1,106,122,108,-1,112,110,114,-1,114,110,108,-1,114,108,116,-1,116,108,122,-1,116,122,118,-1,118,122,120,-1,126,127,128,-1,128,127,129,-1,129,127,130,-1,131,132,133,-1,131,133,134,-1,134,133,135,-1,134,135,130,-1,130,135,136,-1,130,136,129,-1,137,138,139,-1,137,139,140,-1,140,139,141,-1,140,141,142,-1,142,141,143,-1,142,143,144,-1,144,143,145,-1,144,145,146,-1,146,145,147,-1,146,147,148,-1,148,147,149,-1,148,149,150,-1,150,149,131,-1,131,149,151,-1,131,151,132,-1,152,153,154,-1,152,154,155,-1,155,154,156,-1,155,156,157,-1,157,156,158,-1,157,158,159,-1,159,158,160,-1,159,160,161,-1,161,160,162,-1,161,162,163,-1,163,162,164,-1,163,164,165,-1,165,164,138,-1,165,138,137,-1,166,167,168,-1,166,168,169,-1,169,168,153,-1,169,153,152,-1,166,170,167,-1,167,170,171,-1,172,173,174,-1,172,174,175,-1,175,174,171,-1,175,171,170,-1,176,177,178,-1,176,178,179,-1,179,178,180,-1,179,180,181,-1,181,180,182,-1,181,182,183,-1,183,182,184,-1,183,184,185,-1,185,184,186,-1,185,186,187,-1,187,186,188,-1,187,188,189,-1,189,188,173,-1,189,173,172,-1,190,191,192,-1,190,192,193,-1,193,192,194,-1,193,194,195,-1,195,194,196,-1,195,196,197,-1,197,196,198,-1,197,198,199,-1,199,198,200,-1,199,200,201,-1,201,200,202,-1,201,202,203,-1,203,202,177,-1,203,177,176,-1,126,128,204,-1,126,204,205,-1,205,204,206,-1,205,206,207,-1,207,206,191,-1,207,191,190,-1,193,131,190,-1,190,131,134,-1,190,134,207,-1,207,134,130,-1,207,130,205,-1,205,130,127,-1,205,127,126,-1,170,166,175,-1,175,166,169,-1,175,169,172,-1,172,169,152,-1,172,152,189,-1,189,152,155,-1,189,155,187,-1,187,155,157,-1,187,157,185,-1,185,157,159,-1,185,159,183,-1,183,159,161,-1,183,161,181,-1,181,161,163,-1,181,163,179,-1,179,163,165,-1,179,165,176,-1,176,165,137,-1,176,137,203,-1,203,137,140,-1,203,140,201,-1,201,140,142,-1,201,142,199,-1,199,142,144,-1,199,144,197,-1,197,144,146,-1,197,146,195,-1,195,146,148,-1,195,148,193,-1,193,148,150,-1,193,150,131,-1,208,209,210,-1,210,209,211,-1,209,212,211,-1,211,212,213,-1,212,214,213,-1,213,214,215,-1,214,216,215,-1,215,216,217,-1,216,218,217,-1,217,218,219,-1,218,208,219,-1,219,208,210,-1,216,214,218,-1,218,214,212,-1,218,212,208,-1,208,212,209,-1,
        ]
    }
}
Shape{
    appearance Appearance {
        material  Material {
            diffuseColor 0.9490196078431372 0.7607843137254902 0.1803921568627451
            specularColor 0.7607843137254902 0.6078431372549019 0.1450980392156863
            ambientIntensity 0.7509
            transparency 0.0
            shininess 0.5
        }
    }
    geometry IndexedFaceSet {
        ccw TRUE
        solid FALSE
        coord DEF co Coordinate {
            point [
                -5.3622 -0.0038 -0.6793, -5.3622 -0.0038 -0.7123, -5.3622 0.0373 -0.694, -5.3622 0.0373 -0.6974, -5.3622 0.0407 -0.695, -5.3622 0.0407 -0.6966, -5.3622 0.0442 -0.6956, -5.3622 0.0442 -0.6959, -5.3622 0.0454 -0.579, -5.3622 -0.0314 -0.579, -5.3622 0.0454 -0.5935, -5.3622 -0.0314 -0.593, -5.3622 -0.0304 -0.6034, -5.3622 0.008 -0.6318, -5.3622 0.0177 -0.631, -5.3622 0.0255 -0.6287, -5.3622 0.0442 -0.6052, -5.3622 -0.0279 -0.6116, -5.3622 -0.0239 -0.6184, -5.3622 -0.0184 -0.6239, -5.3622 -0.0116 -0.628, -5.3622 -0.0024 -0.6309, -5.3622 0.0316 -0.6253, -5.3622 0.0367 -0.6205, -5.3622 0.0413 -0.6133, -6.3622 0.0466 -0.4515, -6.3622 0.0455 -0.4418, -6.3622 -0.0273 -0.4728, -6.3622 0.0574 -0.4514, -6.3622 0.0566 -0.4632, -6.3622 0.0562 -0.4938, -6.3622 -0.0338 -0.4179, -6.3622 -0.026 -0.4105, -6.3622 -0.0422 -0.393, -6.3622 -0.0428 -0.4417, -6.3622 -0.0422 -0.3425, -6.3622 0.0451 -0.4635, -6.3622 -0.0263 -0.4746, -6.3622 0.0403 -0.4746, -6.3622 0.0022 -0.5418, -6.3622 -0.0428 -0.5562, -6.3622 0.013 -0.5418, -6.3622 0.0454 -0.5442, -6.3622 0.013 -0.507, -6.3622 0.0454 -0.507, -6.3622 0.1378 0.1969, -6.3622 0.0562 -0.3425, -6.3622 0.0562 -0.3557, -6.3622 0.0303 -0.4066, -6.3622 0.0395 -0.4123, -6.3622 0.048 -0.4212, -6.3622 0.0534 -0.4306, -6.3622 -0.0314 -0.393, -6.3622 -0.0167 -0.4053, -6.3622 -0.0314 -0.3557, -6.3622 0.0562 -0.5442, -6.3622 0.1378 -0.5562, -6.3622 0.0566 -0.4415, -6.3622 0.0535 -0.4746, -6.3622 -0.0422 -0.4938, -6.3622 -0.0371 -0.4746, -6.3622 -0.0422 -0.4354, -6.3622 -0.0389 -0.4258, -6.3622 0.0429 -0.4345, -6.3622 0.0383 -0.4277, -6.3622 0.0317 -0.4217, -6.3622 0.0059 -0.4146, -6.3622 -0.0047 -0.4156, -6.3622 -0.0132 -0.4182, -6.3622 -0.0316 -0.4401, -6.3622 -0.0326 -0.4493, -6.3622 -0.0289 -0.433, -6.3622 -0.0249 -0.4269, -6.3622 -0.02 -0.4223, -6.3622 -0.0312 -0.4624, -6.3622 -0.0063 -0.4023, -6.3622 0.0051 -0.4014, -6.3622 0.0191 -0.4028, -6.3622 0.0241 -0.4177, -6.3622 0.0136 -0.415, -6.3622 0.0022 -0.507, -6.3622 -0.0314 -0.507, -6.3622 -0.0314 -0.5466, -6.3622 -0.0422 -0.5466, -6.3622 -0.0428 -0.4541, -6.3622 -0.0434 -0.4502, -6.3622 -0.1378 -0.5562, -6.3622 -0.0434 -0.4475, -6.3622 -0.0428 0.1969, -6.3622 -0.1378 0.1969, -6.3622 0.0562 -0.6894, -6.3622 0.0562 -0.7026, -6.3622 -0.0422 -0.5926, -6.3622 -0.0422 -0.5658, -6.3622 0.0562 -0.5658, -6.3622 -0.0422 -0.7266, -6.3622 -0.0422 -0.741, -6.3622 -0.0428 -1.0236, -6.3622 0.1378 -1.0236, -6.3622 0.0562 -0.5936, -6.3622 0.0547 -0.6078, -6.3622 0.0506 -0.6193, -6.3622 0.0435 -0.63, -6.3622 -0.0422 -0.6522, -6.3622 -0.0152 -0.6401, -6.3622 -0.024 -0.6345, -6.3622 0.0434 -0.6301, -6.3622 0.0357 -0.6371, -6.3622 0.0272 -0.6417, -6.3622 -0.0318 -0.6264, -6.3622 -0.0378 -0.6161, -6.3622 -0.0412 -0.6047, -6.3622 -0.0422 -0.6666, -6.3622 -0.0146 -0.676, -6.3622 -0.0146 -0.7167, -6.3622 0.0175 -0.6443, -6.3622 0.0082 -0.645, -6.3622 -0.0049 -0.6436, -6.3622 -0.0414 -0.4641, -6.3622 -0.1378 -1.0236
            ]
        }
        coordIndex [
            0,1,2,-1,2,1,3,-1,2,3,4,-1,4,3,5,-1,4,5,6,-1,6,5,7,-1,8,9,10,-1,10,9,11,-1,10,11,12,-1,13,14,10,-1,10,14,15,-1,10,15,16,-1,12,17,10,-1,10,17,18,-1,10,18,19,-1,19,20,10,-1,10,20,21,-1,10,21,13,-1,22,23,15,-1,15,23,24,-1,15,24,16,-1,25,26,27,-1,28,29,30,-1,31,32,33,-1,34,33,35,-1,25,27,36,-1,36,27,37,-1,36,37,38,-1,39,40,41,-1,41,40,42,-1,41,42,43,-1,43,42,44,-1,45,46,47,-1,48,49,47,-1,47,49,50,-1,47,50,51,-1,33,32,52,-1,52,32,53,-1,52,53,54,-1,55,56,30,-1,30,56,45,-1,30,45,28,-1,28,45,47,-1,28,47,57,-1,57,47,51,-1,29,58,30,-1,30,58,38,-1,30,38,59,-1,59,38,37,-1,59,37,60,-1,34,61,33,-1,33,61,62,-1,33,62,31,-1,26,63,27,-1,27,63,64,-1,27,64,65,-1,66,67,27,-1,27,67,68,-1,69,70,71,-1,71,70,72,-1,68,73,27,-1,27,73,72,-1,27,72,74,-1,74,72,70,-1,53,75,54,-1,54,75,76,-1,54,76,47,-1,47,76,77,-1,47,77,48,-1,65,78,27,-1,27,78,79,-1,27,79,66,-1,80,81,39,-1,39,81,82,-1,39,82,40,-1,40,82,83,-1,40,83,59,-1,84,85,86,-1,86,85,87,-1,86,87,34,-1,46,45,35,-1,35,45,88,-1,35,88,34,-1,34,88,89,-1,34,89,86,-1,56,90,91,-1,92,93,40,-1,55,42,56,-1,56,42,40,-1,56,40,94,-1,94,40,93,-1,95,40,96,-1,96,40,97,-1,96,97,91,-1,91,97,98,-1,91,98,56,-1,94,99,56,-1,56,99,100,-1,56,100,90,-1,90,100,101,-1,90,101,102,-1,103,104,105,-1,102,106,90,-1,90,106,107,-1,90,107,108,-1,105,109,103,-1,103,109,110,-1,103,110,111,-1,111,92,103,-1,103,92,40,-1,103,40,112,-1,112,40,95,-1,112,95,113,-1,113,95,114,-1,108,115,90,-1,90,115,116,-1,90,116,103,-1,103,116,117,-1,103,117,104,-1,60,118,59,-1,59,118,84,-1,59,84,40,-1,40,84,86,-1,40,86,97,-1,97,86,119,-1,
        ]
    }
}
Shape{
    appearance Appearance {
        material  Material {
            diffuseColor 0.17647058823529413 0.17647058823529413 0.17647058823529413
            specularColor 0.050980392156862744 0.050980392156862744 0.050980392156862744
            ambientIntensity 0.251
            transparency 0.0
            shininess 0.5
        }
    }
    geometry IndexedFaceSet {
        ccw TRUE
        solid FALSE
        coord DEF co Coordinate {
            point [
                -6.6378 -0.1378 0.1969, -6.3622 -0.1378 0.1969, -6.0 -0.2638 0.1969, -6.3622 -0.0428 0.1969, -6.0 0.2638 0.1969, -6.3622 0.1378 0.1969, -7.0 0.2638 0.1969, -6.6378 0.1378 0.1969, -7.0 -0.2638 0.1969, -6.8819 -0.5 0.0118, -6.8819 -0.5 0.9843, -7.0 -0.3819 0.0118, -7.0 -0.3819 0.9843, -6.1181 -0.5 0.0118, -6.1181 -0.5 0.9843, -6.0 -0.3819 0.0118, -6.0 -0.3819 0.9843, -6.0 -0.2638 0.0118, -6.0 0.2638 0.0118, -6.0 0.3819 0.0118, -6.0 0.3819 0.9843, -6.1181 0.5 0.0118, -6.1181 0.5 0.9843, -6.8819 0.5 0.0118, -6.8819 0.5 0.9843, -7.0 0.3819 0.0118, -7.0 0.3819 0.9843, -7.0 0.2638 0.0118, -7.0 -0.2638 0.0118, -6.6378 0.1378 0.9843, -6.6378 -0.1378 0.9843, -6.3622 -0.1378 0.9843, -6.3622 0.1378 0.9843
            ]
        }
        coordIndex [
            0,1,2,-1,2,1,3,-1,2,3,4,-1,4,3,5,-1,4,5,6,-1,6,5,7,-1,6,7,8,-1,8,7,0,-1,8,0,2,-1,9,10,11,-1,11,10,12,-1,13,14,9,-1,9,14,10,-1,15,16,13,-1,13,16,14,-1,15,17,2,-1,18,19,4,-1,4,19,20,-1,4,20,2,-1,2,20,16,-1,2,16,15,-1,21,22,19,-1,19,22,20,-1,23,24,21,-1,21,24,22,-1,25,26,23,-1,23,26,24,-1,25,27,6,-1,28,11,8,-1,8,11,12,-1,8,12,6,-1,6,12,26,-1,6,26,25,-1,10,14,16,-1,29,26,30,-1,30,26,12,-1,30,12,31,-1,12,10,31,-1,31,10,16,-1,31,16,32,-1,32,16,20,-1,32,20,29,-1,29,20,22,-1,29,22,26,-1,26,22,24,-1,6,27,4,-1,4,27,18,-1,23,21,25,-1,25,21,19,-1,25,19,27,-1,27,19,18,-1,2,17,8,-1,8,17,28,-1,28,17,15,-1,15,13,28,-1,28,13,9,-1,28,9,11,-1,
        ]
    }
}
Shape{
    appearance Appearance {
        material  Material {
            diffuseColor 0.9490196078431372 0.7607843137254902 0.1803921568627451
            specularColor 0.7607843137254902 0.6078431372549019 0.1450980392156863
            ambientIntensity 0.7509
            transparency 0.0
            shininess 0.5
        }
    }
    geometry IndexedFaceSet {
        ccw TRUE
        solid FALSE
        coord DEF co Coordinate {
            point [
                -6.4016 -0.0984 3.3465, -6.4016 0.0984 3.3465, -6.5984 -0.0984 3.3465, -6.5984 0.0984 3.3465, -6.3622 0.1378 3.189, -6.3622 0.1378 0.9843, -6.6378 0.1378 3.189, -6.6378 0.1378 0.9843, -6.6378 -0.1378 3.189, -6.6378 -0.1378 0.9843, -6.3622 -0.1378 3.189, -6.3622 -0.1378 0.9843, -6.3622 -0.1378 0.1969, -6.6378 -0.1378 0.1969, -6.3622 -0.1378 -0.5562, -6.6378 -0.1378 -1.0236, -6.3622 -0.1378 -1.0236, -6.6378 0.1378 -1.0236, -6.6378 0.1378 0.1969, -6.3622 0.1378 0.1969, -6.3622 0.1378 -0.5562, -6.3622 0.1378 -1.0236, -6.4016 0.0984 -1.1811, -6.4016 -0.0984 -1.1811, -6.5984 0.0984 -1.1811, -6.5984 -0.0984 -1.1811, -6.3622 -0.0428 -1.0236
            ]
        }
        coordIndex [
            0,1,2,-1,2,1,3,-1,4,5,6,-1,6,5,7,-1,6,7,8,-1,8,7,9,-1,8,9,10,-1,10,9,11,-1,10,11,4,-1,4,11,5,-1,12,13,14,-1,14,13,15,-1,14,15,16,-1,15,13,17,-1,17,13,18,-1,18,19,17,-1,17,19,20,-1,17,20,21,-1,22,23,24,-1,24,23,25,-1,23,16,25,-1,25,16,15,-1,16,23,26,-1,26,23,22,-1,26,22,21,-1,17,24,15,-1,15,24,25,-1,24,17,22,-1,22,17,21,-1,6,3,4,-1,4,3,1,-1,8,2,6,-1,6,2,3,-1,0,10,1,-1,1,10,4,-1,10,0,8,-1,8,0,2,-1,
        ]
    }
}
Shape{
    appearance Appearance {
        material  Material {
            diffuseColor 0.0 0.0 0.0
            specularColor 0.0 0.0 0.0
            ambientIntensity 0.0
            transparency 0.0
            shininess 0.5
        }
    }
    geometry IndexedFaceSet {
        ccw TRUE
        solid FALSE
        coord DEF co Coordinate {
            point [
                -6.3661 0.0562 -0.7026, -6.3661 -0.0422 -0.741, -6.3622 0.0562 -0.7026, -6.3622 -0.0422 -0.741, -6.3661 -0.0422 -0.7266, -6.3622 -0.0422 -0.7266, -6.3661 -0.0146 -0.7167, -6.3622 -0.0146 -0.7167, -6.3661 -0.0146 -0.676, -6.3622 -0.0146 -0.676, -6.3661 -0.0422 -0.6666, -6.3622 -0.0422 -0.6666, -6.3661 -0.0422 -0.6522, -6.3622 -0.0422 -0.6522, -6.3661 0.0562 -0.6894, -6.3622 0.0562 -0.6894, -6.3661 -0.0038 -0.6793, -6.3661 -0.0038 -0.7123, -6.3661 0.0373 -0.694, -6.3661 0.0407 -0.695, -6.3661 0.0442 -0.6956, -6.3661 0.0442 -0.6959, -6.3661 0.0407 -0.6966, -6.3661 0.0373 -0.6974, -6.3622 -0.0038 -0.6793, -6.3622 -0.0038 -0.7123, -6.3622 0.0373 -0.694, -6.3622 0.0407 -0.695, -6.3622 0.0442 -0.6956, -6.3622 0.0442 -0.6959, -6.3622 0.0407 -0.6966, -6.3622 0.0373 -0.6974, -6.3661 -0.0422 -0.5926, -6.3661 -0.0422 -0.5658, -6.3622 -0.0422 -0.5926, -6.3622 -0.0422 -0.5658, -6.3661 0.0562 -0.5658, -6.3622 0.0562 -0.5658, -6.3661 0.0562 -0.5936, -6.3622 0.0562 -0.5936, -6.3661 0.0082 -0.645, -6.3622 0.0082 -0.645, -6.3622 0.0175 -0.6443, -6.3661 0.0175 -0.6443, -6.3622 0.0272 -0.6417, -6.3661 0.0272 -0.6417, -6.3622 0.0357 -0.6371, -6.3661 0.0357 -0.6371, -6.3622 0.0434 -0.6301, -6.3661 0.0434 -0.6301, -6.3622 0.0435 -0.63, -6.3661 0.0435 -0.63, -6.3622 0.0506 -0.6193, -6.3661 0.0506 -0.6193, -6.3622 0.0547 -0.6078, -6.3661 0.0547 -0.6078, -6.3622 -0.0412 -0.6047, -6.3661 -0.0412 -0.6047, -6.3622 -0.0378 -0.6161, -6.3661 -0.0378 -0.6161, -6.3622 -0.0318 -0.6264, -6.3661 -0.0318 -0.6264, -6.3622 -0.024 -0.6345, -6.3661 -0.024 -0.6345, -6.3622 -0.0152 -0.6401, -6.3661 -0.0152 -0.6401, -6.3622 -0.0049 -0.6436, -6.3661 -0.0049 -0.6436, -6.3661 0.0316 -0.6253, -6.3661 0.0367 -0.6205, -6.3661 0.0413 -0.6133, -6.3661 0.0442 -0.6052, -6.3661 0.0454 -0.5935, -6.3661 0.0454 -0.579, -6.3661 -0.0314 -0.579, -6.3661 -0.0314 -0.593, -6.3661 -0.0304 -0.6034, -6.3661 -0.0279 -0.6116, -6.3661 -0.0239 -0.6184, -6.3661 -0.0184 -0.6239, -6.3661 -0.0116 -0.628, -6.3661 -0.0024 -0.6309, -6.3661 0.008 -0.6318, -6.3661 0.0177 -0.631, -6.3661 0.0255 -0.6287, -6.3622 0.0454 -0.5935, -6.3622 0.0454 -0.579, -6.3622 0.0442 -0.6052, -6.3622 0.0413 -0.6133, -6.3622 0.0367 -0.6205, -6.3622 0.0316 -0.6253, -6.3622 0.0255 -0.6287, -6.3622 0.0177 -0.631, -6.3622 0.008 -0.6318, -6.3622 -0.0024 -0.6309, -6.3622 -0.0116 -0.628, -6.3622 -0.0184 -0.6239, -6.3622 -0.0239 -0.6184, -6.3622 -0.0279 -0.6116, -6.3622 -0.0304 -0.6034, -6.3622 -0.0314 -0.593, -6.3622 -0.0314 -0.579, -6.3661 -0.0314 -0.5466, -6.3661 -0.0422 -0.5466, -6.3622 -0.0314 -0.5466, -6.3622 -0.0422 -0.5466, -6.3661 -0.0422 -0.4938, -6.3622 -0.0422 -0.4938, -6.3661 0.0562 -0.4938, -6.3622 0.0562 -0.4938, -6.3661 0.0562 -0.5442, -6.3622 0.0562 -0.5442, -6.3661 0.0454 -0.5442, -6.3622 0.0454 -0.5442, -6.3661 0.0454 -0.507, -6.3622 0.0454 -0.507, -6.3661 0.013 -0.507, -6.3622 0.013 -0.507, -6.3661 0.013 -0.5418, -6.3622 0.013 -0.5418, -6.3661 0.0022 -0.5418, -6.3622 0.0022 -0.5418, -6.3661 0.0022 -0.507, -6.3622 0.0022 -0.507, -6.3661 -0.0314 -0.507, -6.3622 -0.0314 -0.507, -6.3661 -0.0263 -0.4746, -6.3661 -0.0371 -0.4746, -6.3622 -0.0263 -0.4746, -6.3622 -0.0371 -0.4746, -6.3661 -0.0414 -0.4641, -6.3661 -0.0434 -0.4475, -6.3622 -0.0434 -0.4475, -6.3622 -0.0434 -0.4502, -6.3661 -0.0434 -0.4502, -6.3622 -0.0428 -0.4541, -6.3622 -0.0414 -0.4641, -6.3661 0.0051 -0.4014, -6.3622 0.0051 -0.4014, -6.3622 -0.0063 -0.4023, -6.3661 -0.0063 -0.4023, -6.3622 -0.0167 -0.4053, -6.3661 -0.0167 -0.4053, -6.3622 -0.026 -0.4105, -6.3661 -0.026 -0.4105, -6.3622 -0.0338 -0.4179, -6.3661 -0.0338 -0.4179, -6.3622 -0.0389 -0.4258, -6.3661 -0.0389 -0.4258, -6.3622 -0.0422 -0.4354, -6.3661 -0.0422 -0.4354, -6.3622 -0.0428 -0.4417, -6.3661 0.0574 -0.4514, -6.3622 0.0574 -0.4514, -6.3622 0.0566 -0.4415, -6.3661 0.0566 -0.4415, -6.3622 0.0534 -0.4306, -6.3661 0.0534 -0.4306, -6.3622 0.048 -0.4212, -6.3661 0.048 -0.4212, -6.3622 0.0395 -0.4123, -6.3661 0.0395 -0.4123, -6.3622 0.0303 -0.4066, -6.3661 0.0303 -0.4066, -6.3622 0.0191 -0.4028, -6.3661 0.0191 -0.4028, -6.3661 0.0535 -0.4746, -6.3622 0.0535 -0.4746, -6.3622 0.0566 -0.4632, -6.3661 0.0566 -0.4632, -6.3661 0.0403 -0.4746, -6.3622 0.0403 -0.4746, -6.3661 0.0466 -0.4515, -6.3622 0.0466 -0.4515, -6.3622 0.0451 -0.4635, -6.3661 0.0451 -0.4635, -6.3661 0.0059 -0.4146, -6.3622 0.0059 -0.4146, -6.3622 0.0136 -0.415, -6.3661 0.0136 -0.415, -6.3622 0.0241 -0.4177, -6.3661 0.0241 -0.4177, -6.3622 0.0317 -0.4217, -6.3661 0.0317 -0.4217, -6.3622 0.0383 -0.4277, -6.3661 0.0383 -0.4277, -6.3622 0.0429 -0.4345, -6.3661 0.0429 -0.4345, -6.3622 0.0455 -0.4418, -6.3661 0.0455 -0.4418, -6.3661 -0.0326 -0.4493, -6.3622 -0.0326 -0.4493, -6.3622 -0.0316 -0.4401, -6.3661 -0.0316 -0.4401, -6.3622 -0.0289 -0.433, -6.3661 -0.0289 -0.433, -6.3622 -0.0249 -0.4269, -6.3661 -0.0249 -0.4269, -6.3622 -0.02 -0.4223, -6.3661 -0.02 -0.4223, -6.3622 -0.0132 -0.4182, -6.3661 -0.0132 -0.4182, -6.3622 -0.0047 -0.4156, -6.3661 -0.0047 -0.4156, -6.3622 -0.0273 -0.4728, -6.3661 -0.0273 -0.4728, -6.3622 -0.0312 -0.4624, -6.3661 -0.0312 -0.4624, -6.3661 -0.0314 -0.393, -6.3661 -0.0422 -0.393, -6.3622 -0.0314 -0.393, -6.3622 -0.0422 -0.393, -6.3661 -0.0422 -0.3425, -6.3622 -0.0422 -0.3425, -6.3661 0.0562 -0.3425, -6.3622 0.0562 -0.3425, -6.3661 0.0562 -0.3557, -6.3622 0.0562 -0.3557, -6.3661 -0.0314 -0.3557, -6.3622 -0.0314 -0.3557
            ]
        }
        coordIndex [
            0,1,2,-1,2,1,3,-1,1,4,3,-1,3,4,5,-1,4,6,5,-1,5,6,7,-1,6,8,7,-1,7,8,9,-1,8,10,9,-1,9,10,11,-1,10,12,11,-1,11,12,13,-1,12,14,13,-1,13,14,15,-1,14,0,15,-1,15,0,2,-1,16,8,17,-1,17,8,6,-1,18,14,16,-1,16,14,12,-1,16,12,8,-1,8,12,10,-1,18,19,14,-1,14,19,20,-1,14,20,0,-1,0,20,21,-1,0,21,22,-1,22,23,0,-1,0,23,17,-1,0,17,1,-1,1,17,6,-1,1,6,4,-1,16,17,24,-1,24,17,25,-1,18,16,26,-1,26,16,24,-1,18,26,27,-1,18,27,19,-1,19,27,28,-1,19,28,20,-1,21,20,29,-1,29,20,28,-1,21,29,30,-1,21,30,22,-1,22,30,31,-1,22,31,23,-1,17,23,25,-1,25,23,31,-1,32,33,34,-1,34,33,35,-1,33,36,35,-1,35,36,37,-1,36,38,37,-1,37,38,39,-1,40,41,42,-1,40,42,43,-1,43,42,44,-1,43,44,45,-1,45,44,46,-1,45,46,47,-1,47,46,48,-1,47,48,49,-1,49,48,50,-1,49,50,51,-1,51,50,52,-1,51,52,53,-1,53,52,54,-1,53,54,55,-1,55,54,39,-1,55,39,38,-1,32,34,56,-1,32,56,57,-1,57,56,58,-1,57,58,59,-1,59,58,60,-1,59,60,61,-1,61,60,62,-1,61,62,63,-1,63,62,64,-1,63,64,65,-1,65,64,66,-1,65,66,67,-1,67,66,41,-1,67,41,40,-1,45,47,68,-1,68,47,49,-1,68,49,69,-1,69,49,51,-1,69,51,70,-1,70,51,53,-1,70,53,71,-1,71,53,55,-1,71,55,72,-1,72,55,38,-1,72,38,73,-1,73,38,36,-1,73,36,74,-1,74,36,33,-1,74,33,75,-1,75,33,32,-1,75,32,76,-1,76,32,57,-1,76,57,77,-1,77,57,59,-1,77,59,78,-1,78,59,61,-1,78,61,79,-1,79,61,63,-1,79,63,80,-1,80,63,65,-1,80,65,81,-1,81,65,67,-1,81,67,82,-1,82,67,40,-1,82,40,83,-1,83,40,43,-1,83,43,84,-1,84,43,45,-1,84,45,68,-1,72,73,85,-1,85,73,86,-1,72,85,87,-1,72,87,71,-1,71,87,88,-1,71,88,70,-1,70,88,89,-1,70,89,69,-1,69,89,90,-1,69,90,68,-1,68,90,91,-1,68,91,84,-1,84,91,92,-1,84,92,83,-1,83,92,93,-1,83,93,82,-1,82,93,94,-1,82,94,81,-1,81,94,95,-1,81,95,80,-1,80,95,96,-1,80,96,79,-1,79,96,97,-1,79,97,78,-1,78,97,98,-1,78,98,77,-1,77,98,99,-1,77,99,76,-1,76,99,100,-1,76,100,75,-1,74,75,101,-1,101,75,100,-1,73,74,86,-1,86,74,101,-1,102,103,104,-1,104,103,105,-1,103,106,105,-1,105,106,107,-1,106,108,107,-1,107,108,109,-1,108,110,109,-1,109,110,111,-1,110,112,111,-1,111,112,113,-1,112,114,113,-1,113,114,115,-1,114,116,115,-1,115,116,117,-1,116,118,117,-1,117,118,119,-1,118,120,119,-1,119,120,121,-1,120,122,121,-1,121,122,123,-1,122,124,123,-1,123,124,125,-1,124,102,125,-1,125,102,104,-1,106,103,102,-1,102,124,106,-1,106,124,122,-1,106,122,108,-1,112,110,114,-1,114,110,108,-1,114,108,116,-1,116,108,122,-1,116,122,118,-1,118,122,120,-1,126,127,128,-1,128,127,129,-1,129,127,130,-1,131,132,133,-1,131,133,134,-1,134,133,135,-1,134,135,130,-1,130,135,136,-1,130,136,129,-1,137,138,139,-1,137,139,140,-1,140,139,141,-1,140,141,142,-1,142,141,143,-1,142,143,144,-1,144,143,145,-1,144,145,146,-1,146,145,147,-1,146,147,148,-1,148,147,149,-1,148,149,150,-1,150,149,131,-1,131,149,151,-1,131,151,132,-1,152,153,154,-1,152,154,155,-1,155,154,156,-1,155,156,157,-1,157,156,158,-1,157,158,159,-1,159,158,160,-1,159,160,161,-1,161,160,162,-1,161,162,163,-1,163,162,164,-1,163,164,165,-1,165,164,138,-1,165,138,137,-1,166,167,168,-1,166,168,169,-1,169,168,153,-1,169,153,152,-1,166,170,167,-1,167,170,171,-1,172,173,174,-1,172,174,175,-1,175,174,171,-1,175,171,170,-1,176,177,178,-1,176,178,179,-1,179,178,180,-1,179,180,181,-1,181,180,182,-1,181,182,183,-1,183,182,184,-1,183,184,185,-1,185,184,186,-1,185,186,187,-1,187,186,188,-1,187,188,189,-1,189,188,173,-1,189,173,172,-1,190,191,192,-1,190,192,193,-1,193,192,194,-1,193,194,195,-1,195,194,196,-1,195,196,197,-1,197,196,198,-1,197,198,199,-1,199,198,200,-1,199,200,201,-1,201,200,202,-1,201,202,203,-1,203,202,177,-1,203,177,176,-1,126,128,204,-1,126,204,205,-1,205,204,206,-1,205,206,207,-1,207,206,191,-1,207,191,190,-1,193,131,190,-1,190,131,134,-1,190,134,207,-1,207,134,130,-1,207,130,205,-1,205,130,127,-1,205,127,126,-1,170,166,175,-1,175,166,169,-1,175,169,172,-1,172,169,152,-1,172,152,189,-1,189,152,155,-1,189,155,187,-1,187,155,157,-1,187,157,185,-1,185,157,159,-1,185,159,183,-1,183,159,161,-1,183,161,181,-1,181,161,163,-1,181,163,179,-1,179,163,165,-1,179,165,176,-1,176,165,137,-1,176,137,203,-1,203,137,140,-1,203,140,201,-1,201,140,142,-1,201,142,199,-1,199,142,144,-1,199,144,197,-1,197,144,146,-1,197,146,195,-1,195,146,148,-1,195,148,193,-1,193,148,150,-1,193,150,131,-1,208,209,210,-1,210,209,211,-1,209,212,211,-1,211,212,213,-1,212,214,213,-1,213,214,215,-1,214,216,215,-1,215,216,217,-1,216,218,217,-1,217,218,219,-1,218,208,219,-1,219,208,210,-1,216,214,218,-1,218,214,212,-1,218,212,208,-1,208,212,209,-1,
        ]
    }
}
Shape{
    appearance Appearance {
        material  Material {
            diffuseColor 0.9490196078431372 0.7607843137254902 0.1803921568627451
            specularColor 0.7607843137254902 0.6078431372549019 0.1450980392156863
            ambientIntensity 0.7509
            transparency 0.0
            shininess 0.5
        }
    }
    geometry IndexedFaceSet {
        ccw TRUE
        solid FALSE
        coord DEF co Coordinate {
            point [
                -6.3622 -0.0038 -0.6793, -6.3622 -0.0038 -0.7123, -6.3622 0.0373 -0.694, -6.3622 0.0373 -0.6974, -6.3622 0.0407 -0.695, -6.3622 0.0407 -0.6966, -6.3622 0.0442 -0.6956, -6.3622 0.0442 -0.6959, -6.3622 0.0454 -0.579, -6.3622 -0.0314 -0.579, -6.3622 0.0454 -0.5935, -6.3622 -0.0314 -0.593, -6.3622 -0.0304 -0.6034, -6.3622 0.008 -0.6318, -6.3622 0.0177 -0.631, -6.3622 0.0255 -0.6287, -6.3622 0.0442 -0.6052, -6.3622 -0.0279 -0.6116, -6.3622 -0.0239 -0.6184, -6.3622 -0.0184 -0.6239, -6.3622 -0.0116 -0.628, -6.3622 -0.0024 -0.6309, -6.3622 0.0316 -0.6253, -6.3622 0.0367 -0.6205, -6.3622 0.0413 -0.6133, -7.3622 0.0466 -0.4515, -7.3622 0.0455 -0.4418, -7.3622 -0.0273 -0.4728, -7.3622 0.0574 -0.4514, -7.3622 0.0566 -0.4632, -7.3622 0.0562 -0.4938, -7.3622 -0.0338 -0.4179, -7.3622 -0.026 -0.4105, -7.3622 -0.0422 -0.393, -7.3622 -0.0428 -0.4417, -7.3622 -0.0422 -0.3425, -7.3622 0.0451 -0.4635, -7.3622 -0.0263 -0.4746, -7.3622 0.0403 -0.4746, -7.3622 0.0022 -0.5418, -7.3622 -0.0428 -0.5562, -7.3622 0.013 -0.5418, -7.3622 0.0454 -0.5442, -7.3622 0.013 -0.507, -7.3622 0.0454 -0.507, -7.3622 0.1378 0.1969, -7.3622 0.0562 -0.3425, -7.3622 0.0562 -0.3557, -7.3622 0.0303 -0.4066, -7.3622 0.0395 -0.4123, -7.3622 0.048 -0.4212, -7.3622 0.0534 -0.4306, -7.3622 -0.0314 -0.393, -7.3622 -0.0167 -0.4053, -7.3622 -0.0314 -0.3557, -7.3622 0.0562 -0.5442, -7.3622 0.1378 -0.5562, -7.3622 0.0566 -0.4415, -7.3622 0.0535 -0.4746, -7.3622 -0.0422 -0.4938, -7.3622 -0.0371 -0.4746, -7.3622 -0.0422 -0.4354, -7.3622 -0.0389 -0.4258, -7.3622 0.0429 -0.4345, -7.3622 0.0383 -0.4277, -7.3622 0.0317 -0.4217, -7.3622 0.0059 -0.4146, -7.3622 -0.0047 -0.4156, -7.3622 -0.0132 -0.4182, -7.3622 -0.0316 -0.4401, -7.3622 -0.0326 -0.4493, -7.3622 -0.0289 -0.433, -7.3622 -0.0249 -0.4269, -7.3622 -0.02 -0.4223, -7.3622 -0.0312 -0.4624, -7.3622 -0.0063 -0.4023, -7.3622 0.0051 -0.4014, -7.3622 0.0191 -0.4028, -7.3622 0.0241 -0.4177, -7.3622 0.0136 -0.415, -7.3622 0.0022 -0.507, -7.3622 -0.0314 -0.507, -7.3622 -0.0314 -0.5466, -7.3622 -0.0422 -0.5466, -7.3622 -0.0428 -0.4541, -7.3622 -0.0434 -0.4502, -7.3622 -0.1378 -0.5562, -7.3622 -0.0434 -0.4475, -7.3622 -0.0428 0.1969, -7.3622 -0.1378 0.1969, -7.3622 0.0562 -0.6894, -7.3622 0.0562 -0.7026, -7.3622 -0.0422 -0.5926, -7.3622 -0.0422 -0.5658, -7.3622 0.0562 -0.5658, -7.3622 -0.0422 -0.7266, -7.3622 -0.0422 -0.741, -7.3622 -0.0428 -1.0236, -7.3622 0.1378 -1.0236, -7.3622 0.0562 -0.5936, -7.3622 0.0547 -0.6078, -7.3622 0.0506 -0.6193, -7.3622 0.0435 -0.63, -7.3622 -0.0422 -0.6522, -7.3622 -0.0152 -0.6401, -7.3622 -0.024 -0.6345, -7.3622 0.0434 -0.6301, -7.3622 0.0357 -0.6371, -7.3622 0.0272 -0.6417, -7.3622 -0.0318 -0.6264, -7.3622 -0.0378 -0.6161, -7.3622 -0.0412 -0.6047, -7.3622 -0.0422 -0.6666, -7.3622 -0.0146 -0.676, -7.3622 -0.0146 -0.7167, -7.3622 0.0175 -0.6443, -7.3622 0.0082 -0.645, -7.3622 -0.0049 -0.6436, -7.3622 -0.0414 -0.4641, -7.3622 -0.1378 -1.0236
            ]
        }
        coordIndex [
            0,1,2,-1,2,1,3,-1,2,3,4,-1,4,3,5,-1,4,5,6,-1,6,5,7,-1,8,9,10,-1,10,9,11,-1,10,11,12,-1,13,14,10,-1,10,14,15,-1,10,15,16,-1,12,17,10,-1,10,17,18,-1,10,18,19,-1,19,20,10,-1,10,20,21,-1,10,21,13,-1,22,23,15,-1,15,23,24,-1,15,24,16,-1,25,26,27,-1,28,29,30,-1,31,32,33,-1,34,33,35,-1,25,27,36,-1,36,27,37,-1,36,37,38,-1,39,40,41,-1,41,40,42,-1,41,42,43,-1,43,42,44,-1,45,46,47,-1,48,49,47,-1,47,49,50,-1,47,50,51,-1,33,32,52,-1,52,32,53,-1,52,53,54,-1,55,56,30,-1,30,56,45,-1,30,45,28,-1,28,45,47,-1,28,47,57,-1,57,47,51,-1,29,58,30,-1,30,58,38,-1,30,38,59,-1,59,38,37,-1,59,37,60,-1,34,61,33,-1,33,61,62,-1,33,62,31,-1,26,63,27,-1,27,63,64,-1,27,64,65,-1,66,67,27,-1,27,67,68,-1,69,70,71,-1,71,70,72,-1,68,73,27,-1,27,73,72,-1,27,72,74,-1,74,72,70,-1,53,75,54,-1,54,75,76,-1,54,76,47,-1,47,76,77,-1,47,77,48,-1,65,78,27,-1,27,78,79,-1,27,79,66,-1,80,81,39,-1,39,81,82,-1,39,82,40,-1,40,82,83,-1,40,83,59,-1,84,85,86,-1,86,85,87,-1,86,87,34,-1,46,45,35,-1,35,45,88,-1,35,88,34,-1,34,88,89,-1,34,89,86,-1,56,90,91,-1,92,93,40,-1,55,42,56,-1,56,42,40,-1,56,40,94,-1,94,40,93,-1,95,40,96,-1,96,40,97,-1,96,97,91,-1,91,97,98,-1,91,98,56,-1,94,99,56,-1,56,99,100,-1,56,100,90,-1,90,100,101,-1,90,101,102,-1,103,104,105,-1,102,106,90,-1,90,106,107,-1,90,107,108,-1,105,109,103,-1,103,109,110,-1,103,110,111,-1,111,92,103,-1,103,92,40,-1,103,40,112,-1,112,40,95,-1,112,95,113,-1,113,95,114,-1,108,115,90,-1,90,115,116,-1,90,116,103,-1,103,116,117,-1,103,117,104,-1,60,118,59,-1,59,118,84,-1,59,84,40,-1,40,84,86,-1,40,86,97,-1,97,86,119,-1,
        ]
    }
}
Shape{
    appearance Appearance {
        material  Material {
            diffuseColor 0.17647058823529413 0.17647058823529413 0.17647058823529413
            specularColor 0.050980392156862744 0.050980392156862744 0.050980392156862744
            ambientIntensity 0.251
            transparency 0.0
            shininess 0.5
        }
    }
    geometry IndexedFaceSet {
        ccw TRUE
        solid FALSE
        coord DEF co Coordinate {
            point [
                -7.6378 -0.1378 0.1969, -7.3622 -0.1378 0.1969, -7.0 -0.2638 0.1969, -7.3622 -0.0428 0.1969, -7.0 0.2638 0.1969, -7.3622 0.1378 0.1969, -8.0 0.2638 0.1969, -7.6378 0.1378 0.1969, -8.0 -0.2638 0.1969, -7.8819 -0.5 0.0118, -7.8819 -0.5 0.9843, -8.0 -0.3819 0.0118, -8.0 -0.3819 0.9843, -7.1181 -0.5 0.0118, -7.1181 -0.5 0.9843, -7.0 -0.3819 0.0118, -7.0 -0.3819 0.9843, -7.0 -0.2638 0.0118, -7.0 0.2638 0.0118, -7.0 0.3819 0.0118, -7.0 0.3819 0.9843, -7.1181 0.5 0.0118, -7.1181 0.5 0.9843, -7.8819 0.5 0.0118, -7.8819 0.5 0.9843, -8.0 0.3819 0.0118, -8.0 0.3819 0.9843, -8.0 0.2638 0.0118, -8.0 -0.2638 0.0118, -7.6378 0.1378 0.9843, -7.6378 -0.1378 0.9843, -7.3622 -0.1378 0.9843, -7.3622 0.1378 0.9843
            ]
        }
        coordIndex [
            0,1,2,-1,2,1,3,-1,2,3,4,-1,4,3,5,-1,4,5,6,-1,6,5,7,-1,6,7,8,-1,8,7,0,-1,8,0,2,-1,9,10,11,-1,11,10,12,-1,13,14,9,-1,9,14,10,-1,15,16,13,-1,13,16,14,-1,15,17,2,-1,18,19,4,-1,4,19,20,-1,4,20,2,-1,2,20,16,-1,2,16,15,-1,21,22,19,-1,19,22,20,-1,23,24,21,-1,21,24,22,-1,25,26,23,-1,23,26,24,-1,25,27,6,-1,28,11,8,-1,8,11,12,-1,8,12,6,-1,6,12,26,-1,6,26,25,-1,10,14,16,-1,29,26,30,-1,30,26,12,-1,30,12,31,-1,12,10,31,-1,31,10,16,-1,31,16,32,-1,32,16,20,-1,32,20,29,-1,29,20,22,-1,29,22,26,-1,26,22,24,-1,6,27,4,-1,4,27,18,-1,23,21,25,-1,25,21,19,-1,25,19,27,-1,27,19,18,-1,2,17,8,-1,8,17,28,-1,28,17,15,-1,15,13,28,-1,28,13,9,-1,28,9,11,-1,
        ]
    }
}
Shape{
    appearance Appearance {
        material  Material {
            diffuseColor 0.9490196078431372 0.7607843137254902 0.1803921568627451
            specularColor 0.7607843137254902 0.6078431372549019 0.1450980392156863
            ambientIntensity 0.7509
            transparency 0.0
            shininess 0.5
        }
    }
    geometry IndexedFaceSet {
        ccw TRUE
        solid FALSE
        coord DEF co Coordinate {
            point [
                -7.4016 -0.0984 3.3465, -7.4016 0.0984 3.3465, -7.5984 -0.0984 3.3465, -7.5984 0.0984 3.3465, -7.3622 0.1378 3.189, -7.3622 0.1378 0.9843, -7.6378 0.1378 3.189, -7.6378 0.1378 0.9843, -7.6378 -0.1378 3.189, -7.6378 -0.1378 0.9843, -7.3622 -0.1378 3.189, -7.3622 -0.1378 0.9843, -7.3622 -0.1378 0.1969, -7.6378 -0.1378 0.1969, -7.3622 -0.1378 -0.5562, -7.6378 -0.1378 -1.0236, -7.3622 -0.1378 -1.0236, -7.6378 0.1378 -1.0236, -7.6378 0.1378 0.1969, -7.3622 0.1378 0.1969, -7.3622 0.1378 -0.5562, -7.3622 0.1378 -1.0236, -7.4016 0.0984 -1.1811, -7.4016 -0.0984 -1.1811, -7.5984 0.0984 -1.1811, -7.5984 -0.0984 -1.1811, -7.3622 -0.0428 -1.0236
            ]
        }
        coordIndex [
            0,1,2,-1,2,1,3,-1,4,5,6,-1,6,5,7,-1,6,7,8,-1,8,7,9,-1,8,9,10,-1,10,9,11,-1,10,11,4,-1,4,11,5,-1,12,13,14,-1,14,13,15,-1,14,15,16,-1,15,13,17,-1,17,13,18,-1,18,19,17,-1,17,19,20,-1,17,20,21,-1,22,23,24,-1,24,23,25,-1,23,16,25,-1,25,16,15,-1,16,23,26,-1,26,23,22,-1,26,22,21,-1,17,24,15,-1,15,24,25,-1,24,17,22,-1,22,17,21,-1,6,3,4,-1,4,3,1,-1,8,2,6,-1,6,2,3,-1,0,10,1,-1,1,10,4,-1,10,0,8,-1,8,0,2,-1,
        ]
    }
}
Shape{
    appearance Appearance {
        material  Material {
            diffuseColor 0.0 0.0 0.0
            specularColor 0.0 0.0 0.0
            ambientIntensity 0.0
            transparency 0.0
            shininess 0.5
        }
    }
    geometry IndexedFaceSet {
        ccw TRUE
        solid FALSE
        coord DEF co Coordinate {
            point [
                -7.3661 0.0562 -0.7026, -7.3661 -0.0422 -0.741, -7.3622 0.0562 -0.7026, -7.3622 -0.0422 -0.741, -7.3661 -0.0422 -0.7266, -7.3622 -0.0422 -0.7266, -7.3661 -0.0146 -0.7167, -7.3622 -0.0146 -0.7167, -7.3661 -0.0146 -0.676, -7.3622 -0.0146 -0.676, -7.3661 -0.0422 -0.6666, -7.3622 -0.0422 -0.6666, -7.3661 -0.0422 -0.6522, -7.3622 -0.0422 -0.6522, -7.3661 0.0562 -0.6894, -7.3622 0.0562 -0.6894, -7.3661 -0.0038 -0.6793, -7.3661 -0.0038 -0.7123, -7.3661 0.0373 -0.694, -7.3661 0.0407 -0.695, -7.3661 0.0442 -0.6956, -7.3661 0.0442 -0.6959, -7.3661 0.0407 -0.6966, -7.3661 0.0373 -0.6974, -7.3622 -0.0038 -0.6793, -7.3622 -0.0038 -0.7123, -7.3622 0.0373 -0.694, -7.3622 0.0407 -0.695, -7.3622 0.0442 -0.6956, -7.3622 0.0442 -0.6959, -7.3622 0.0407 -0.6966, -7.3622 0.0373 -0.6974, -7.3661 -0.0422 -0.5926, -7.3661 -0.0422 -0.5658, -7.3622 -0.0422 -0.5926, -7.3622 -0.0422 -0.5658, -7.3661 0.0562 -0.5658, -7.3622 0.0562 -0.5658, -7.3661 0.0562 -0.5936, -7.3622 0.0562 -0.5936, -7.3661 0.0082 -0.645, -7.3622 0.0082 -0.645, -7.3622 0.0175 -0.6443, -7.3661 0.0175 -0.6443, -7.3622 0.0272 -0.6417, -7.3661 0.0272 -0.6417, -7.3622 0.0357 -0.6371, -7.3661 0.0357 -0.6371, -7.3622 0.0434 -0.6301, -7.3661 0.0434 -0.6301, -7.3622 0.0435 -0.63, -7.3661 0.0435 -0.63, -7.3622 0.0506 -0.6193, -7.3661 0.0506 -0.6193, -7.3622 0.0547 -0.6078, -7.3661 0.0547 -0.6078, -7.3622 -0.0412 -0.6047, -7.3661 -0.0412 -0.6047, -7.3622 -0.0378 -0.6161, -7.3661 -0.0378 -0.6161, -7.3622 -0.0318 -0.6264, -7.3661 -0.0318 -0.6264, -7.3622 -0.024 -0.6345, -7.3661 -0.024 -0.6345, -7.3622 -0.0152 -0.6401, -7.3661 -0.0152 -0.6401, -7.3622 -0.0049 -0.6436, -7.3661 -0.0049 -0.6436, -7.3661 0.0316 -0.6253, -7.3661 0.0367 -0.6205, -7.3661 0.0413 -0.6133, -7.3661 0.0442 -0.6052, -7.3661 0.0454 -0.5935, -7.3661 0.0454 -0.579, -7.3661 -0.0314 -0.579, -7.3661 -0.0314 -0.593, -7.3661 -0.0304 -0.6034, -7.3661 -0.0279 -0.6116, -7.3661 -0.0239 -0.6184, -7.3661 -0.0184 -0.6239, -7.3661 -0.0116 -0.628, -7.3661 -0.0024 -0.6309, -7.3661 0.008 -0.6318, -7.3661 0.0177 -0.631, -7.3661 0.0255 -0.6287, -7.3622 0.0454 -0.5935, -7.3622 0.0454 -0.579, -7.3622 0.0442 -0.6052, -7.3622 0.0413 -0.6133, -7.3622 0.0367 -0.6205, -7.3622 0.0316 -0.6253, -7.3622 0.0255 -0.6287, -7.3622 0.0177 -0.631, -7.3622 0.008 -0.6318, -7.3622 -0.0024 -0.6309, -7.3622 -0.0116 -0.628, -7.3622 -0.0184 -0.6239, -7.3622 -0.0239 -0.6184, -7.3622 -0.0279 -0.6116, -7.3622 -0.0304 -0.6034, -7.3622 -0.0314 -0.593, -7.3622 -0.0314 -0.579, -7.3661 -0.0314 -0.5466, -7.3661 -0.0422 -0.5466, -7.3622 -0.0314 -0.5466, -7.3622 -0.0422 -0.5466, -7.3661 -0.0422 -0.4938, -7.3622 -0.0422 -0.4938, -7.3661 0.0562 -0.4938, -7.3622 0.0562 -0.4938, -7.3661 0.0562 -0.5442, -7.3622 0.0562 -0.5442, -7.3661 0.0454 -0.5442, -7.3622 0.0454 -0.5442, -7.3661 0.0454 -0.507, -7.3622 0.0454 -0.507, -7.3661 0.013 -0.507, -7.3622 0.013 -0.507, -7.3661 0.013 -0.5418, -7.3622 0.013 -0.5418, -7.3661 0.0022 -0.5418, -7.3622 0.0022 -0.5418, -7.3661 0.0022 -0.507, -7.3622 0.0022 -0.507, -7.3661 -0.0314 -0.507, -7.3622 -0.0314 -0.507, -7.3661 -0.0263 -0.4746, -7.3661 -0.0371 -0.4746, -7.3622 -0.0263 -0.4746, -7.3622 -0.0371 -0.4746, -7.3661 -0.0414 -0.4641, -7.3661 -0.0434 -0.4475, -7.3622 -0.0434 -0.4475, -7.3622 -0.0434 -0.4502, -7.3661 -0.0434 -0.4502, -7.3622 -0.0428 -0.4541, -7.3622 -0.0414 -0.4641, -7.3661 0.0051 -0.4014, -7.3622 0.0051 -0.4014, -7.3622 -0.0063 -0.4023, -7.3661 -0.0063 -0.4023, -7.3622 -0.0167 -0.4053, -7.3661 -0.0167 -0.4053, -7.3622 -0.026 -0.4105, -7.3661 -0.026 -0.4105, -7.3622 -0.0338 -0.4179, -7.3661 -0.0338 -0.4179, -7.3622 -0.0389 -0.4258, -7.3661 -0.0389 -0.4258, -7.3622 -0.0422 -0.4354, -7.3661 -0.0422 -0.4354, -7.3622 -0.0428 -0.4417, -7.3661 0.0574 -0.4514, -7.3622 0.0574 -0.4514, -7.3622 0.0566 -0.4415, -7.3661 0.0566 -0.4415, -7.3622 0.0534 -0.4306, -7.3661 0.0534 -0.4306, -7.3622 0.048 -0.4212, -7.3661 0.048 -0.4212, -7.3622 0.0395 -0.4123, -7.3661 0.0395 -0.4123, -7.3622 0.0303 -0.4066, -7.3661 0.0303 -0.4066, -7.3622 0.0191 -0.4028, -7.3661 0.0191 -0.4028, -7.3661 0.0535 -0.4746, -7.3622 0.0535 -0.4746, -7.3622 0.0566 -0.4632, -7.3661 0.0566 -0.4632, -7.3661 0.0403 -0.4746, -7.3622 0.0403 -0.4746, -7.3661 0.0466 -0.4515, -7.3622 0.0466 -0.4515, -7.3622 0.0451 -0.4635, -7.3661 0.0451 -0.4635, -7.3661 0.0059 -0.4146, -7.3622 0.0059 -0.4146, -7.3622 0.0136 -0.415, -7.3661 0.0136 -0.415, -7.3622 0.0241 -0.4177, -7.3661 0.0241 -0.4177, -7.3622 0.0317 -0.4217, -7.3661 0.0317 -0.4217, -7.3622 0.0383 -0.4277, -7.3661 0.0383 -0.4277, -7.3622 0.0429 -0.4345, -7.3661 0.0429 -0.4345, -7.3622 0.0455 -0.4418, -7.3661 0.0455 -0.4418, -7.3661 -0.0326 -0.4493, -7.3622 -0.0326 -0.4493, -7.3622 -0.0316 -0.4401, -7.3661 -0.0316 -0.4401, -7.3622 -0.0289 -0.433, -7.3661 -0.0289 -0.433, -7.3622 -0.0249 -0.4269, -7.3661 -0.0249 -0.4269, -7.3622 -0.02 -0.4223, -7.3661 -0.02 -0.4223, -7.3622 -0.0132 -0.4182, -7.3661 -0.0132 -0.4182, -7.3622 -0.0047 -0.4156, -7.3661 -0.0047 -0.4156, -7.3622 -0.0273 -0.4728, -7.3661 -0.0273 -0.4728, -7.3622 -0.0312 -0.4624, -7.3661 -0.0312 -0.4624, -7.3661 -0.0314 -0.393, -7.3661 -0.0422 -0.393, -7.3622 -0.0314 -0.393, -7.3622 -0.0422 -0.393, -7.3661 -0.0422 -0.3425, -7.3622 -0.0422 -0.3425, -7.3661 0.0562 -0.3425, -7.3622 0.0562 -0.3425, -7.3661 0.0562 -0.3557, -7.3622 0.0562 -0.3557, -7.3661 -0.0314 -0.3557, -7.3622 -0.0314 -0.3557
            ]
        }
        coordIndex [
            0,1,2,-1,2,1,3,-1,1,4,3,-1,3,4,5,-1,4,6,5,-1,5,6,7,-1,6,8,7,-1,7,8,9,-1,8,10,9,-1,9,10,11,-1,10,12,11,-1,11,12,13,-1,12,14,13,-1,13,14,15,-1,14,0,15,-1,15,0,2,-1,16,8,17,-1,17,8,6,-1,18,14,16,-1,16,14,12,-1,16,12,8,-1,8,12,10,-1,18,19,14,-1,14,19,20,-1,14,20,0,-1,0,20,21,-1,0,21,22,-1,22,23,0,-1,0,23,17,-1,0,17,1,-1,1,17,6,-1,1,6,4,-1,16,17,24,-1,24,17,25,-1,18,16,26,-1,26,16,24,-1,18,26,27,-1,18,27,19,-1,19,27,28,-1,19,28,20,-1,21,20,29,-1,29,20,28,-1,21,29,30,-1,21,30,22,-1,22,30,31,-1,22,31,23,-1,17,23,25,-1,25,23,31,-1,32,33,34,-1,34,33,35,-1,33,36,35,-1,35,36,37,-1,36,38,37,-1,37,38,39,-1,40,41,42,-1,40,42,43,-1,43,42,44,-1,43,44,45,-1,45,44,46,-1,45,46,47,-1,47,46,48,-1,47,48,49,-1,49,48,50,-1,49,50,51,-1,51,50,52,-1,51,52,53,-1,53,52,54,-1,53,54,55,-1,55,54,39,-1,55,39,38,-1,32,34,56,-1,32,56,57,-1,57,56,58,-1,57,58,59,-1,59,58,60,-1,59,60,61,-1,61,60,62,-1,61,62,63,-1,63,62,64,-1,63,64,65,-1,65,64,66,-1,65,66,67,-1,67,66,41,-1,67,41,40,-1,45,47,68,-1,68,47,49,-1,68,49,69,-1,69,49,51,-1,69,51,70,-1,70,51,53,-1,70,53,71,-1,71,53,55,-1,71,55,72,-1,72,55,38,-1,72,38,73,-1,73,38,36,-1,73,36,74,-1,74,36,33,-1,74,33,75,-1,75,33,32,-1,75,32,76,-1,76,32,57,-1,76,57,77,-1,77,57,59,-1,77,59,78,-1,78,59,61,-1,78,61,79,-1,79,61,63,-1,79,63,80,-1,80,63,65,-1,80,65,81,-1,81,65,67,-1,81,67,82,-1,82,67,40,-1,82,40,83,-1,83,40,43,-1,83,43,84,-1,84,43,45,-1,84,45,68,-1,72,73,85,-1,85,73,86,-1,72,85,87,-1,72,87,71,-1,71,87,88,-1,71,88,70,-1,70,88,89,-1,70,89,69,-1,69,89,90,-1,69,90,68,-1,68,90,91,-1,68,91,84,-1,84,91,92,-1,84,92,83,-1,83,92,93,-1,83,93,82,-1,82,93,94,-1,82,94,81,-1,81,94,95,-1,81,95,80,-1,80,95,96,-1,80,96,79,-1,79,96,97,-1,79,97,78,-1,78,97,98,-1,78,98,77,-1,77,98,99,-1,77,99,76,-1,76,99,100,-1,76,100,75,-1,74,75,101,-1,101,75,100,-1,73,74,86,-1,86,74,101,-1,102,103,104,-1,104,103,105,-1,103,106,105,-1,105,106,107,-1,106,108,107,-1,107,108,109,-1,108,110,109,-1,109,110,111,-1,110,112,111,-1,111,112,113,-1,112,114,113,-1,113,114,115,-1,114,116,115,-1,115,116,117,-1,116,118,117,-1,117,118,119,-1,118,120,119,-1,119,120,121,-1,120,122,121,-1,121,122,123,-1,122,124,123,-1,123,124,125,-1,124,102,125,-1,125,102,104,-1,106,103,102,-1,102,124,106,-1,106,124,122,-1,106,122,108,-1,112,110,114,-1,114,110,108,-1,114,108,116,-1,116,108,122,-1,116,122,118,-1,118,122,120,-1,126,127,128,-1,128,127,129,-1,129,127,130,-1,131,132,133,-1,131,133,134,-1,134,133,135,-1,134,135,130,-1,130,135,136,-1,130,136,129,-1,137,138,139,-1,137,139,140,-1,140,139,141,-1,140,141,142,-1,142,141,143,-1,142,143,144,-1,144,143,145,-1,144,145,146,-1,146,145,147,-1,146,147,148,-1,148,147,149,-1,148,149,150,-1,150,149,131,-1,131,149,151,-1,131,151,132,-1,152,153,154,-1,152,154,155,-1,155,154,156,-1,155,156,157,-1,157,156,158,-1,157,158,159,-1,159,158,160,-1,159,160,161,-1,161,160,162,-1,161,162,163,-1,163,162,164,-1,163,164,165,-1,165,164,138,-1,165,138,137,-1,166,167,168,-1,166,168,169,-1,169,168,153,-1,169,153,152,-1,166,170,167,-1,167,170,171,-1,172,173,174,-1,172,174,175,-1,175,174,171,-1,175,171,170,-1,176,177,178,-1,176,178,179,-1,179,178,180,-1,179,180,181,-1,181,180,182,-1,181,182,183,-1,183,182,184,-1,183,184,185,-1,185,184,186,-1,185,186,187,-1,187,186,188,-1,187,188,189,-1,189,188,173,-1,189,173,172,-1,190,191,192,-1,190,192,193,-1,193,192,194,-1,193,194,195,-1,195,194,196,-1,195,196,197,-1,197,196,198,-1,197,198,199,-1,199,198,200,-1,199,200,201,-1,201,200,202,-1,201,202,203,-1,203,202,177,-1,203,177,176,-1,126,128,204,-1,126,204,205,-1,205,204,206,-1,205,206,207,-1,207,206,191,-1,207,191,190,-1,193,131,190,-1,190,131,134,-1,190,134,207,-1,207,134,130,-1,207,130,205,-1,205,130,127,-1,205,127,126,-1,170,166,175,-1,175,166,169,-1,175,169,172,-1,172,169,152,-1,172,152,189,-1,189,152,155,-1,189,155,187,-1,187,155,157,-1,187,157,185,-1,185,157,159,-1,185,159,183,-1,183,159,161,-1,183,161,181,-1,181,161,163,-1,181,163,179,-1,179,163,165,-1,179,165,176,-1,176,165,137,-1,176,137,203,-1,203,137,140,-1,203,140,201,-1,201,140,142,-1,201,142,199,-1,199,142,144,-1,199,144,197,-1,197,144,146,-1,197,146,195,-1,195,146,148,-1,195,148,193,-1,193,148,150,-1,193,150,131,-1,208,209,210,-1,210,209,211,-1,209,212,211,-1,211,212,213,-1,212,214,213,-1,213,214,215,-1,214,216,215,-1,215,216,217,-1,216,218,217,-1,217,218,219,-1,218,208,219,-1,219,208,210,-1,216,214,218,-1,218,214,212,-1,218,212,208,-1,208,212,209,-1,
        ]
    }
}
Shape{
    appearance Appearance {
        material  Material {
            diffuseColor 0.9490196078431372 0.7607843137254902 0.1803921568627451
            specularColor 0.7607843137254902 0.6078431372549019 0.1450980392156863
            ambientIntensity 0.7509
            transparency 0.0
            shininess 0.5
        }
    }
    geometry IndexedFaceSet {
        ccw TRUE
        solid FALSE
        coord DEF co Coordinate {
            point [
                -7.3622 -0.0038 -0.6793, -7.3622 -0.0038 -0.7123, -7.3622 0.0373 -0.694, -7.3622 0.0373 -0.6974, -7.3622 0.0407 -0.695, -7.3622 0.0407 -0.6966, -7.3622 0.0442 -0.6956, -7.3622 0.0442 -0.6959, -7.3622 0.0454 -0.579, -7.3622 -0.0314 -0.579, -7.3622 0.0454 -0.5935, -7.3622 -0.0314 -0.593, -7.3622 -0.0304 -0.6034, -7.3622 0.008 -0.6318, -7.3622 0.0177 -0.631, -7.3622 0.0255 -0.6287, -7.3622 0.0442 -0.6052, -7.3622 -0.0279 -0.6116, -7.3622 -0.0239 -0.6184, -7.3622 -0.0184 -0.6239, -7.3622 -0.0116 -0.628, -7.3622 -0.0024 -0.6309, -7.3622 0.0316 -0.6253, -7.3622 0.0367 -0.6205, -7.3622 0.0413 -0.6133, -8.3622 0.0466 -0.4515, -8.3622 0.0455 -0.4418, -8.3622 -0.0273 -0.4728, -8.3622 0.0574 -0.4514, -8.3622 0.0566 -0.4632, -8.3622 0.0562 -0.4938, -8.3622 -0.0338 -0.4179, -8.3622 -0.026 -0.4105, -8.3622 -0.0422 -0.393, -8.3622 -0.0428 -0.4417, -8.3622 -0.0422 -0.3425, -8.3622 0.0451 -0.4635, -8.3622 -0.0263 -0.4746, -8.3622 0.0403 -0.4746, -8.3622 0.0022 -0.5418, -8.3622 -0.0428 -0.5562, -8.3622 0.013 -0.5418, -8.3622 0.0454 -0.5442, -8.3622 0.013 -0.507, -8.3622 0.0454 -0.507, -8.3622 0.1378 0.1969, -8.3622 0.0562 -0.3425, -8.3622 0.0562 -0.3557, -8.3622 0.0303 -0.4066, -8.3622 0.0395 -0.4123, -8.3622 0.048 -0.4212, -8.3622 0.0534 -0.4306, -8.3622 -0.0314 -0.393, -8.3622 -0.0167 -0.4053, -8.3622 -0.0314 -0.3557, -8.3622 0.0562 -0.5442, -8.3622 0.1378 -0.5562, -8.3622 0.0566 -0.4415, -8.3622 0.0535 -0.4746, -8.3622 -0.0422 -0.4938, -8.3622 -0.0371 -0.4746, -8.3622 -0.0422 -0.4354, -8.3622 -0.0389 -0.4258, -8.3622 0.0429 -0.4345, -8.3622 0.0383 -0.4277, -8.3622 0.0317 -0.4217, -8.3622 0.0059 -0.4146, -8.3622 -0.0047 -0.4156, -8.3622 -0.0132 -0.4182, -8.3622 -0.0316 -0.4401, -8.3622 -0.0326 -0.4493, -8.3622 -0.0289 -0.433, -8.3622 -0.0249 -0.4269, -8.3622 -0.02 -0.4223, -8.3622 -0.0312 -0.4624, -8.3622 -0.0063 -0.4023, -8.3622 0.0051 -0.4014, -8.3622 0.0191 -0.4028, -8.3622 0.0241 -0.4177, -8.3622 0.0136 -0.415, -8.3622 0.0022 -0.507, -8.3622 -0.0314 -0.507, -8.3622 -0.0314 -0.5466, -8.3622 -0.0422 -0.5466, -8.3622 -0.0428 -0.4541, -8.3622 -0.0434 -0.4502, -8.3622 -0.1378 -0.5562, -8.3622 -0.0434 -0.4475, -8.3622 -0.0428 0.1969, -8.3622 -0.1378 0.1969, -8.3622 0.0562 -0.6894, -8.3622 0.0562 -0.7026, -8.3622 -0.0422 -0.5926, -8.3622 -0.0422 -0.5658, -8.3622 0.0562 -0.5658, -8.3622 -0.0422 -0.7266, -8.3622 -0.0422 -0.741, -8.3622 -0.0428 -1.0236, -8.3622 0.1378 -1.0236, -8.3622 0.0562 -0.5936, -8.3622 0.0547 -0.6078, -8.3622 0.0506 -0.6193, -8.3622 0.0435 -0.63, -8.3622 -0.0422 -0.6522, -8.3622 -0.0152 -0.6401, -8.3622 -0.024 -0.6345, -8.3622 0.0434 -0.6301, -8.3622 0.0357 -0.6371, -8.3622 0.0272 -0.6417, -8.3622 -0.0318 -0.6264, -8.3622 -0.0378 -0.6161, -8.3622 -0.0412 -0.6047, -8.3622 -0.0422 -0.6666, -8.3622 -0.0146 -0.676, -8.3622 -0.0146 -0.7167, -8.3622 0.0175 -0.6443, -8.3622 0.0082 -0.645, -8.3622 -0.0049 -0.6436, -8.3622 -0.0414 -0.4641, -8.3622 -0.1378 -1.0236
            ]
        }
        coordIndex [
            0,1,2,-1,2,1,3,-1,2,3,4,-1,4,3,5,-1,4,5,6,-1,6,5,7,-1,8,9,10,-1,10,9,11,-1,10,11,12,-1,13,14,10,-1,10,14,15,-1,10,15,16,-1,12,17,10,-1,10,17,18,-1,10,18,19,-1,19,20,10,-1,10,20,21,-1,10,21,13,-1,22,23,15,-1,15,23,24,-1,15,24,16,-1,25,26,27,-1,28,29,30,-1,31,32,33,-1,34,33,35,-1,25,27,36,-1,36,27,37,-1,36,37,38,-1,39,40,41,-1,41,40,42,-1,41,42,43,-1,43,42,44,-1,45,46,47,-1,48,49,47,-1,47,49,50,-1,47,50,51,-1,33,32,52,-1,52,32,53,-1,52,53,54,-1,55,56,30,-1,30,56,45,-1,30,45,28,-1,28,45,47,-1,28,47,57,-1,57,47,51,-1,29,58,30,-1,30,58,38,-1,30,38,59,-1,59,38,37,-1,59,37,60,-1,34,61,33,-1,33,61,62,-1,33,62,31,-1,26,63,27,-1,27,63,64,-1,27,64,65,-1,66,67,27,-1,27,67,68,-1,69,70,71,-1,71,70,72,-1,68,73,27,-1,27,73,72,-1,27,72,74,-1,74,72,70,-1,53,75,54,-1,54,75,76,-1,54,76,47,-1,47,76,77,-1,47,77,48,-1,65,78,27,-1,27,78,79,-1,27,79,66,-1,80,81,39,-1,39,81,82,-1,39,82,40,-1,40,82,83,-1,40,83,59,-1,84,85,86,-1,86,85,87,-1,86,87,34,-1,46,45,35,-1,35,45,88,-1,35,88,34,-1,34,88,89,-1,34,89,86,-1,56,90,91,-1,92,93,40,-1,55,42,56,-1,56,42,40,-1,56,40,94,-1,94,40,93,-1,95,40,96,-1,96,40,97,-1,96,97,91,-1,91,97,98,-1,91,98,56,-1,94,99,56,-1,56,99,100,-1,56,100,90,-1,90,100,101,-1,90,101,102,-1,103,104,105,-1,102,106,90,-1,90,106,107,-1,90,107,108,-1,105,109,103,-1,103,109,110,-1,103,110,111,-1,111,92,103,-1,103,92,40,-1,103,40,112,-1,112,40,95,-1,112,95,113,-1,113,95,114,-1,108,115,90,-1,90,115,116,-1,90,116,103,-1,103,116,117,-1,103,117,104,-1,60,118,59,-1,59,118,84,-1,59,84,40,-1,40,84,86,-1,40,86,97,-1,97,86,119,-1,
        ]
    }
}
Shape{
    appearance Appearance {
        material  Material {
            diffuseColor 0.17647058823529413 0.17647058823529413 0.17647058823529413
            specularColor 0.050980392156862744 0.050980392156862744 0.050980392156862744
            ambientIntensity 0.251
            transparency 0.0
            shininess 0.5
        }
    }
    geometry IndexedFaceSet {
        ccw TRUE
        solid FALSE
        coord DEF co Coordinate {
            point [
                -8.6378 -0.1378 0.1969, -8.3622 -0.1378 0.1969, -8.0 -0.2638 0.1969, -8.3622 -0.0428 0.1969, -8.0 0.2638 0.1969, -8.3622 0.1378 0.1969, -9.0 0.2638 0.1969, -8.6378 0.1378 0.1969, -9.0 -0.2638 0.1969, -8.8819 -0.5 0.0118, -8.8819 -0.5 0.9843, -9.0 -0.3819 0.0118, -9.0 -0.3819 0.9843, -8.1181 -0.5 0.0118, -8.1181 -0.5 0.9843, -8.0 -0.3819 0.0118, -8.0 -0.3819 0.9843, -8.0 -0.2638 0.0118, -8.0 0.2638 0.0118, -8.0 0.3819 0.0118, -8.0 0.3819 0.9843, -8.1181 0.5 0.0118, -8.1181 0.5 0.9843, -8.8819 0.5 0.0118, -8.8819 0.5 0.9843, -9.0 0.3819 0.0118, -9.0 0.3819 0.9843, -9.0 0.2638 0.0118, -9.0 -0.2638 0.0118, -8.6378 0.1378 0.9843, -8.6378 -0.1378 0.9843, -8.3622 -0.1378 0.9843, -8.3622 0.1378 0.9843
            ]
        }
        coordIndex [
            0,1,2,-1,2,1,3,-1,2,3,4,-1,4,3,5,-1,4,5,6,-1,6,5,7,-1,6,7,8,-1,8,7,0,-1,8,0,2,-1,9,10,11,-1,11,10,12,-1,13,14,9,-1,9,14,10,-1,15,16,13,-1,13,16,14,-1,15,17,2,-1,18,19,4,-1,4,19,20,-1,4,20,2,-1,2,20,16,-1,2,16,15,-1,21,22,19,-1,19,22,20,-1,23,24,21,-1,21,24,22,-1,25,26,23,-1,23,26,24,-1,25,27,6,-1,28,11,8,-1,8,11,12,-1,8,12,6,-1,6,12,26,-1,6,26,25,-1,10,14,16,-1,29,26,30,-1,30,26,12,-1,30,12,31,-1,12,10,31,-1,31,10,16,-1,31,16,32,-1,32,16,20,-1,32,20,29,-1,29,20,22,-1,29,22,26,-1,26,22,24,-1,6,27,4,-1,4,27,18,-1,23,21,25,-1,25,21,19,-1,25,19,27,-1,27,19,18,-1,2,17,8,-1,8,17,28,-1,28,17,15,-1,15,13,28,-1,28,13,9,-1,28,9,11,-1,
        ]
    }
}
Shape{
    appearance Appearance {
        material  Material {
            diffuseColor 0.9490196078431372 0.7607843137254902 0.1803921568627451
            specularColor 0.7607843137254902 0.6078431372549019 0.1450980392156863
            ambientIntensity 0.7509
            transparency 0.0
            shininess 0.5
        }
    }
    geometry IndexedFaceSet {
        ccw TRUE
        solid FALSE
        coord DEF co Coordinate {
            point [
                -8.4016 -0.0984 3.3465, -8.4016 0.0984 3.3465, -8.5984 -0.0984 3.3465, -8.5984 0.0984 3.3465, -8.3622 0.1378 3.189, -8.3622 0.1378 0.9843, -8.6378 0.1378 3.189, -8.6378 0.1378 0.9843, -8.6378 -0.1378 3.189, -8.6378 -0.1378 0.9843, -8.3622 -0.1378 3.189, -8.3622 -0.1378 0.9843, -8.3622 -0.1378 0.1969, -8.6378 -0.1378 0.1969, -8.3622 -0.1378 -0.5562, -8.6378 -0.1378 -1.0236, -8.3622 -0.1378 -1.0236, -8.6378 0.1378 -1.0236, -8.6378 0.1378 0.1969, -8.3622 0.1378 0.1969, -8.3622 0.1378 -0.5562, -8.3622 0.1378 -1.0236, -8.4016 0.0984 -1.1811, -8.4016 -0.0984 -1.1811, -8.5984 0.0984 -1.1811, -8.5984 -0.0984 -1.1811, -8.3622 -0.0428 -1.0236
            ]
        }
        coordIndex [
            0,1,2,-1,2,1,3,-1,4,5,6,-1,6,5,7,-1,6,7,8,-1,8,7,9,-1,8,9,10,-1,10,9,11,-1,10,11,4,-1,4,11,5,-1,12,13,14,-1,14,13,15,-1,14,15,16,-1,15,13,17,-1,17,13,18,-1,18,19,17,-1,17,19,20,-1,17,20,21,-1,22,23,24,-1,24,23,25,-1,23,16,25,-1,25,16,15,-1,16,23,26,-1,26,23,22,-1,26,22,21,-1,17,24,15,-1,15,24,25,-1,24,17,22,-1,22,17,21,-1,6,3,4,-1,4,3,1,-1,8,2,6,-1,6,2,3,-1,0,10,1,-1,1,10,4,-1,10,0,8,-1,8,0,2,-1,
        ]
    }
}
Shape{
    appearance Appearance {
        material  Material {
            diffuseColor 0.0 0.0 0.0
            specularColor 0.0 0.0 0.0
            ambientIntensity 0.0
            transparency 0.0
            shininess 0.5
        }
    }
    geometry IndexedFaceSet {
        ccw TRUE
        solid FALSE
        coord DEF co Coordinate {
            point [
                -8.3661 0.0562 -0.7026, -8.3661 -0.0422 -0.741, -8.3622 0.0562 -0.7026, -8.3622 -0.0422 -0.741, -8.3661 -0.0422 -0.7266, -8.3622 -0.0422 -0.7266, -8.3661 -0.0146 -0.7167, -8.3622 -0.0146 -0.7167, -8.3661 -0.0146 -0.676, -8.3622 -0.0146 -0.676, -8.3661 -0.0422 -0.6666, -8.3622 -0.0422 -0.6666, -8.3661 -0.0422 -0.6522, -8.3622 -0.0422 -0.6522, -8.3661 0.0562 -0.6894, -8.3622 0.0562 -0.6894, -8.3661 -0.0038 -0.6793, -8.3661 -0.0038 -0.7123, -8.3661 0.0373 -0.694, -8.3661 0.0407 -0.695, -8.3661 0.0442 -0.6956, -8.3661 0.0442 -0.6959, -8.3661 0.0407 -0.6966, -8.3661 0.0373 -0.6974, -8.3622 -0.0038 -0.6793, -8.3622 -0.0038 -0.7123, -8.3622 0.0373 -0.694, -8.3622 0.0407 -0.695, -8.3622 0.0442 -0.6956, -8.3622 0.0442 -0.6959, -8.3622 0.0407 -0.6966, -8.3622 0.0373 -0.6974, -8.3661 -0.0422 -0.5926, -8.3661 -0.0422 -0.5658, -8.3622 -0.0422 -0.5926, -8.3622 -0.0422 -0.5658, -8.3661 0.0562 -0.5658, -8.3622 0.0562 -0.5658, -8.3661 0.0562 -0.5936, -8.3622 0.0562 -0.5936, -8.3661 0.0082 -0.645, -8.3622 0.0082 -0.645, -8.3622 0.0175 -0.6443, -8.3661 0.0175 -0.6443, -8.3622 0.0272 -0.6417, -8.3661 0.0272 -0.6417, -8.3622 0.0357 -0.6371, -8.3661 0.0357 -0.6371, -8.3622 0.0434 -0.6301, -8.3661 0.0434 -0.6301, -8.3622 0.0435 -0.63, -8.3661 0.0435 -0.63, -8.3622 0.0506 -0.6193, -8.3661 0.0506 -0.6193, -8.3622 0.0547 -0.6078, -8.3661 0.0547 -0.6078, -8.3622 -0.0412 -0.6047, -8.3661 -0.0412 -0.6047, -8.3622 -0.0378 -0.6161, -8.3661 -0.0378 -0.6161, -8.3622 -0.0318 -0.6264, -8.3661 -0.0318 -0.6264, -8.3622 -0.024 -0.6345, -8.3661 -0.024 -0.6345, -8.3622 -0.0152 -0.6401, -8.3661 -0.0152 -0.6401, -8.3622 -0.0049 -0.6436, -8.3661 -0.0049 -0.6436, -8.3661 0.0316 -0.6253, -8.3661 0.0367 -0.6205, -8.3661 0.0413 -0.6133, -8.3661 0.0442 -0.6052, -8.3661 0.0454 -0.5935, -8.3661 0.0454 -0.579, -8.3661 -0.0314 -0.579, -8.3661 -0.0314 -0.593, -8.3661 -0.0304 -0.6034, -8.3661 -0.0279 -0.6116, -8.3661 -0.0239 -0.6184, -8.3661 -0.0184 -0.6239, -8.3661 -0.0116 -0.628, -8.3661 -0.0024 -0.6309, -8.3661 0.008 -0.6318, -8.3661 0.0177 -0.631, -8.3661 0.0255 -0.6287, -8.3622 0.0454 -0.5935, -8.3622 0.0454 -0.579, -8.3622 0.0442 -0.6052, -8.3622 0.0413 -0.6133, -8.3622 0.0367 -0.6205, -8.3622 0.0316 -0.6253, -8.3622 0.0255 -0.6287, -8.3622 0.0177 -0.631, -8.3622 0.008 -0.6318, -8.3622 -0.0024 -0.6309, -8.3622 -0.0116 -0.628, -8.3622 -0.0184 -0.6239, -8.3622 -0.0239 -0.6184, -8.3622 -0.0279 -0.6116, -8.3622 -0.0304 -0.6034, -8.3622 -0.0314 -0.593, -8.3622 -0.0314 -0.579, -8.3661 -0.0314 -0.5466, -8.3661 -0.0422 -0.5466, -8.3622 -0.0314 -0.5466, -8.3622 -0.0422 -0.5466, -8.3661 -0.0422 -0.4938, -8.3622 -0.0422 -0.4938, -8.3661 0.0562 -0.4938, -8.3622 0.0562 -0.4938, -8.3661 0.0562 -0.5442, -8.3622 0.0562 -0.5442, -8.3661 0.0454 -0.5442, -8.3622 0.0454 -0.5442, -8.3661 0.0454 -0.507, -8.3622 0.0454 -0.507, -8.3661 0.013 -0.507, -8.3622 0.013 -0.507, -8.3661 0.013 -0.5418, -8.3622 0.013 -0.5418, -8.3661 0.0022 -0.5418, -8.3622 0.0022 -0.5418, -8.3661 0.0022 -0.507, -8.3622 0.0022 -0.507, -8.3661 -0.0314 -0.507, -8.3622 -0.0314 -0.507, -8.3661 -0.0263 -0.4746, -8.3661 -0.0371 -0.4746, -8.3622 -0.0263 -0.4746, -8.3622 -0.0371 -0.4746, -8.3661 -0.0414 -0.4641, -8.3661 -0.0434 -0.4475, -8.3622 -0.0434 -0.4475, -8.3622 -0.0434 -0.4502, -8.3661 -0.0434 -0.4502, -8.3622 -0.0428 -0.4541, -8.3622 -0.0414 -0.4641, -8.3661 0.0051 -0.4014, -8.3622 0.0051 -0.4014, -8.3622 -0.0063 -0.4023, -8.3661 -0.0063 -0.4023, -8.3622 -0.0167 -0.4053, -8.3661 -0.0167 -0.4053, -8.3622 -0.026 -0.4105, -8.3661 -0.026 -0.4105, -8.3622 -0.0338 -0.4179, -8.3661 -0.0338 -0.4179, -8.3622 -0.0389 -0.4258, -8.3661 -0.0389 -0.4258, -8.3622 -0.0422 -0.4354, -8.3661 -0.0422 -0.4354, -8.3622 -0.0428 -0.4417, -8.3661 0.0574 -0.4514, -8.3622 0.0574 -0.4514, -8.3622 0.0566 -0.4415, -8.3661 0.0566 -0.4415, -8.3622 0.0534 -0.4306, -8.3661 0.0534 -0.4306, -8.3622 0.048 -0.4212, -8.3661 0.048 -0.4212, -8.3622 0.0395 -0.4123, -8.3661 0.0395 -0.4123, -8.3622 0.0303 -0.4066, -8.3661 0.0303 -0.4066, -8.3622 0.0191 -0.4028, -8.3661 0.0191 -0.4028, -8.3661 0.0535 -0.4746, -8.3622 0.0535 -0.4746, -8.3622 0.0566 -0.4632, -8.3661 0.0566 -0.4632, -8.3661 0.0403 -0.4746, -8.3622 0.0403 -0.4746, -8.3661 0.0466 -0.4515, -8.3622 0.0466 -0.4515, -8.3622 0.0451 -0.4635, -8.3661 0.0451 -0.4635, -8.3661 0.0059 -0.4146, -8.3622 0.0059 -0.4146, -8.3622 0.0136 -0.415, -8.3661 0.0136 -0.415, -8.3622 0.0241 -0.4177, -8.3661 0.0241 -0.4177, -8.3622 0.0317 -0.4217, -8.3661 0.0317 -0.4217, -8.3622 0.0383 -0.4277, -8.3661 0.0383 -0.4277, -8.3622 0.0429 -0.4345, -8.3661 0.0429 -0.4345, -8.3622 0.0455 -0.4418, -8.3661 0.0455 -0.4418, -8.3661 -0.0326 -0.4493, -8.3622 -0.0326 -0.4493, -8.3622 -0.0316 -0.4401, -8.3661 -0.0316 -0.4401, -8.3622 -0.0289 -0.433, -8.3661 -0.0289 -0.433, -8.3622 -0.0249 -0.4269, -8.3661 -0.0249 -0.4269, -8.3622 -0.02 -0.4223, -8.3661 -0.02 -0.4223, -8.3622 -0.0132 -0.4182, -8.3661 -0.0132 -0.4182, -8.3622 -0.0047 -0.4156, -8.3661 -0.0047 -0.4156, -8.3622 -0.0273 -0.4728, -8.3661 -0.0273 -0.4728, -8.3622 -0.0312 -0.4624, -8.3661 -0.0312 -0.4624, -8.3661 -0.0314 -0.393, -8.3661 -0.0422 -0.393, -8.3622 -0.0314 -0.393, -8.3622 -0.0422 -0.393, -8.3661 -0.0422 -0.3425, -8.3622 -0.0422 -0.3425, -8.3661 0.0562 -0.3425, -8.3622 0.0562 -0.3425, -8.3661 0.0562 -0.3557, -8.3622 0.0562 -0.3557, -8.3661 -0.0314 -0.3557, -8.3622 -0.0314 -0.3557
            ]
        }
        coordIndex [
            0,1,2,-1,2,1,3,-1,1,4,3,-1,3,4,5,-1,4,6,5,-1,5,6,7,-1,6,8,7,-1,7,8,9,-1,8,10,9,-1,9,10,11,-1,10,12,11,-1,11,12,13,-1,12,14,13,-1,13,14,15,-1,14,0,15,-1,15,0,2,-1,16,8,17,-1,17,8,6,-1,18,14,16,-1,16,14,12,-1,16,12,8,-1,8,12,10,-1,18,19,14,-1,14,19,20,-1,14,20,0,-1,0,20,21,-1,0,21,22,-1,22,23,0,-1,0,23,17,-1,0,17,1,-1,1,17,6,-1,1,6,4,-1,16,17,24,-1,24,17,25,-1,18,16,26,-1,26,16,24,-1,18,26,27,-1,18,27,19,-1,19,27,28,-1,19,28,20,-1,21,20,29,-1,29,20,28,-1,21,29,30,-1,21,30,22,-1,22,30,31,-1,22,31,23,-1,17,23,25,-1,25,23,31,-1,32,33,34,-1,34,33,35,-1,33,36,35,-1,35,36,37,-1,36,38,37,-1,37,38,39,-1,40,41,42,-1,40,42,43,-1,43,42,44,-1,43,44,45,-1,45,44,46,-1,45,46,47,-1,47,46,48,-1,47,48,49,-1,49,48,50,-1,49,50,51,-1,51,50,52,-1,51,52,53,-1,53,52,54,-1,53,54,55,-1,55,54,39,-1,55,39,38,-1,32,34,56,-1,32,56,57,-1,57,56,58,-1,57,58,59,-1,59,58,60,-1,59,60,61,-1,61,60,62,-1,61,62,63,-1,63,62,64,-1,63,64,65,-1,65,64,66,-1,65,66,67,-1,67,66,41,-1,67,41,40,-1,45,47,68,-1,68,47,49,-1,68,49,69,-1,69,49,51,-1,69,51,70,-1,70,51,53,-1,70,53,71,-1,71,53,55,-1,71,55,72,-1,72,55,38,-1,72,38,73,-1,73,38,36,-1,73,36,74,-1,74,36,33,-1,74,33,75,-1,75,33,32,-1,75,32,76,-1,76,32,57,-1,76,57,77,-1,77,57,59,-1,77,59,78,-1,78,59,61,-1,78,61,79,-1,79,61,63,-1,79,63,80,-1,80,63,65,-1,80,65,81,-1,81,65,67,-1,81,67,82,-1,82,67,40,-1,82,40,83,-1,83,40,43,-1,83,43,84,-1,84,43,45,-1,84,45,68,-1,72,73,85,-1,85,73,86,-1,72,85,87,-1,72,87,71,-1,71,87,88,-1,71,88,70,-1,70,88,89,-1,70,89,69,-1,69,89,90,-1,69,90,68,-1,68,90,91,-1,68,91,84,-1,84,91,92,-1,84,92,83,-1,83,92,93,-1,83,93,82,-1,82,93,94,-1,82,94,81,-1,81,94,95,-1,81,95,80,-1,80,95,96,-1,80,96,79,-1,79,96,97,-1,79,97,78,-1,78,97,98,-1,78,98,77,-1,77,98,99,-1,77,99,76,-1,76,99,100,-1,76,100,75,-1,74,75,101,-1,101,75,100,-1,73,74,86,-1,86,74,101,-1,102,103,104,-1,104,103,105,-1,103,106,105,-1,105,106,107,-1,106,108,107,-1,107,108,109,-1,108,110,109,-1,109,110,111,-1,110,112,111,-1,111,112,113,-1,112,114,113,-1,113,114,115,-1,114,116,115,-1,115,116,117,-1,116,118,117,-1,117,118,119,-1,118,120,119,-1,119,120,121,-1,120,122,121,-1,121,122,123,-1,122,124,123,-1,123,124,125,-1,124,102,125,-1,125,102,104,-1,106,103,102,-1,102,124,106,-1,106,124,122,-1,106,122,108,-1,112,110,114,-1,114,110,108,-1,114,108,116,-1,116,108,122,-1,116,122,118,-1,118,122,120,-1,126,127,128,-1,128,127,129,-1,129,127,130,-1,131,132,133,-1,131,133,134,-1,134,133,135,-1,134,135,130,-1,130,135,136,-1,130,136,129,-1,137,138,139,-1,137,139,140,-1,140,139,141,-1,140,141,142,-1,142,141,143,-1,142,143,144,-1,144,143,145,-1,144,145,146,-1,146,145,147,-1,146,147,148,-1,148,147,149,-1,148,149,150,-1,150,149,131,-1,131,149,151,-1,131,151,132,-1,152,153,154,-1,152,154,155,-1,155,154,156,-1,155,156,157,-1,157,156,158,-1,157,158,159,-1,159,158,160,-1,159,160,161,-1,161,160,162,-1,161,162,163,-1,163,162,164,-1,163,164,165,-1,165,164,138,-1,165,138,137,-1,166,167,168,-1,166,168,169,-1,169,168,153,-1,169,153,152,-1,166,170,167,-1,167,170,171,-1,172,173,174,-1,172,174,175,-1,175,174,171,-1,175,171,170,-1,176,177,178,-1,176,178,179,-1,179,178,180,-1,179,180,181,-1,181,180,182,-1,181,182,183,-1,183,182,184,-1,183,184,185,-1,185,184,186,-1,185,186,187,-1,187,186,188,-1,187,188,189,-1,189,188,173,-1,189,173,172,-1,190,191,192,-1,190,192,193,-1,193,192,194,-1,193,194,195,-1,195,194,196,-1,195,196,197,-1,197,196,198,-1,197,198,199,-1,199,198,200,-1,199,200,201,-1,201,200,202,-1,201,202,203,-1,203,202,177,-1,203,177,176,-1,126,128,204,-1,126,204,205,-1,205,204,206,-1,205,206,207,-1,207,206,191,-1,207,191,190,-1,193,131,190,-1,190,131,134,-1,190,134,207,-1,207,134,130,-1,207,130,205,-1,205,130,127,-1,205,127,126,-1,170,166,175,-1,175,166,169,-1,175,169,172,-1,172,169,152,-1,172,152,189,-1,189,152,155,-1,189,155,187,-1,187,155,157,-1,187,157,185,-1,185,157,159,-1,185,159,183,-1,183,159,161,-1,183,161,181,-1,181,161,163,-1,181,163,179,-1,179,163,165,-1,179,165,176,-1,176,165,137,-1,176,137,203,-1,203,137,140,-1,203,140,201,-1,201,140,142,-1,201,142,199,-1,199,142,144,-1,199,144,197,-1,197,144,146,-1,197,146,195,-1,195,146,148,-1,195,148,193,-1,193,148,150,-1,193,150,131,-1,208,209,210,-1,210,209,211,-1,209,212,211,-1,211,212,213,-1,212,214,213,-1,213,214,215,-1,214,216,215,-1,215,216,217,-1,216,218,217,-1,217,218,219,-1,218,208,219,-1,219,208,210,-1,216,214,218,-1,218,214,212,-1,218,212,208,-1,208,212,209,-1,
        ]
    }
}
Shape{
    appearance Appearance {
        material  Material {
            diffuseColor 0.9490196078431372 0.7607843137254902 0.1803921568627451
            specularColor 0.7607843137254902 0.6078431372549019 0.1450980392156863
            ambientIntensity 0.7509
            transparency 0.0
            shininess 0.5
        }
    }
    geometry IndexedFaceSet {
        ccw TRUE
        solid FALSE
        coord DEF co Coordinate {
            point [
                -8.3622 -0.0038 -0.6793, -8.3622 -0.0038 -0.7123, -8.3622 0.0373 -0.694, -8.3622 0.0373 -0.6974, -8.3622 0.0407 -0.695, -8.3622 0.0407 -0.6966, -8.3622 0.0442 -0.6956, -8.3622 0.0442 -0.6959, -8.3622 0.0454 -0.579, -8.3622 -0.0314 -0.579, -8.3622 0.0454 -0.5935, -8.3622 -0.0314 -0.593, -8.3622 -0.0304 -0.6034, -8.3622 0.008 -0.6318, -8.3622 0.0177 -0.631, -8.3622 0.0255 -0.6287, -8.3622 0.0442 -0.6052, -8.3622 -0.0279 -0.6116, -8.3622 -0.0239 -0.6184, -8.3622 -0.0184 -0.6239, -8.3622 -0.0116 -0.628, -8.3622 -0.0024 -0.6309, -8.3622 0.0316 -0.6253, -8.3622 0.0367 -0.6205, -8.3622 0.0413 -0.6133, -9.3622 0.0466 -0.4515, -9.3622 0.0455 -0.4418, -9.3622 -0.0273 -0.4728, -9.3622 0.0574 -0.4514, -9.3622 0.0566 -0.4632, -9.3622 0.0562 -0.4938, -9.3622 -0.0338 -0.4179, -9.3622 -0.026 -0.4105, -9.3622 -0.0422 -0.393, -9.3622 -0.0428 -0.4417, -9.3622 -0.0422 -0.3425, -9.3622 0.0451 -0.4635, -9.3622 -0.0263 -0.4746, -9.3622 0.0403 -0.4746, -9.3622 0.0022 -0.5418, -9.3622 -0.0428 -0.5562, -9.3622 0.013 -0.5418, -9.3622 0.0454 -0.5442, -9.3622 0.013 -0.507, -9.3622 0.0454 -0.507, -9.3622 0.1378 0.1969, -9.3622 0.0562 -0.3425, -9.3622 0.0562 -0.3557, -9.3622 0.0303 -0.4066, -9.3622 0.0395 -0.4123, -9.3622 0.048 -0.4212, -9.3622 0.0534 -0.4306, -9.3622 -0.0314 -0.393, -9.3622 -0.0167 -0.4053, -9.3622 -0.0314 -0.3557, -9.3622 0.0562 -0.5442, -9.3622 0.1378 -0.5562, -9.3622 0.0566 -0.4415, -9.3622 0.0535 -0.4746, -9.3622 -0.0422 -0.4938, -9.3622 -0.0371 -0.4746, -9.3622 -0.0422 -0.4354, -9.3622 -0.0389 -0.4258, -9.3622 0.0429 -0.4345, -9.3622 0.0383 -0.4277, -9.3622 0.0317 -0.4217, -9.3622 0.0059 -0.4146, -9.3622 -0.0047 -0.4156, -9.3622 -0.0132 -0.4182, -9.3622 -0.0316 -0.4401, -9.3622 -0.0326 -0.4493, -9.3622 -0.0289 -0.433, -9.3622 -0.0249 -0.4269, -9.3622 -0.02 -0.4223, -9.3622 -0.0312 -0.4624, -9.3622 -0.0063 -0.4023, -9.3622 0.0051 -0.4014, -9.3622 0.0191 -0.4028, -9.3622 0.0241 -0.4177, -9.3622 0.0136 -0.415, -9.3622 0.0022 -0.507, -9.3622 -0.0314 -0.507, -9.3622 -0.0314 -0.5466, -9.3622 -0.0422 -0.5466, -9.3622 -0.0428 -0.4541, -9.3622 -0.0434 -0.4502, -9.3622 -0.1378 -0.5562, -9.3622 -0.0434 -0.4475, -9.3622 -0.0428 0.1969, -9.3622 -0.1378 0.1969, -9.3622 0.0562 -0.6894, -9.3622 0.0562 -0.7026, -9.3622 -0.0422 -0.5926, -9.3622 -0.0422 -0.5658, -9.3622 0.0562 -0.5658, -9.3622 -0.0422 -0.7266, -9.3622 -0.0422 -0.741, -9.3622 -0.0428 -1.0236, -9.3622 0.1378 -1.0236, -9.3622 0.0562 -0.5936, -9.3622 0.0547 -0.6078, -9.3622 0.0506 -0.6193, -9.3622 0.0435 -0.63, -9.3622 -0.0422 -0.6522, -9.3622 -0.0152 -0.6401, -9.3622 -0.024 -0.6345, -9.3622 0.0434 -0.6301, -9.3622 0.0357 -0.6371, -9.3622 0.0272 -0.6417, -9.3622 -0.0318 -0.6264, -9.3622 -0.0378 -0.6161, -9.3622 -0.0412 -0.6047, -9.3622 -0.0422 -0.6666, -9.3622 -0.0146 -0.676, -9.3622 -0.0146 -0.7167, -9.3622 0.0175 -0.6443, -9.3622 0.0082 -0.645, -9.3622 -0.0049 -0.6436, -9.3622 -0.0414 -0.4641, -9.3622 -0.1378 -1.0236
            ]
        }
        coordIndex [
            0,1,2,-1,2,1,3,-1,2,3,4,-1,4,3,5,-1,4,5,6,-1,6,5,7,-1,8,9,10,-1,10,9,11,-1,10,11,12,-1,13,14,10,-1,10,14,15,-1,10,15,16,-1,12,17,10,-1,10,17,18,-1,10,18,19,-1,19,20,10,-1,10,20,21,-1,10,21,13,-1,22,23,15,-1,15,23,24,-1,15,24,16,-1,25,26,27,-1,28,29,30,-1,31,32,33,-1,34,33,35,-1,25,27,36,-1,36,27,37,-1,36,37,38,-1,39,40,41,-1,41,40,42,-1,41,42,43,-1,43,42,44,-1,45,46,47,-1,48,49,47,-1,47,49,50,-1,47,50,51,-1,33,32,52,-1,52,32,53,-1,52,53,54,-1,55,56,30,-1,30,56,45,-1,30,45,28,-1,28,45,47,-1,28,47,57,-1,57,47,51,-1,29,58,30,-1,30,58,38,-1,30,38,59,-1,59,38,37,-1,59,37,60,-1,34,61,33,-1,33,61,62,-1,33,62,31,-1,26,63,27,-1,27,63,64,-1,27,64,65,-1,66,67,27,-1,27,67,68,-1,69,70,71,-1,71,70,72,-1,68,73,27,-1,27,73,72,-1,27,72,74,-1,74,72,70,-1,53,75,54,-1,54,75,76,-1,54,76,47,-1,47,76,77,-1,47,77,48,-1,65,78,27,-1,27,78,79,-1,27,79,66,-1,80,81,39,-1,39,81,82,-1,39,82,40,-1,40,82,83,-1,40,83,59,-1,84,85,86,-1,86,85,87,-1,86,87,34,-1,46,45,35,-1,35,45,88,-1,35,88,34,-1,34,88,89,-1,34,89,86,-1,56,90,91,-1,92,93,40,-1,55,42,56,-1,56,42,40,-1,56,40,94,-1,94,40,93,-1,95,40,96,-1,96,40,97,-1,96,97,91,-1,91,97,98,-1,91,98,56,-1,94,99,56,-1,56,99,100,-1,56,100,90,-1,90,100,101,-1,90,101,102,-1,103,104,105,-1,102,106,90,-1,90,106,107,-1,90,107,108,-1,105,109,103,-1,103,109,110,-1,103,110,111,-1,111,92,103,-1,103,92,40,-1,103,40,112,-1,112,40,95,-1,112,95,113,-1,113,95,114,-1,108,115,90,-1,90,115,116,-1,90,116,103,-1,103,116,117,-1,103,117,104,-1,60,118,59,-1,59,118,84,-1,59,84,40,-1,40,84,86,-1,40,86,97,-1,97,86,119,-1,
        ]
    }
}
Shape{
    appearance Appearance {
        material  Material {
            diffuseColor 0.17647058823529413 0.17647058823529413 0.17647058823529413
            specularColor 0.050980392156862744 0.050980392156862744 0.050980392156862744
            ambientIntensity 0.251
            transparency 0.0
            shininess 0.5
        }
    }
    geometry IndexedFaceSet {
        ccw TRUE
        solid FALSE
        coord DEF co Coordinate {
            point [
                -9.6378 -0.1378 0.1969, -9.3622 -0.1378 0.1969, -9.0 -0.2638 0.1969, -9.3622 -0.0428 0.1969, -9.0 0.2638 0.1969, -9.3622 0.1378 0.1969, -10.0 0.2638 0.1969, -9.6378 0.1378 0.1969, -10.0 -0.2638 0.1969, -9.8819 -0.5 0.0118, -9.8819 -0.5 0.9843, -10.0 -0.3819 0.0118, -10.0 -0.3819 0.9843, -9.1181 -0.5 0.0118, -9.1181 -0.5 0.9843, -9.0 -0.3819 0.0118, -9.0 -0.3819 0.9843, -9.0 -0.2638 0.0118, -9.0 0.2638 0.0118, -9.0 0.3819 0.0118, -9.0 0.3819 0.9843, -9.1181 0.5 0.0118, -9.1181 0.5 0.9843, -9.8819 0.5 0.0118, -9.8819 0.5 0.9843, -10.0 0.3819 0.0118, -10.0 0.3819 0.9843, -10.0 0.2638 0.0118, -10.0 -0.2638 0.0118, -9.6378 0.1378 0.9843, -9.6378 -0.1378 0.9843, -9.3622 -0.1378 0.9843, -9.3622 0.1378 0.9843
            ]
        }
        coordIndex [
            0,1,2,-1,2,1,3,-1,2,3,4,-1,4,3,5,-1,4,5,6,-1,6,5,7,-1,6,7,8,-1,8,7,0,-1,8,0,2,-1,9,10,11,-1,11,10,12,-1,13,14,9,-1,9,14,10,-1,15,16,13,-1,13,16,14,-1,15,17,2,-1,18,19,4,-1,4,19,20,-1,4,20,2,-1,2,20,16,-1,2,16,15,-1,21,22,19,-1,19,22,20,-1,23,24,21,-1,21,24,22,-1,25,26,23,-1,23,26,24,-1,25,27,6,-1,28,11,8,-1,8,11,12,-1,8,12,6,-1,6,12,26,-1,6,26,25,-1,10,14,16,-1,29,26,30,-1,30,26,12,-1,30,12,31,-1,12,10,31,-1,31,10,16,-1,31,16,32,-1,32,16,20,-1,32,20,29,-1,29,20,22,-1,29,22,26,-1,26,22,24,-1,6,27,4,-1,4,27,18,-1,23,21,25,-1,25,21,19,-1,25,19,27,-1,27,19,18,-1,2,17,8,-1,8,17,28,-1,28,17,15,-1,15,13,28,-1,28,13,9,-1,28,9,11,-1,
        ]
    }
}
Shape{
    appearance Appearance {
        material  Material {
            diffuseColor 0.9490196078431372 0.7607843137254902 0.1803921568627451
            specularColor 0.7607843137254902 0.6078431372549019 0.1450980392156863
            ambientIntensity 0.7509
            transparency 0.0
            shininess 0.5
        }
    }
    geometry IndexedFaceSet {
        ccw TRUE
        solid FALSE
        coord DEF co Coordinate {
            point [
                -9.4016 -0.0984 3.3465, -9.4016 0.0984 3.3465, -9.5984 -0.0984 3.3465, -9.5984 0.0984 3.3465, -9.3622 0.1378 3.189, -9.3622 0.1378 0.9843, -9.6378 0.1378 3.189, -9.6378 0.1378 0.9843, -9.6378 -0.1378 3.189, -9.6378 -0.1378 0.9843, -9.3622 -0.1378 3.189, -9.3622 -0.1378 0.9843, -9.3622 -0.1378 0.1969, -9.6378 -0.1378 0.1969, -9.3622 -0.1378 -0.5562, -9.6378 -0.1378 -1.0236, -9.3622 -0.1378 -1.0236, -9.6378 0.1378 -1.0236, -9.6378 0.1378 0.1969, -9.3622 0.1378 0.1969, -9.3622 0.1378 -0.5562, -9.3622 0.1378 -1.0236, -9.4016 0.0984 -1.1811, -9.4016 -0.0984 -1.1811, -9.5984 0.0984 -1.1811, -9.5984 -0.0984 -1.1811, -9.3622 -0.0428 -1.0236
            ]
        }
        coordIndex [
            0,1,2,-1,2,1,3,-1,4,5,6,-1,6,5,7,-1,6,7,8,-1,8,7,9,-1,8,9,10,-1,10,9,11,-1,10,11,4,-1,4,11,5,-1,12,13,14,-1,14,13,15,-1,14,15,16,-1,15,13,17,-1,17,13,18,-1,18,19,17,-1,17,19,20,-1,17,20,21,-1,22,23,24,-1,24,23,25,-1,23,16,25,-1,25,16,15,-1,16,23,26,-1,26,23,22,-1,26,22,21,-1,17,24,15,-1,15,24,25,-1,24,17,22,-1,22,17,21,-1,6,3,4,-1,4,3,1,-1,8,2,6,-1,6,2,3,-1,0,10,1,-1,1,10,4,-1,10,0,8,-1,8,0,2,-1,
        ]
    }
}
Shape{
    appearance Appearance {
        material  Material {
            diffuseColor 0.0 0.0 0.0
            specularColor 0.0 0.0 0.0
            ambientIntensity 0.0
            transparency 0.0
            shininess 0.5
        }
    }
    geometry IndexedFaceSet {
        ccw TRUE
        solid FALSE
        coord DEF co Coordinate {
            point [
                -9.3661 0.0562 -0.7026, -9.3661 -0.0422 -0.741, -9.3622 0.0562 -0.7026, -9.3622 -0.0422 -0.741, -9.3661 -0.0422 -0.7266, -9.3622 -0.0422 -0.7266, -9.3661 -0.0146 -0.7167, -9.3622 -0.0146 -0.7167, -9.3661 -0.0146 -0.676, -9.3622 -0.0146 -0.676, -9.3661 -0.0422 -0.6666, -9.3622 -0.0422 -0.6666, -9.3661 -0.0422 -0.6522, -9.3622 -0.0422 -0.6522, -9.3661 0.0562 -0.6894, -9.3622 0.0562 -0.6894, -9.3661 -0.0038 -0.6793, -9.3661 -0.0038 -0.7123, -9.3661 0.0373 -0.694, -9.3661 0.0407 -0.695, -9.3661 0.0442 -0.6956, -9.3661 0.0442 -0.6959, -9.3661 0.0407 -0.6966, -9.3661 0.0373 -0.6974, -9.3622 -0.0038 -0.6793, -9.3622 -0.0038 -0.7123, -9.3622 0.0373 -0.694, -9.3622 0.0407 -0.695, -9.3622 0.0442 -0.6956, -9.3622 0.0442 -0.6959, -9.3622 0.0407 -0.6966, -9.3622 0.0373 -0.6974, -9.3661 -0.0422 -0.5926, -9.3661 -0.0422 -0.5658, -9.3622 -0.0422 -0.5926, -9.3622 -0.0422 -0.5658, -9.3661 0.0562 -0.5658, -9.3622 0.0562 -0.5658, -9.3661 0.0562 -0.5936, -9.3622 0.0562 -0.5936, -9.3661 0.0082 -0.645, -9.3622 0.0082 -0.645, -9.3622 0.0175 -0.6443, -9.3661 0.0175 -0.6443, -9.3622 0.0272 -0.6417, -9.3661 0.0272 -0.6417, -9.3622 0.0357 -0.6371, -9.3661 0.0357 -0.6371, -9.3622 0.0434 -0.6301, -9.3661 0.0434 -0.6301, -9.3622 0.0435 -0.63, -9.3661 0.0435 -0.63, -9.3622 0.0506 -0.6193, -9.3661 0.0506 -0.6193, -9.3622 0.0547 -0.6078, -9.3661 0.0547 -0.6078, -9.3622 -0.0412 -0.6047, -9.3661 -0.0412 -0.6047, -9.3622 -0.0378 -0.6161, -9.3661 -0.0378 -0.6161, -9.3622 -0.0318 -0.6264, -9.3661 -0.0318 -0.6264, -9.3622 -0.024 -0.6345, -9.3661 -0.024 -0.6345, -9.3622 -0.0152 -0.6401, -9.3661 -0.0152 -0.6401, -9.3622 -0.0049 -0.6436, -9.3661 -0.0049 -0.6436, -9.3661 0.0316 -0.6253, -9.3661 0.0367 -0.6205, -9.3661 0.0413 -0.6133, -9.3661 0.0442 -0.6052, -9.3661 0.0454 -0.5935, -9.3661 0.0454 -0.579, -9.3661 -0.0314 -0.579, -9.3661 -0.0314 -0.593, -9.3661 -0.0304 -0.6034, -9.3661 -0.0279 -0.6116, -9.3661 -0.0239 -0.6184, -9.3661 -0.0184 -0.6239, -9.3661 -0.0116 -0.628, -9.3661 -0.0024 -0.6309, -9.3661 0.008 -0.6318, -9.3661 0.0177 -0.631, -9.3661 0.0255 -0.6287, -9.3622 0.0454 -0.5935, -9.3622 0.0454 -0.579, -9.3622 0.0442 -0.6052, -9.3622 0.0413 -0.6133, -9.3622 0.0367 -0.6205, -9.3622 0.0316 -0.6253, -9.3622 0.0255 -0.6287, -9.3622 0.0177 -0.631, -9.3622 0.008 -0.6318, -9.3622 -0.0024 -0.6309, -9.3622 -0.0116 -0.628, -9.3622 -0.0184 -0.6239, -9.3622 -0.0239 -0.6184, -9.3622 -0.0279 -0.6116, -9.3622 -0.0304 -0.6034, -9.3622 -0.0314 -0.593, -9.3622 -0.0314 -0.579, -9.3661 -0.0314 -0.5466, -9.3661 -0.0422 -0.5466, -9.3622 -0.0314 -0.5466, -9.3622 -0.0422 -0.5466, -9.3661 -0.0422 -0.4938, -9.3622 -0.0422 -0.4938, -9.3661 0.0562 -0.4938, -9.3622 0.0562 -0.4938, -9.3661 0.0562 -0.5442, -9.3622 0.0562 -0.5442, -9.3661 0.0454 -0.5442, -9.3622 0.0454 -0.5442, -9.3661 0.0454 -0.507, -9.3622 0.0454 -0.507, -9.3661 0.013 -0.507, -9.3622 0.013 -0.507, -9.3661 0.013 -0.5418, -9.3622 0.013 -0.5418, -9.3661 0.0022 -0.5418, -9.3622 0.0022 -0.5418, -9.3661 0.0022 -0.507, -9.3622 0.0022 -0.507, -9.3661 -0.0314 -0.507, -9.3622 -0.0314 -0.507, -9.3661 -0.0263 -0.4746, -9.3661 -0.0371 -0.4746, -9.3622 -0.0263 -0.4746, -9.3622 -0.0371 -0.4746, -9.3661 -0.0414 -0.4641, -9.3661 -0.0434 -0.4475, -9.3622 -0.0434 -0.4475, -9.3622 -0.0434 -0.4502, -9.3661 -0.0434 -0.4502, -9.3622 -0.0428 -0.4541, -9.3622 -0.0414 -0.4641, -9.3661 0.0051 -0.4014, -9.3622 0.0051 -0.4014, -9.3622 -0.0063 -0.4023, -9.3661 -0.0063 -0.4023, -9.3622 -0.0167 -0.4053, -9.3661 -0.0167 -0.4053, -9.3622 -0.026 -0.4105, -9.3661 -0.026 -0.4105, -9.3622 -0.0338 -0.4179, -9.3661 -0.0338 -0.4179, -9.3622 -0.0389 -0.4258, -9.3661 -0.0389 -0.4258, -9.3622 -0.0422 -0.4354, -9.3661 -0.0422 -0.4354, -9.3622 -0.0428 -0.4417, -9.3661 0.0574 -0.4514, -9.3622 0.0574 -0.4514, -9.3622 0.0566 -0.4415, -9.3661 0.0566 -0.4415, -9.3622 0.0534 -0.4306, -9.3661 0.0534 -0.4306, -9.3622 0.048 -0.4212, -9.3661 0.048 -0.4212, -9.3622 0.0395 -0.4123, -9.3661 0.0395 -0.4123, -9.3622 0.0303 -0.4066, -9.3661 0.0303 -0.4066, -9.3622 0.0191 -0.4028, -9.3661 0.0191 -0.4028, -9.3661 0.0535 -0.4746, -9.3622 0.0535 -0.4746, -9.3622 0.0566 -0.4632, -9.3661 0.0566 -0.4632, -9.3661 0.0403 -0.4746, -9.3622 0.0403 -0.4746, -9.3661 0.0466 -0.4515, -9.3622 0.0466 -0.4515, -9.3622 0.0451 -0.4635, -9.3661 0.0451 -0.4635, -9.3661 0.0059 -0.4146, -9.3622 0.0059 -0.4146, -9.3622 0.0136 -0.415, -9.3661 0.0136 -0.415, -9.3622 0.0241 -0.4177, -9.3661 0.0241 -0.4177, -9.3622 0.0317 -0.4217, -9.3661 0.0317 -0.4217, -9.3622 0.0383 -0.4277, -9.3661 0.0383 -0.4277, -9.3622 0.0429 -0.4345, -9.3661 0.0429 -0.4345, -9.3622 0.0455 -0.4418, -9.3661 0.0455 -0.4418, -9.3661 -0.0326 -0.4493, -9.3622 -0.0326 -0.4493, -9.3622 -0.0316 -0.4401, -9.3661 -0.0316 -0.4401, -9.3622 -0.0289 -0.433, -9.3661 -0.0289 -0.433, -9.3622 -0.0249 -0.4269, -9.3661 -0.0249 -0.4269, -9.3622 -0.02 -0.4223, -9.3661 -0.02 -0.4223, -9.3622 -0.0132 -0.4182, -9.3661 -0.0132 -0.4182, -9.3622 -0.0047 -0.4156, -9.3661 -0.0047 -0.4156, -9.3622 -0.0273 -0.4728, -9.3661 -0.0273 -0.4728, -9.3622 -0.0312 -0.4624, -9.3661 -0.0312 -0.4624, -9.3661 -0.0314 -0.393, -9.3661 -0.0422 -0.393, -9.3622 -0.0314 -0.393, -9.3622 -0.0422 -0.393, -9.3661 -0.0422 -0.3425, -9.3622 -0.0422 -0.3425, -9.3661 0.0562 -0.3425, -9.3622 0.0562 -0.3425, -9.3661 0.0562 -0.3557, -9.3622 0.0562 -0.3557, -9.3661 -0.0314 -0.3557, -9.3622 -0.0314 -0.3557
            ]
        }
        coordIndex [
            0,1,2,-1,2,1,3,-1,1,4,3,-1,3,4,5,-1,4,6,5,-1,5,6,7,-1,6,8,7,-1,7,8,9,-1,8,10,9,-1,9,10,11,-1,10,12,11,-1,11,12,13,-1,12,14,13,-1,13,14,15,-1,14,0,15,-1,15,0,2,-1,16,8,17,-1,17,8,6,-1,18,14,16,-1,16,14,12,-1,16,12,8,-1,8,12,10,-1,18,19,14,-1,14,19,20,-1,14,20,0,-1,0,20,21,-1,0,21,22,-1,22,23,0,-1,0,23,17,-1,0,17,1,-1,1,17,6,-1,1,6,4,-1,16,17,24,-1,24,17,25,-1,18,16,26,-1,26,16,24,-1,18,26,27,-1,18,27,19,-1,19,27,28,-1,19,28,20,-1,21,20,29,-1,29,20,28,-1,21,29,30,-1,21,30,22,-1,22,30,31,-1,22,31,23,-1,17,23,25,-1,25,23,31,-1,32,33,34,-1,34,33,35,-1,33,36,35,-1,35,36,37,-1,36,38,37,-1,37,38,39,-1,40,41,42,-1,40,42,43,-1,43,42,44,-1,43,44,45,-1,45,44,46,-1,45,46,47,-1,47,46,48,-1,47,48,49,-1,49,48,50,-1,49,50,51,-1,51,50,52,-1,51,52,53,-1,53,52,54,-1,53,54,55,-1,55,54,39,-1,55,39,38,-1,32,34,56,-1,32,56,57,-1,57,56,58,-1,57,58,59,-1,59,58,60,-1,59,60,61,-1,61,60,62,-1,61,62,63,-1,63,62,64,-1,63,64,65,-1,65,64,66,-1,65,66,67,-1,67,66,41,-1,67,41,40,-1,45,47,68,-1,68,47,49,-1,68,49,69,-1,69,49,51,-1,69,51,70,-1,70,51,53,-1,70,53,71,-1,71,53,55,-1,71,55,72,-1,72,55,38,-1,72,38,73,-1,73,38,36,-1,73,36,74,-1,74,36,33,-1,74,33,75,-1,75,33,32,-1,75,32,76,-1,76,32,57,-1,76,57,77,-1,77,57,59,-1,77,59,78,-1,78,59,61,-1,78,61,79,-1,79,61,63,-1,79,63,80,-1,80,63,65,-1,80,65,81,-1,81,65,67,-1,81,67,82,-1,82,67,40,-1,82,40,83,-1,83,40,43,-1,83,43,84,-1,84,43,45,-1,84,45,68,-1,72,73,85,-1,85,73,86,-1,72,85,87,-1,72,87,71,-1,71,87,88,-1,71,88,70,-1,70,88,89,-1,70,89,69,-1,69,89,90,-1,69,90,68,-1,68,90,91,-1,68,91,84,-1,84,91,92,-1,84,92,83,-1,83,92,93,-1,83,93,82,-1,82,93,94,-1,82,94,81,-1,81,94,95,-1,81,95,80,-1,80,95,96,-1,80,96,79,-1,79,96,97,-1,79,97,78,-1,78,97,98,-1,78,98,77,-1,77,98,99,-1,77,99,76,-1,76,99,100,-1,76,100,75,-1,74,75,101,-1,101,75,100,-1,73,74,86,-1,86,74,101,-1,102,103,104,-1,104,103,105,-1,103,106,105,-1,105,106,107,-1,106,108,107,-1,107,108,109,-1,108,110,109,-1,109,110,111,-1,110,112,111,-1,111,112,113,-1,112,114,113,-1,113,114,115,-1,114,116,115,-1,115,116,117,-1,116,118,117,-1,117,118,119,-1,118,120,119,-1,119,120,121,-1,120,122,121,-1,121,122,123,-1,122,124,123,-1,123,124,125,-1,124,102,125,-1,125,102,104,-1,106,103,102,-1,102,124,106,-1,106,124,122,-1,106,122,108,-1,112,110,114,-1,114,110,108,-1,114,108,116,-1,116,108,122,-1,116,122,118,-1,118,122,120,-1,126,127,128,-1,128,127,129,-1,129,127,130,-1,131,132,133,-1,131,133,134,-1,134,133,135,-1,134,135,130,-1,130,135,136,-1,130,136,129,-1,137,138,139,-1,137,139,140,-1,140,139,141,-1,140,141,142,-1,142,141,143,-1,142,143,144,-1,144,143,145,-1,144,145,146,-1,146,145,147,-1,146,147,148,-1,148,147,149,-1,148,149,150,-1,150,149,131,-1,131,149,151,-1,131,151,132,-1,152,153,154,-1,152,154,155,-1,155,154,156,-1,155,156,157,-1,157,156,158,-1,157,158,159,-1,159,158,160,-1,159,160,161,-1,161,160,162,-1,161,162,163,-1,163,162,164,-1,163,164,165,-1,165,164,138,-1,165,138,137,-1,166,167,168,-1,166,168,169,-1,169,168,153,-1,169,153,152,-1,166,170,167,-1,167,170,171,-1,172,173,174,-1,172,174,175,-1,175,174,171,-1,175,171,170,-1,176,177,178,-1,176,178,179,-1,179,178,180,-1,179,180,181,-1,181,180,182,-1,181,182,183,-1,183,182,184,-1,183,184,185,-1,185,184,186,-1,185,186,187,-1,187,186,188,-1,187,188,189,-1,189,188,173,-1,189,173,172,-1,190,191,192,-1,190,192,193,-1,193,192,194,-1,193,194,195,-1,195,194,196,-1,195,196,197,-1,197,196,198,-1,197,198,199,-1,199,198,200,-1,199,200,201,-1,201,200,202,-1,201,202,203,-1,203,202,177,-1,203,177,176,-1,126,128,204,-1,126,204,205,-1,205,204,206,-1,205,206,207,-1,207,206,191,-1,207,191,190,-1,193,131,190,-1,190,131,134,-1,190,134,207,-1,207,134,130,-1,207,130,205,-1,205,130,127,-1,205,127,126,-1,170,166,175,-1,175,166,169,-1,175,169,172,-1,172,169,152,-1,172,152,189,-1,189,152,155,-1,189,155,187,-1,187,155,157,-1,187,157,185,-1,185,157,159,-1,185,159,183,-1,183,159,161,-1,183,161,181,-1,181,161,163,-1,181,163,179,-1,179,163,165,-1,179,165,176,-1,176,165,137,-1,176,137,203,-1,203,137,140,-1,203,140,201,-1,201,140,142,-1,201,142,199,-1,199,142,144,-1,199,144,197,-1,197,144,146,-1,197,146,195,-1,195,146,148,-1,195,148,193,-1,193,148,150,-1,193,150,131,-1,208,209,210,-1,210,209,211,-1,209,212,211,-1,211,212,213,-1,212,214,213,-1,213,214,215,-1,214,216,215,-1,215,216,217,-1,216,218,217,-1,217,218,219,-1,218,208,219,-1,219,208,210,-1,216,214,218,-1,218,214,212,-1,218,212,208,-1,208,212,209,-1,
        ]
    }
}
Shape{
    appearance Appearance {
        material  Material {
            diffuseColor 0.9490196078431372 0.7607843137254902 0.1803921568627451
            specularColor 0.7607843137254902 0.6078431372549019 0.1450980392156863
            ambientIntensity 0.7509
            transparency 0.0
            shininess 0.5
        }
    }
    geometry IndexedFaceSet {
        ccw TRUE
        solid FALSE
        coord DEF co Coordinate {
            point [
                -9.3622 -0.0038 -0.6793, -9.3622 -0.0038 -0.7123, -9.3622 0.0373 -0.694, -9.3622 0.0373 -0.6974, -9.3622 0.0407 -0.695, -9.3622 0.0407 -0.6966, -9.3622 0.0442 -0.6956, -9.3622 0.0442 -0.6959, -9.3622 0.0454 -0.579, -9.3622 -0.0314 -0.579, -9.3622 0.0454 -0.5935, -9.3622 -0.0314 -0.593, -9.3622 -0.0304 -0.6034, -9.3622 0.008 -0.6318, -9.3622 0.0177 -0.631, -9.3622 0.0255 -0.6287, -9.3622 0.0442 -0.6052, -9.3622 -0.0279 -0.6116, -9.3622 -0.0239 -0.6184, -9.3622 -0.0184 -0.6239, -9.3622 -0.0116 -0.628, -9.3622 -0.0024 -0.6309, -9.3622 0.0316 -0.6253, -9.3622 0.0367 -0.6205, -9.3622 0.0413 -0.6133, 9.6378 0.0466 -0.4515, 9.6378 0.0455 -0.4418, 9.6378 -0.0273 -0.4728, 9.6378 0.0574 -0.4514, 9.6378 0.0566 -0.4632, 9.6378 0.0562 -0.4938, 9.6378 -0.0338 -0.4179, 9.6378 -0.026 -0.4105, 9.6378 -0.0422 -0.393, 9.6378 -0.0428 -0.4417, 9.6378 -0.0422 -0.3425, 9.6378 0.0451 -0.4635, 9.6378 -0.0263 -0.4746, 9.6378 0.0403 -0.4746, 9.6378 0.0022 -0.5418, 9.6378 -0.0428 -0.5562, 9.6378 0.013 -0.5418, 9.6378 0.0454 -0.5442, 9.6378 0.013 -0.507, 9.6378 0.0454 -0.507, 9.6378 0.1378 0.1969, 9.6378 0.0562 -0.3425, 9.6378 0.0562 -0.3557, 9.6378 0.0303 -0.4066, 9.6378 0.0395 -0.4123, 9.6378 0.048 -0.4212, 9.6378 0.0534 -0.4306, 9.6378 -0.0314 -0.393, 9.6378 -0.0167 -0.4053, 9.6378 -0.0314 -0.3557, 9.6378 0.0562 -0.5442, 9.6378 0.1378 -0.5562, 9.6378 0.0566 -0.4415, 9.6378 0.0535 -0.4746, 9.6378 -0.0422 -0.4938, 9.6378 -0.0371 -0.4746, 9.6378 -0.0422 -0.4354, 9.6378 -0.0389 -0.4258, 9.6378 0.0429 -0.4345, 9.6378 0.0383 -0.4277, 9.6378 0.0317 -0.4217, 9.6378 0.0059 -0.4146, 9.6378 -0.0047 -0.4156, 9.6378 -0.0132 -0.4182, 9.6378 -0.0316 -0.4401, 9.6378 -0.0326 -0.4493, 9.6378 -0.0289 -0.433, 9.6378 -0.0249 -0.4269, 9.6378 -0.02 -0.4223, 9.6378 -0.0312 -0.4624, 9.6378 -0.0063 -0.4023, 9.6378 0.0051 -0.4014, 9.6378 0.0191 -0.4028, 9.6378 0.0241 -0.4177, 9.6378 0.0136 -0.415, 9.6378 0.0022 -0.507, 9.6378 -0.0314 -0.507, 9.6378 -0.0314 -0.5466, 9.6378 -0.0422 -0.5466, 9.6378 -0.0428 -0.4541, 9.6378 -0.0434 -0.4502, 9.6378 -0.1378 -0.5562, 9.6378 -0.0434 -0.4475, 9.6378 -0.0428 0.1969, 9.6378 -0.1378 0.1969, 9.6378 0.0562 -0.6894, 9.6378 0.0562 -0.7026, 9.6378 -0.0422 -0.5926, 9.6378 -0.0422 -0.5658, 9.6378 0.0562 -0.5658, 9.6378 -0.0422 -0.7266, 9.6378 -0.0422 -0.741, 9.6378 -0.0428 -1.0236, 9.6378 0.1378 -1.0236, 9.6378 0.0562 -0.5936, 9.6378 0.0547 -0.6078, 9.6378 0.0506 -0.6193, 9.6378 0.0435 -0.63, 9.6378 -0.0422 -0.6522, 9.6378 -0.0152 -0.6401, 9.6378 -0.024 -0.6345, 9.6378 0.0434 -0.6301, 9.6378 0.0357 -0.6371, 9.6378 0.0272 -0.6417, 9.6378 -0.0318 -0.6264, 9.6378 -0.0378 -0.6161, 9.6378 -0.0412 -0.6047, 9.6378 -0.0422 -0.6666, 9.6378 -0.0146 -0.676, 9.6378 -0.0146 -0.7167, 9.6378 0.0175 -0.6443, 9.6378 0.0082 -0.645, 9.6378 -0.0049 -0.6436, 9.6378 -0.0414 -0.4641, 9.6378 -0.1378 -1.0236
            ]
        }
        coordIndex [
            0,1,2,-1,2,1,3,-1,2,3,4,-1,4,3,5,-1,4,5,6,-1,6,5,7,-1,8,9,10,-1,10,9,11,-1,10,11,12,-1,13,14,10,-1,10,14,15,-1,10,15,16,-1,12,17,10,-1,10,17,18,-1,10,18,19,-1,19,20,10,-1,10,20,21,-1,10,21,13,-1,22,23,15,-1,15,23,24,-1,15,24,16,-1,25,26,27,-1,28,29,30,-1,31,32,33,-1,34,33,35,-1,25,27,36,-1,36,27,37,-1,36,37,38,-1,39,40,41,-1,41,40,42,-1,41,42,43,-1,43,42,44,-1,45,46,47,-1,48,49,47,-1,47,49,50,-1,47,50,51,-1,33,32,52,-1,52,32,53,-1,52,53,54,-1,55,56,30,-1,30,56,45,-1,30,45,28,-1,28,45,47,-1,28,47,57,-1,57,47,51,-1,29,58,30,-1,30,58,38,-1,30,38,59,-1,59,38,37,-1,59,37,60,-1,34,61,33,-1,33,61,62,-1,33,62,31,-1,26,63,27,-1,27,63,64,-1,27,64,65,-1,66,67,27,-1,27,67,68,-1,69,70,71,-1,71,70,72,-1,68,73,27,-1,27,73,72,-1,27,72,74,-1,74,72,70,-1,53,75,54,-1,54,75,76,-1,54,76,47,-1,47,76,77,-1,47,77,48,-1,65,78,27,-1,27,78,79,-1,27,79,66,-1,80,81,39,-1,39,81,82,-1,39,82,40,-1,40,82,83,-1,40,83,59,-1,84,85,86,-1,86,85,87,-1,86,87,34,-1,46,45,35,-1,35,45,88,-1,35,88,34,-1,34,88,89,-1,34,89,86,-1,56,90,91,-1,92,93,40,-1,55,42,56,-1,56,42,40,-1,56,40,94,-1,94,40,93,-1,95,40,96,-1,96,40,97,-1,96,97,91,-1,91,97,98,-1,91,98,56,-1,94,99,56,-1,56,99,100,-1,56,100,90,-1,90,100,101,-1,90,101,102,-1,103,104,105,-1,102,106,90,-1,90,106,107,-1,90,107,108,-1,105,109,103,-1,103,109,110,-1,103,110,111,-1,111,92,103,-1,103,92,40,-1,103,40,112,-1,112,40,95,-1,112,95,113,-1,113,95,114,-1,108,115,90,-1,90,115,116,-1,90,116,103,-1,103,116,117,-1,103,117,104,-1,60,118,59,-1,59,118,84,-1,59,84,40,-1,40,84,86,-1,40,86,97,-1,97,86,119,-1,
        ]
    }
}
Shape{
    appearance Appearance {
        material  Material {
            diffuseColor 0.17647058823529413 0.17647058823529413 0.17647058823529413
            specularColor 0.050980392156862744 0.050980392156862744 0.050980392156862744
            ambientIntensity 0.251
            transparency 0.0
            shininess 0.5
        }
    }
    geometry IndexedFaceSet {
        ccw TRUE
        solid FALSE
        coord DEF co Coordinate {
            point [
                9.3622 -0.1378 0.1969, 9.6378 -0.1378 0.1969, 10.0 -0.2638 0.1969, 9.6378 -0.0428 0.1969, 10.0 0.2638 0.1969, 9.6378 0.1378 0.1969, 9.0 0.2638 0.1969, 9.3622 0.1378 0.1969, 9.0 -0.2638 0.1969, 9.1181 -0.5 0.0118, 9.1181 -0.5 0.9843, 9.0 -0.3819 0.0118, 9.0 -0.3819 0.9843, 9.8819 -0.5 0.0118, 9.8819 -0.5 0.9843, 10.0 -0.3819 0.0118, 10.0 -0.3819 0.9843, 10.0 -0.2638 0.0118, 10.0 0.2638 0.0118, 10.0 0.3819 0.0118, 10.0 0.3819 0.9843, 9.8819 0.5 0.0118, 9.8819 0.5 0.9843, 9.1181 0.5 0.0118, 9.1181 0.5 0.9843, 9.0 0.3819 0.0118, 9.0 0.3819 0.9843, 9.0 0.2638 0.0118, 9.0 -0.2638 0.0118, 9.6378 -0.1378 0.9843, 9.3622 -0.1378 0.9843, 9.3622 0.1378 0.9843, 9.6378 0.1378 0.9843
            ]
        }
        coordIndex [
            0,1,2,-1,2,1,3,-1,2,3,4,-1,4,3,5,-1,4,5,6,-1,6,5,7,-1,6,7,8,-1,8,7,0,-1,8,0,2,-1,9,10,11,-1,11,10,12,-1,13,14,9,-1,9,14,10,-1,15,16,13,-1,13,16,14,-1,15,17,2,-1,18,19,4,-1,4,19,20,-1,4,20,2,-1,2,20,16,-1,2,16,15,-1,21,22,19,-1,19,22,20,-1,23,24,21,-1,21,24,22,-1,25,26,23,-1,23,26,24,-1,25,27,6,-1,28,11,8,-1,8,11,12,-1,8,12,6,-1,6,12,26,-1,6,26,25,-1,26,12,10,-1,22,24,26,-1,14,29,10,-1,10,29,30,-1,10,30,26,-1,26,30,31,-1,26,31,22,-1,22,31,20,-1,14,16,29,-1,29,16,20,-1,29,20,32,-1,32,20,31,-1,6,27,4,-1,4,27,18,-1,27,25,23,-1,23,21,27,-1,27,21,19,-1,27,19,18,-1,2,17,8,-1,8,17,28,-1,11,28,9,-1,9,28,17,-1,9,17,13,-1,13,17,15,-1,
        ]
    }
}
Shape{
    appearance Appearance {
        material  Material {
            diffuseColor 0.9490196078431372 0.7607843137254902 0.1803921568627451
            specularColor 0.7607843137254902 0.6078431372549019 0.1450980392156863
            ambientIntensity 0.7509
            transparency 0.0
            shininess 0.5
        }
    }
    geometry IndexedFaceSet {
        ccw TRUE
        solid FALSE
        coord DEF co Coordinate {
            point [
                9.5984 -0.0984 3.3465, 9.5984 0.0984 3.3465, 9.4016 -0.0984 3.3465, 9.4016 0.0984 3.3465, 9.6378 0.1378 3.189, 9.6378 0.1378 0.9843, 9.3622 0.1378 3.189, 9.3622 0.1378 0.9843, 9.3622 -0.1378 3.189, 9.3622 -0.1378 0.9843, 9.6378 -0.1378 3.189, 9.6378 -0.1378 0.9843, 9.6378 -0.1378 0.1969, 9.3622 -0.1378 0.1969, 9.6378 -0.1378 -0.5562, 9.3622 -0.1378 -1.0236, 9.6378 -0.1378 -1.0236, 9.3622 0.1378 -1.0236, 9.3622 0.1378 0.1969, 9.6378 0.1378 0.1969, 9.6378 0.1378 -0.5562, 9.6378 0.1378 -1.0236, 9.5984 0.0984 -1.1811, 9.5984 -0.0984 -1.1811, 9.4016 0.0984 -1.1811, 9.4016 -0.0984 -1.1811, 9.6378 -0.0428 -1.0236
            ]
        }
        coordIndex [
            0,1,2,-1,2,1,3,-1,4,5,6,-1,6,5,7,-1,6,7,8,-1,8,7,9,-1,8,9,10,-1,10,9,11,-1,10,11,4,-1,4,11,5,-1,12,13,14,-1,14,13,15,-1,14,15,16,-1,15,13,17,-1,17,13,18,-1,18,19,17,-1,17,19,20,-1,17,20,21,-1,22,23,24,-1,24,23,25,-1,23,16,25,-1,25,16,15,-1,16,23,26,-1,26,23,22,-1,26,22,21,-1,17,24,15,-1,15,24,25,-1,24,17,22,-1,22,17,21,-1,6,3,4,-1,4,3,1,-1,8,2,6,-1,6,2,3,-1,0,10,1,-1,1,10,4,-1,10,0,8,-1,8,0,2,-1,
        ]
    }
}
Shape{
    appearance Appearance {
        material  Material {
            diffuseColor 0.0 0.0 0.0
            specularColor 0.0 0.0 0.0
            ambientIntensity 0.0
            transparency 0.0
            shininess 0.5
        }
    }
    geometry IndexedFaceSet {
        ccw TRUE
        solid FALSE
        coord DEF co Coordinate {
            point [
                9.6339 0.0562 -0.7026, 9.6339 -0.0422 -0.741, 9.6378 0.0562 -0.7026, 9.6378 -0.0422 -0.741, 9.6339 -0.0422 -0.7266, 9.6378 -0.0422 -0.7266, 9.6339 -0.0146 -0.7167, 9.6378 -0.0146 -0.7167, 9.6339 -0.0146 -0.676, 9.6378 -0.0146 -0.676, 9.6339 -0.0422 -0.6666, 9.6378 -0.0422 -0.6666, 9.6339 -0.0422 -0.6522, 9.6378 -0.0422 -0.6522, 9.6339 0.0562 -0.6894, 9.6378 0.0562 -0.6894, 9.6339 -0.0038 -0.6793, 9.6339 -0.0038 -0.7123, 9.6339 0.0373 -0.694, 9.6339 0.0407 -0.695, 9.6339 0.0442 -0.6956, 9.6339 0.0442 -0.6959, 9.6339 0.0407 -0.6966, 9.6339 0.0373 -0.6974, 9.6378 -0.0038 -0.6793, 9.6378 -0.0038 -0.7123, 9.6378 0.0373 -0.694, 9.6378 0.0407 -0.695, 9.6378 0.0442 -0.6956, 9.6378 0.0442 -0.6959, 9.6378 0.0407 -0.6966, 9.6378 0.0373 -0.6974, 9.6339 -0.0422 -0.5926, 9.6339 -0.0422 -0.5658, 9.6378 -0.0422 -0.5926, 9.6378 -0.0422 -0.5658, 9.6339 0.0562 -0.5658, 9.6378 0.0562 -0.5658, 9.6339 0.0562 -0.5936, 9.6378 0.0562 -0.5936, 9.6339 0.0082 -0.645, 9.6378 0.0082 -0.645, 9.6378 0.0175 -0.6443, 9.6339 0.0175 -0.6443, 9.6378 0.0272 -0.6417, 9.6339 0.0272 -0.6417, 9.6378 0.0357 -0.6371, 9.6339 0.0357 -0.6371, 9.6378 0.0434 -0.6301, 9.6339 0.0434 -0.6301, 9.6378 0.0435 -0.63, 9.6339 0.0435 -0.63, 9.6378 0.0506 -0.6193, 9.6339 0.0506 -0.6193, 9.6378 0.0547 -0.6078, 9.6339 0.0547 -0.6078, 9.6378 -0.0412 -0.6047, 9.6339 -0.0412 -0.6047, 9.6378 -0.0378 -0.6161, 9.6339 -0.0378 -0.6161, 9.6378 -0.0318 -0.6264, 9.6339 -0.0318 -0.6264, 9.6378 -0.024 -0.6345, 9.6339 -0.024 -0.6345, 9.6378 -0.0152 -0.6401, 9.6339 -0.0152 -0.6401, 9.6378 -0.0049 -0.6436, 9.6339 -0.0049 -0.6436, 9.6339 0.0316 -0.6253, 9.6339 0.0367 -0.6205, 9.6339 0.0413 -0.6133, 9.6339 0.0442 -0.6052, 9.6339 0.0454 -0.5935, 9.6339 0.0454 -0.579, 9.6339 -0.0314 -0.579, 9.6339 -0.0314 -0.593, 9.6339 -0.0304 -0.6034, 9.6339 -0.0279 -0.6116, 9.6339 -0.0239 -0.6184, 9.6339 -0.0184 -0.6239, 9.6339 -0.0116 -0.628, 9.6339 -0.0024 -0.6309, 9.6339 0.008 -0.6318, 9.6339 0.0177 -0.631, 9.6339 0.0255 -0.6287, 9.6378 0.0454 -0.5935, 9.6378 0.0454 -0.579, 9.6378 0.0442 -0.6052, 9.6378 0.0413 -0.6133, 9.6378 0.0367 -0.6205, 9.6378 0.0316 -0.6253, 9.6378 0.0255 -0.6287, 9.6378 0.0177 -0.631, 9.6378 0.008 -0.6318, 9.6378 -0.0024 -0.6309, 9.6378 -0.0116 -0.628, 9.6378 -0.0184 -0.6239, 9.6378 -0.0239 -0.6184, 9.6378 -0.0279 -0.6116, 9.6378 -0.0304 -0.6034, 9.6378 -0.0314 -0.593, 9.6378 -0.0314 -0.579, 9.6339 -0.0314 -0.5466, 9.6339 -0.0422 -0.5466, 9.6378 -0.0314 -0.5466, 9.6378 -0.0422 -0.5466, 9.6339 -0.0422 -0.4938, 9.6378 -0.0422 -0.4938, 9.6339 0.0562 -0.4938, 9.6378 0.0562 -0.4938, 9.6339 0.0562 -0.5442, 9.6378 0.0562 -0.5442, 9.6339 0.0454 -0.5442, 9.6378 0.0454 -0.5442, 9.6339 0.0454 -0.507, 9.6378 0.0454 -0.507, 9.6339 0.013 -0.507, 9.6378 0.013 -0.507, 9.6339 0.013 -0.5418, 9.6378 0.013 -0.5418, 9.6339 0.0022 -0.5418, 9.6378 0.0022 -0.5418, 9.6339 0.0022 -0.507, 9.6378 0.0022 -0.507, 9.6339 -0.0314 -0.507, 9.6378 -0.0314 -0.507, 9.6339 -0.0263 -0.4746, 9.6339 -0.0371 -0.4746, 9.6378 -0.0263 -0.4746, 9.6378 -0.0371 -0.4746, 9.6339 -0.0414 -0.4641, 9.6339 -0.0434 -0.4475, 9.6378 -0.0434 -0.4475, 9.6378 -0.0434 -0.4502, 9.6339 -0.0434 -0.4502, 9.6378 -0.0428 -0.4541, 9.6378 -0.0414 -0.4641, 9.6339 0.0051 -0.4014, 9.6378 0.0051 -0.4014, 9.6378 -0.0063 -0.4023, 9.6339 -0.0063 -0.4023, 9.6378 -0.0167 -0.4053, 9.6339 -0.0167 -0.4053, 9.6378 -0.026 -0.4105, 9.6339 -0.026 -0.4105, 9.6378 -0.0338 -0.4179, 9.6339 -0.0338 -0.4179, 9.6378 -0.0389 -0.4258, 9.6339 -0.0389 -0.4258, 9.6378 -0.0422 -0.4354, 9.6339 -0.0422 -0.4354, 9.6378 -0.0428 -0.4417, 9.6339 0.0574 -0.4514, 9.6378 0.0574 -0.4514, 9.6378 0.0566 -0.4415, 9.6339 0.0566 -0.4415, 9.6378 0.0534 -0.4306, 9.6339 0.0534 -0.4306, 9.6378 0.048 -0.4212, 9.6339 0.048 -0.4212, 9.6378 0.0395 -0.4123, 9.6339 0.0395 -0.4123, 9.6378 0.0303 -0.4066, 9.6339 0.0303 -0.4066, 9.6378 0.0191 -0.4028, 9.6339 0.0191 -0.4028, 9.6339 0.0535 -0.4746, 9.6378 0.0535 -0.4746, 9.6378 0.0566 -0.4632, 9.6339 0.0566 -0.4632, 9.6339 0.0403 -0.4746, 9.6378 0.0403 -0.4746, 9.6339 0.0466 -0.4515, 9.6378 0.0466 -0.4515, 9.6378 0.0451 -0.4635, 9.6339 0.0451 -0.4635, 9.6339 0.0059 -0.4146, 9.6378 0.0059 -0.4146, 9.6378 0.0136 -0.415, 9.6339 0.0136 -0.415, 9.6378 0.0241 -0.4177, 9.6339 0.0241 -0.4177, 9.6378 0.0317 -0.4217, 9.6339 0.0317 -0.4217, 9.6378 0.0383 -0.4277, 9.6339 0.0383 -0.4277, 9.6378 0.0429 -0.4345, 9.6339 0.0429 -0.4345, 9.6378 0.0455 -0.4418, 9.6339 0.0455 -0.4418, 9.6339 -0.0326 -0.4493, 9.6378 -0.0326 -0.4493, 9.6378 -0.0316 -0.4401, 9.6339 -0.0316 -0.4401, 9.6378 -0.0289 -0.433, 9.6339 -0.0289 -0.433, 9.6378 -0.0249 -0.4269, 9.6339 -0.0249 -0.4269, 9.6378 -0.02 -0.4223, 9.6339 -0.02 -0.4223, 9.6378 -0.0132 -0.4182, 9.6339 -0.0132 -0.4182, 9.6378 -0.0047 -0.4156, 9.6339 -0.0047 -0.4156, 9.6378 -0.0273 -0.4728, 9.6339 -0.0273 -0.4728, 9.6378 -0.0312 -0.4624, 9.6339 -0.0312 -0.4624, 9.6339 -0.0314 -0.393, 9.6339 -0.0422 -0.393, 9.6378 -0.0314 -0.393, 9.6378 -0.0422 -0.393, 9.6339 -0.0422 -0.3425, 9.6378 -0.0422 -0.3425, 9.6339 0.0562 -0.3425, 9.6378 0.0562 -0.3425, 9.6339 0.0562 -0.3557, 9.6378 0.0562 -0.3557, 9.6339 -0.0314 -0.3557, 9.6378 -0.0314 -0.3557
            ]
        }
        coordIndex [
            0,1,2,-1,2,1,3,-1,1,4,3,-1,3,4,5,-1,4,6,5,-1,5,6,7,-1,6,8,7,-1,7,8,9,-1,8,10,9,-1,9,10,11,-1,10,12,11,-1,11,12,13,-1,12,14,13,-1,13,14,15,-1,14,0,15,-1,15,0,2,-1,16,8,17,-1,17,8,6,-1,18,14,16,-1,16,14,12,-1,16,12,8,-1,8,12,10,-1,18,19,14,-1,14,19,20,-1,14,20,0,-1,0,20,21,-1,0,21,22,-1,22,23,0,-1,0,23,17,-1,0,17,1,-1,1,17,6,-1,1,6,4,-1,16,17,24,-1,24,17,25,-1,18,16,26,-1,26,16,24,-1,18,26,27,-1,18,27,19,-1,19,27,28,-1,19,28,20,-1,21,20,29,-1,29,20,28,-1,21,29,30,-1,21,30,22,-1,22,30,31,-1,22,31,23,-1,17,23,25,-1,25,23,31,-1,32,33,34,-1,34,33,35,-1,33,36,35,-1,35,36,37,-1,36,38,37,-1,37,38,39,-1,40,41,42,-1,40,42,43,-1,43,42,44,-1,43,44,45,-1,45,44,46,-1,45,46,47,-1,47,46,48,-1,47,48,49,-1,49,48,50,-1,49,50,51,-1,51,50,52,-1,51,52,53,-1,53,52,54,-1,53,54,55,-1,55,54,39,-1,55,39,38,-1,32,34,56,-1,32,56,57,-1,57,56,58,-1,57,58,59,-1,59,58,60,-1,59,60,61,-1,61,60,62,-1,61,62,63,-1,63,62,64,-1,63,64,65,-1,65,64,66,-1,65,66,67,-1,67,66,41,-1,67,41,40,-1,45,47,68,-1,68,47,49,-1,68,49,69,-1,69,49,51,-1,69,51,70,-1,70,51,53,-1,70,53,71,-1,71,53,55,-1,71,55,72,-1,72,55,38,-1,72,38,73,-1,73,38,36,-1,73,36,74,-1,74,36,33,-1,74,33,75,-1,75,33,32,-1,75,32,76,-1,76,32,57,-1,76,57,77,-1,77,57,59,-1,77,59,78,-1,78,59,61,-1,78,61,79,-1,79,61,63,-1,79,63,80,-1,80,63,65,-1,80,65,81,-1,81,65,67,-1,81,67,82,-1,82,67,40,-1,82,40,83,-1,83,40,43,-1,83,43,84,-1,84,43,45,-1,84,45,68,-1,72,73,85,-1,85,73,86,-1,72,85,87,-1,72,87,71,-1,71,87,88,-1,71,88,70,-1,70,88,89,-1,70,89,69,-1,69,89,90,-1,69,90,68,-1,68,90,91,-1,68,91,84,-1,84,91,92,-1,84,92,83,-1,83,92,93,-1,83,93,82,-1,82,93,94,-1,82,94,81,-1,81,94,95,-1,81,95,80,-1,80,95,96,-1,80,96,79,-1,79,96,97,-1,79,97,78,-1,78,97,98,-1,78,98,77,-1,77,98,99,-1,77,99,76,-1,76,99,100,-1,76,100,75,-1,74,75,101,-1,101,75,100,-1,73,74,86,-1,86,74,101,-1,102,103,104,-1,104,103,105,-1,103,106,105,-1,105,106,107,-1,106,108,107,-1,107,108,109,-1,108,110,109,-1,109,110,111,-1,110,112,111,-1,111,112,113,-1,112,114,113,-1,113,114,115,-1,114,116,115,-1,115,116,117,-1,116,118,117,-1,117,118,119,-1,118,120,119,-1,119,120,121,-1,120,122,121,-1,121,122,123,-1,122,124,123,-1,123,124,125,-1,124,102,125,-1,125,102,104,-1,106,103,102,-1,102,124,106,-1,106,124,122,-1,106,122,108,-1,112,110,114,-1,114,110,108,-1,114,108,116,-1,116,108,122,-1,116,122,118,-1,118,122,120,-1,126,127,128,-1,128,127,129,-1,129,127,130,-1,131,132,133,-1,131,133,134,-1,134,133,135,-1,134,135,130,-1,130,135,136,-1,130,136,129,-1,137,138,139,-1,137,139,140,-1,140,139,141,-1,140,141,142,-1,142,141,143,-1,142,143,144,-1,144,143,145,-1,144,145,146,-1,146,145,147,-1,146,147,148,-1,148,147,149,-1,148,149,150,-1,150,149,131,-1,131,149,151,-1,131,151,132,-1,152,153,154,-1,152,154,155,-1,155,154,156,-1,155,156,157,-1,157,156,158,-1,157,158,159,-1,159,158,160,-1,159,160,161,-1,161,160,162,-1,161,162,163,-1,163,162,164,-1,163,164,165,-1,165,164,138,-1,165,138,137,-1,166,167,168,-1,166,168,169,-1,169,168,153,-1,169,153,152,-1,166,170,167,-1,167,170,171,-1,172,173,174,-1,172,174,175,-1,175,174,171,-1,175,171,170,-1,176,177,178,-1,176,178,179,-1,179,178,180,-1,179,180,181,-1,181,180,182,-1,181,182,183,-1,183,182,184,-1,183,184,185,-1,185,184,186,-1,185,186,187,-1,187,186,188,-1,187,188,189,-1,189,188,173,-1,189,173,172,-1,190,191,192,-1,190,192,193,-1,193,192,194,-1,193,194,195,-1,195,194,196,-1,195,196,197,-1,197,196,198,-1,197,198,199,-1,199,198,200,-1,199,200,201,-1,201,200,202,-1,201,202,203,-1,203,202,177,-1,203,177,176,-1,126,128,204,-1,126,204,205,-1,205,204,206,-1,205,206,207,-1,207,206,191,-1,207,191,190,-1,193,131,190,-1,190,131,134,-1,190,134,207,-1,207,134,130,-1,207,130,205,-1,205,130,127,-1,205,127,126,-1,170,166,175,-1,175,166,169,-1,175,169,172,-1,172,169,152,-1,172,152,189,-1,189,152,155,-1,189,155,187,-1,187,155,157,-1,187,157,185,-1,185,157,159,-1,185,159,183,-1,183,159,161,-1,183,161,181,-1,181,161,163,-1,181,163,179,-1,179,163,165,-1,179,165,176,-1,176,165,137,-1,176,137,203,-1,203,137,140,-1,203,140,201,-1,201,140,142,-1,201,142,199,-1,199,142,144,-1,199,144,197,-1,197,144,146,-1,197,146,195,-1,195,146,148,-1,195,148,193,-1,193,148,150,-1,193,150,131,-1,208,209,210,-1,210,209,211,-1,209,212,211,-1,211,212,213,-1,212,214,213,-1,213,214,215,-1,214,216,215,-1,215,216,217,-1,216,218,217,-1,217,218,219,-1,218,208,219,-1,219,208,210,-1,216,214,218,-1,218,214,212,-1,218,212,208,-1,208,212,209,-1,
        ]
    }
}
Shape{
    appearance Appearance {
        material  Material {
            diffuseColor 0.9490196078431372 0.7607843137254902 0.1803921568627451
            specularColor 0.7607843137254902 0.6078431372549019 0.1450980392156863
            ambientIntensity 0.7509
            transparency 0.0
            shininess 0.5
        }
    }
    geometry IndexedFaceSet {
        ccw TRUE
        solid FALSE
        coord DEF co Coordinate {
            point [
                9.6378 -0.0038 -0.6793, 9.6378 -0.0038 -0.7123, 9.6378 0.0373 -0.694, 9.6378 0.0373 -0.6974, 9.6378 0.0407 -0.695, 9.6378 0.0407 -0.6966, 9.6378 0.0442 -0.6956, 9.6378 0.0442 -0.6959, 9.6378 0.0454 -0.579, 9.6378 -0.0314 -0.579, 9.6378 0.0454 -0.5935, 9.6378 -0.0314 -0.593, 9.6378 -0.0304 -0.6034, 9.6378 0.008 -0.6318, 9.6378 0.0177 -0.631, 9.6378 0.0255 -0.6287, 9.6378 0.0442 -0.6052, 9.6378 -0.0279 -0.6116, 9.6378 -0.0239 -0.6184, 9.6378 -0.0184 -0.6239, 9.6378 -0.0116 -0.628, 9.6378 -0.0024 -0.6309, 9.6378 0.0316 -0.6253, 9.6378 0.0367 -0.6205, 9.6378 0.0413 -0.6133
            ]
        }
        coordIndex [
            0,1,2,-1,2,1,3,-1,2,3,4,-1,4,3,5,-1,4,5,6,-1,6,5,7,-1,8,9,10,-1,10,9,11,-1,10,11,12,-1,13,14,10,-1,10,14,15,-1,10,15,16,-1,12,17,10,-1,10,17,18,-1,10,18,19,-1,19,20,10,-1,10,20,21,-1,10,21,13,-1,22,23,15,-1,15,23,24,-1,15,24,16,-1,
        ]
    }
}